Compartment,Stimulant,CD,CD103,CD69,IFNy,TNFa,PID,HIV_status,Absolute Value,Relative Value
BAL,PMA/Iono,4,+,+,+,+,DEI 103,HIV-,1.02,0.0705
BAL,PMA/Iono,4,+,+,+,+,DEI 104,HIV-,42.68,0.4748
BAL,PMA/Iono,4,+,+,+,+,DEI 107,HIV-,7.4,0.0927
BAL,PMA/Iono,4,+,+,+,+,DEI 108,HIV-,3.984,0.1409
BAL,PMA/Iono,4,+,+,+,+,DEI 109,HIV-,9.55,0.1662
BAL,PMA/Iono,4,+,+,+,+,DEI 10A,HIV-,1.5,0.2446
BAL,PMA/Iono,4,+,+,+,+,DEI 10E,HIV-,5.89,0.3268
BAL,PMA/Iono,4,+,+,+,+,DEI 10F,HIV-,17.52,0.244
BAL,PMA/Iono,4,+,+,+,+,DEI 10G,HIV-,3.81,0.0958
BAL,PMA/Iono,4,+,+,+,+,DEI 10H,HIV-,10.71,0.1729
BAL,PMA/Iono,4,+,+,+,+,DEI 10I,HIV-,18.32,0.2365
BAL,PMA/Iono,4,+,+,+,+,DEI 10J,HIV+ART>1Yr,3.8,0.0595
BAL,PMA/Iono,4,+,+,+,+,DEI 10K,HIV+ART>1Yr,6.291,0.0834
BAL,PMA/Iono,4,+,+,+,+,DEI 10L,HIV-,6.48,0.1056
BAL,PMA/Iono,4,+,+,+,+,DEI 10M,HIV-,6.39,0.1332
BAL,PMA/Iono,4,+,+,+,+,DEI 10N,HIV+ART>1Yr,3.741,0.0665
BAL,PMA/Iono,4,+,+,+,+,DEI 10P,HIV+ART>1Yr,18.74,0.2227
BAL,PMA/Iono,4,+,+,+,+,DEI 10Q,HIV-,2.94,0.0487
BAL,PMA/Iono,4,+,+,+,+,DEI 10R,HIV+ART>1Yr,1.85,0.0507
BAL,PMA/Iono,4,+,+,+,+,DEI 10S,HIV-,0.82,0.1007
BAL,PMA/Iono,4,+,+,+,+,DEI 10T,HIV-,24.193,0.4183
BAL,PMA/Iono,4,+,+,+,+,DEI 10U,HIV-,2.93,0.0742
BAL,PMA/Iono,4,+,+,+,+,DEI 10V,HIV-,2.95,0.0899
BAL,PMA/Iono,4,+,+,+,+,DEI 10W,HIV-,9.91,0.1332
BAL,PMA/Iono,4,+,+,+,+,DEI 10X,HIV-,1,0.2174
BAL,PMA/Iono,4,+,+,+,+,DEI 10Y,HIV-,5.98,0.1267
BAL,PMA/Iono,4,+,+,+,+,DEI 10Z,HIV+ART>1Yr,13.9,0.3307
BAL,PMA/Iono,4,+,+,+,+,DEI 110,HIV-,7.62,0.1319
BAL,PMA/Iono,4,+,+,+,+,DEI 111,HIV+ART>1Yr,0.001,0.0012
BAL,PMA/Iono,4,+,+,+,+,DEI 112,HIV+ART>1Yr,7.13,0.101
BAL,PMA/Iono,4,+,+,+,+,DEI 113,HIV-,6.31,0.2564
BAL,PMA/Iono,4,+,+,+,+,DEI 114,HIV+ART>1Yr,12.86,0.1985
BAL,PMA/Iono,4,+,+,+,+,DEI 115,HIV+ART>1Yr,10.52,0.1823
BAL,PMA/Iono,4,+,+,+,+,DEI 116,HIV+ART>1Yr,0.001,0.0001
BAL,PMA/Iono,4,+,+,+,+,DEI 118,HIV+ART>1Yr,23.36,0.3347
BAL,PMA/Iono,4,+,+,+,+,DEI 119,HIV+ART>1Yr,0.001,0.0002
BAL,PMA/Iono,4,+,+,+,+,DEI 11A,HIV+ART>1Yr,3.35,0.2377
BAL,PMA/Iono,4,+,+,+,+,DEI 11B,HIV-,9.13,0.2485
BAL,PMA/Iono,4,+,+,+,+,DEI 11C,HIV+ART>1Yr,0.46,0.0622
BAL,PMA/Iono,4,+,+,+,+,DEI 11D,HIV+ART>1Yr,5.88,0.2589
BAL,PMA/Iono,4,+,+,+,+,DEI 11G,HIV+ART>1Yr,24.38,0.3125
BAL,PMA/Iono,4,+,+,+,+,DEI 11I,HIV+ART>1Yr,20.9,0.2758
BAL,PMA/Iono,4,+,+,+,+,DEI 11K,HIV-,16.54,0.1835
BAL,PMA/Iono,4,+,+,+,+,DEI 11M,HIV+ART>1Yr,2.31,0.0669
BAL,PMA/Iono,4,+,+,+,+,DEI 11N,HIV-,5,0.0874
BAL,PMA/Iono,4,+,+,+,+,DEI 11P,HIV+ART>1Yr,14.94,0.1971
BAL,PMA/Iono,4,+,+,+,+,DEI 11Q,HIV-,17.09,0.2466
BAL,PMA/Iono,4,+,+,+,+,DEI 11R,HIV+ART>1Yr,11.44,0.1577
BAL,PMA/Iono,4,+,+,+,+,DEI 11U,HIV-,10.5,0.1605
BAL,PMA/Iono,4,+,+,+,+,DEI 11V,HIV-,7.28,0.1025
BAL,PMA/Iono,4,+,+,+,+,DEI 11Y,HIV-,18.97,0.2254
BAL,PMA/Iono,4,+,+,+,+,DEI 11Z,HIV-,46.66,0.5172
BAL,PMA/Iono,4,+,+,+,+,DEI 13V,HIV-,6.74,0.1134
BAL,PMA/Iono,4,+,+,+,+,DEI 141,HIV-,3.18,0.048
BAL,PMA/Iono,4,+,+,+,+,DEI 143,HIV-,36.16,0.4304
BAL,PMA/Iono,4,+,+,+,-,DEI 103,HIV-,0.2,0.0138
BAL,PMA/Iono,4,+,+,+,-,DEI 104,HIV-,0.16,0.0018
BAL,PMA/Iono,4,+,+,+,-,DEI 107,HIV-,0.17,0.0021
BAL,PMA/Iono,4,+,+,+,-,DEI 108,HIV-,0.66,0.0233
BAL,PMA/Iono,4,+,+,+,-,DEI 109,HIV-,0.001,0
BAL,PMA/Iono,4,+,+,+,-,DEI 10A,HIV-,0.001,0.0002
BAL,PMA/Iono,4,+,+,+,-,DEI 10E,HIV-,0.16,0.0089
BAL,PMA/Iono,4,+,+,+,-,DEI 10F,HIV-,0.001,0
BAL,PMA/Iono,4,+,+,+,-,DEI 10G,HIV-,0.49,0.0123
BAL,PMA/Iono,4,+,+,+,-,DEI 10H,HIV-,0.45,0.0073
BAL,PMA/Iono,4,+,+,+,-,DEI 10I,HIV-,0.8,0.0103
BAL,PMA/Iono,4,+,+,+,-,DEI 10J,HIV+ART>1Yr,0.87,0.0136
BAL,PMA/Iono,4,+,+,+,-,DEI 10K,HIV+ART>1Yr,1.85,0.0245
BAL,PMA/Iono,4,+,+,+,-,DEI 10L,HIV-,0.18,0.0029
BAL,PMA/Iono,4,+,+,+,-,DEI 10M,HIV-,0.24,0.005
BAL,PMA/Iono,4,+,+,+,-,DEI 10N,HIV+ART>1Yr,0.79,0.0141
BAL,PMA/Iono,4,+,+,+,-,DEI 10P,HIV+ART>1Yr,1.47,0.0175
BAL,PMA/Iono,4,+,+,+,-,DEI 10Q,HIV-,0.2,0.0033
BAL,PMA/Iono,4,+,+,+,-,DEI 10R,HIV+ART>1Yr,0.46,0.0126
BAL,PMA/Iono,4,+,+,+,-,DEI 10S,HIV-,0.11,0.0135
BAL,PMA/Iono,4,+,+,+,-,DEI 10T,HIV-,1.09,0.0188
BAL,PMA/Iono,4,+,+,+,-,DEI 10U,HIV-,0.36,0.0091
BAL,PMA/Iono,4,+,+,+,-,DEI 10V,HIV-,0.001,0
BAL,PMA/Iono,4,+,+,+,-,DEI 10W,HIV-,0.06,0.0008
BAL,PMA/Iono,4,+,+,+,-,DEI 10X,HIV-,0.001,0.0002
BAL,PMA/Iono,4,+,+,+,-,DEI 10Y,HIV-,0.03,0.0006
BAL,PMA/Iono,4,+,+,+,-,DEI 10Z,HIV+ART>1Yr,0.09,0.0021
BAL,PMA/Iono,4,+,+,+,-,DEI 110,HIV-,1.01,0.0175
BAL,PMA/Iono,4,+,+,+,-,DEI 111,HIV+ART>1Yr,0.001,0.0012
BAL,PMA/Iono,4,+,+,+,-,DEI 112,HIV+ART>1Yr,0.01,0.0001
BAL,PMA/Iono,4,+,+,+,-,DEI 113,HIV-,0.18,0.0073
BAL,PMA/Iono,4,+,+,+,-,DEI 114,HIV+ART>1Yr,0.36,0.0056
BAL,PMA/Iono,4,+,+,+,-,DEI 115,HIV+ART>1Yr,0.21,0.0036
BAL,PMA/Iono,4,+,+,+,-,DEI 116,HIV+ART>1Yr,0.001,0.0001
BAL,PMA/Iono,4,+,+,+,-,DEI 118,HIV+ART>1Yr,0.47,0.0067
BAL,PMA/Iono,4,+,+,+,-,DEI 119,HIV+ART>1Yr,0.001,0.0002
BAL,PMA/Iono,4,+,+,+,-,DEI 11A,HIV+ART>1Yr,0.03,0.0021
BAL,PMA/Iono,4,+,+,+,-,DEI 11B,HIV-,0.74,0.0201
BAL,PMA/Iono,4,+,+,+,-,DEI 11C,HIV+ART>1Yr,0.15,0.0203
BAL,PMA/Iono,4,+,+,+,-,DEI 11D,HIV+ART>1Yr,0.53,0.0233
BAL,PMA/Iono,4,+,+,+,-,DEI 11G,HIV+ART>1Yr,0.13,0.0017
BAL,PMA/Iono,4,+,+,+,-,DEI 11I,HIV+ART>1Yr,0.34,0.0045
BAL,PMA/Iono,4,+,+,+,-,DEI 11K,HIV-,0.4,0.0044
BAL,PMA/Iono,4,+,+,+,-,DEI 11M,HIV+ART>1Yr,0.17,0.0049
BAL,PMA/Iono,4,+,+,+,-,DEI 11N,HIV-,0.001,0
BAL,PMA/Iono,4,+,+,+,-,DEI 11P,HIV+ART>1Yr,0.23,0.003
BAL,PMA/Iono,4,+,+,+,-,DEI 11Q,HIV-,0.8,0.0115
BAL,PMA/Iono,4,+,+,+,-,DEI 11R,HIV+ART>1Yr,1.09,0.015
BAL,PMA/Iono,4,+,+,+,-,DEI 11U,HIV-,0.001,0
BAL,PMA/Iono,4,+,+,+,-,DEI 11V,HIV-,1.39,0.0196
BAL,PMA/Iono,4,+,+,+,-,DEI 11Y,HIV-,0.001,0
BAL,PMA/Iono,4,+,+,+,-,DEI 11Z,HIV-,0.21,0.0023
BAL,PMA/Iono,4,+,+,+,-,DEI 13V,HIV-,0.23,0.0039
BAL,PMA/Iono,4,+,+,+,-,DEI 141,HIV-,0.31,0.0047
BAL,PMA/Iono,4,+,+,+,-,DEI 143,HIV-,0.001,0
BAL,PMA/Iono,4,+,+,-,+,DEI 103,HIV-,0.48,0.0332
BAL,PMA/Iono,4,+,+,-,+,DEI 104,HIV-,0.37,0.0041
BAL,PMA/Iono,4,+,+,-,+,DEI 107,HIV-,0.42,0.0053
BAL,PMA/Iono,4,+,+,-,+,DEI 108,HIV-,1.87,0.0661
BAL,PMA/Iono,4,+,+,-,+,DEI 109,HIV-,0.88,0.0153
BAL,PMA/Iono,4,+,+,-,+,DEI 10A,HIV-,0.99,0.1614
BAL,PMA/Iono,4,+,+,-,+,DEI 10E,HIV-,0.51,0.0283
BAL,PMA/Iono,4,+,+,-,+,DEI 10F,HIV-,2.08,0.029
BAL,PMA/Iono,4,+,+,-,+,DEI 10G,HIV-,1.93,0.0486
BAL,PMA/Iono,4,+,+,-,+,DEI 10H,HIV-,0.77,0.0124
BAL,PMA/Iono,4,+,+,-,+,DEI 10I,HIV-,0.11,0.0014
BAL,PMA/Iono,4,+,+,-,+,DEI 10J,HIV+ART>1Yr,1.34,0.021
BAL,PMA/Iono,4,+,+,-,+,DEI 10K,HIV+ART>1Yr,0.41,0.0054
BAL,PMA/Iono,4,+,+,-,+,DEI 10L,HIV-,3.07,0.05
BAL,PMA/Iono,4,+,+,-,+,DEI 10M,HIV-,1.79,0.0373
BAL,PMA/Iono,4,+,+,-,+,DEI 10N,HIV+ART>1Yr,0.59,0.0105
BAL,PMA/Iono,4,+,+,-,+,DEI 10P,HIV+ART>1Yr,1.35,0.016
BAL,PMA/Iono,4,+,+,-,+,DEI 10Q,HIV-,1.38,0.0228
BAL,PMA/Iono,4,+,+,-,+,DEI 10R,HIV+ART>1Yr,1.05,0.0288
BAL,PMA/Iono,4,+,+,-,+,DEI 10S,HIV-,0.001,0.0001
BAL,PMA/Iono,4,+,+,-,+,DEI 10T,HIV-,1.23,0.0213
BAL,PMA/Iono,4,+,+,-,+,DEI 10U,HIV-,0.64,0.0162
BAL,PMA/Iono,4,+,+,-,+,DEI 10V,HIV-,8.93,0.2721
BAL,PMA/Iono,4,+,+,-,+,DEI 10W,HIV-,4.83,0.0649
BAL,PMA/Iono,4,+,+,-,+,DEI 10X,HIV-,0.14,0.0304
BAL,PMA/Iono,4,+,+,-,+,DEI 10Y,HIV-,3.38,0.0716
BAL,PMA/Iono,4,+,+,-,+,DEI 10Z,HIV+ART>1Yr,0.64,0.0152
BAL,PMA/Iono,4,+,+,-,+,DEI 110,HIV-,2.02,0.035
BAL,PMA/Iono,4,+,+,-,+,DEI 111,HIV+ART>1Yr,0.001,0.0012
BAL,PMA/Iono,4,+,+,-,+,DEI 112,HIV+ART>1Yr,1.05,0.0149
BAL,PMA/Iono,4,+,+,-,+,DEI 113,HIV-,3.66,0.1487
BAL,PMA/Iono,4,+,+,-,+,DEI 114,HIV+ART>1Yr,2.7,0.0417
BAL,PMA/Iono,4,+,+,-,+,DEI 115,HIV+ART>1Yr,0.75,0.013
BAL,PMA/Iono,4,+,+,-,+,DEI 116,HIV+ART>1Yr,0.001,0.0001
BAL,PMA/Iono,4,+,+,-,+,DEI 118,HIV+ART>1Yr,2.7,0.0387
BAL,PMA/Iono,4,+,+,-,+,DEI 119,HIV+ART>1Yr,0.03,0.0051
BAL,PMA/Iono,4,+,+,-,+,DEI 11A,HIV+ART>1Yr,0.66,0.0468
BAL,PMA/Iono,4,+,+,-,+,DEI 11B,HIV-,2.43,0.0661
BAL,PMA/Iono,4,+,+,-,+,DEI 11C,HIV+ART>1Yr,0.21,0.0284
BAL,PMA/Iono,4,+,+,-,+,DEI 11D,HIV+ART>1Yr,1.6,0.0704
BAL,PMA/Iono,4,+,+,-,+,DEI 11G,HIV+ART>1Yr,0.79,0.0101
BAL,PMA/Iono,4,+,+,-,+,DEI 11I,HIV+ART>1Yr,1.69,0.0223
BAL,PMA/Iono,4,+,+,-,+,DEI 11K,HIV-,2.53,0.0281
BAL,PMA/Iono,4,+,+,-,+,DEI 11M,HIV+ART>1Yr,2.48,0.0719
BAL,PMA/Iono,4,+,+,-,+,DEI 11N,HIV-,7.57,0.1324
BAL,PMA/Iono,4,+,+,-,+,DEI 11P,HIV+ART>1Yr,0.74,0.0098
BAL,PMA/Iono,4,+,+,-,+,DEI 11Q,HIV-,12.6,0.1818
BAL,PMA/Iono,4,+,+,-,+,DEI 11R,HIV+ART>1Yr,9.34,0.1288
BAL,PMA/Iono,4,+,+,-,+,DEI 11U,HIV-,8.95,0.1368
BAL,PMA/Iono,4,+,+,-,+,DEI 11V,HIV-,7.48,0.1053
BAL,PMA/Iono,4,+,+,-,+,DEI 11Y,HIV-,9.87,0.1173
BAL,PMA/Iono,4,+,+,-,+,DEI 11Z,HIV-,12.07,0.1338
BAL,PMA/Iono,4,+,+,-,+,DEI 13V,HIV-,15.44,0.2599
BAL,PMA/Iono,4,+,+,-,+,DEI 141,HIV-,5.5,0.083
BAL,PMA/Iono,4,+,+,-,+,DEI 143,HIV-,4.89,0.0582
BAL,PMA/Iono,4,+,-,+,+,DEI 103,HIV-,0.001,0.0001
BAL,PMA/Iono,4,+,-,+,+,DEI 104,HIV-,2.088,0.0232
BAL,PMA/Iono,4,+,-,+,+,DEI 107,HIV-,0.87,0.0109
BAL,PMA/Iono,4,+,-,+,+,DEI 108,HIV-,0.57,0.0202
BAL,PMA/Iono,4,+,-,+,+,DEI 109,HIV-,0.04,0.0007
BAL,PMA/Iono,4,+,-,+,+,DEI 10A,HIV-,0.05,0.0082
BAL,PMA/Iono,4,+,-,+,+,DEI 10E,HIV-,0.29,0.0161
BAL,PMA/Iono,4,+,-,+,+,DEI 10F,HIV-,1.185,0.0165
BAL,PMA/Iono,4,+,-,+,+,DEI 10G,HIV-,0.02,0.0005
BAL,PMA/Iono,4,+,-,+,+,DEI 10H,HIV-,0.69,0.0111
BAL,PMA/Iono,4,+,-,+,+,DEI 10I,HIV-,3.98,0.0514
BAL,PMA/Iono,4,+,-,+,+,DEI 10J,HIV+ART>1Yr,0.87,0.0136
BAL,PMA/Iono,4,+,-,+,+,DEI 10K,HIV+ART>1Yr,0.62,0.0082
BAL,PMA/Iono,4,+,-,+,+,DEI 10L,HIV-,0.361,0.0059
BAL,PMA/Iono,4,+,-,+,+,DEI 10M,HIV-,0.1,0.0021
BAL,PMA/Iono,4,+,-,+,+,DEI 10N,HIV+ART>1Yr,0.517,0.0092
BAL,PMA/Iono,4,+,-,+,+,DEI 10P,HIV+ART>1Yr,0.55,0.0065
BAL,PMA/Iono,4,+,-,+,+,DEI 10Q,HIV-,1.013,0.0168
BAL,PMA/Iono,4,+,-,+,+,DEI 10R,HIV+ART>1Yr,0.2,0.0055
BAL,PMA/Iono,4,+,-,+,+,DEI 10S,HIV-,0.1,0.0123
BAL,PMA/Iono,4,+,-,+,+,DEI 10T,HIV-,1.17,0.0202
BAL,PMA/Iono,4,+,-,+,+,DEI 10U,HIV-,1.06,0.0268
BAL,PMA/Iono,4,+,-,+,+,DEI 10V,HIV-,0.25,0.0076
BAL,PMA/Iono,4,+,-,+,+,DEI 10W,HIV-,0.56,0.0075
BAL,PMA/Iono,4,+,-,+,+,DEI 10X,HIV-,0.011,0.0024
BAL,PMA/Iono,4,+,-,+,+,DEI 10Y,HIV-,0.277,0.0059
BAL,PMA/Iono,4,+,-,+,+,DEI 10Z,HIV+ART>1Yr,0.53,0.0126
BAL,PMA/Iono,4,+,-,+,+,DEI 110,HIV-,2.9,0.0502
BAL,PMA/Iono,4,+,-,+,+,DEI 111,HIV+ART>1Yr,0.74,0.8615
BAL,PMA/Iono,4,+,-,+,+,DEI 112,HIV+ART>1Yr,0.67,0.0095
BAL,PMA/Iono,4,+,-,+,+,DEI 113,HIV-,0.26,0.0106
BAL,PMA/Iono,4,+,-,+,+,DEI 114,HIV+ART>1Yr,1.28,0.0198
BAL,PMA/Iono,4,+,-,+,+,DEI 115,HIV+ART>1Yr,0.97,0.0168
BAL,PMA/Iono,4,+,-,+,+,DEI 116,HIV+ART>1Yr,4.1,0.3779
BAL,PMA/Iono,4,+,-,+,+,DEI 118,HIV+ART>1Yr,4.97,0.0712
BAL,PMA/Iono,4,+,-,+,+,DEI 119,HIV+ART>1Yr,1.33,0.2266
BAL,PMA/Iono,4,+,-,+,+,DEI 11A,HIV+ART>1Yr,0.06,0.0043
BAL,PMA/Iono,4,+,-,+,+,DEI 11B,HIV-,0.63,0.0171
BAL,PMA/Iono,4,+,-,+,+,DEI 11C,HIV+ART>1Yr,0.001,0.0001
BAL,PMA/Iono,4,+,-,+,+,DEI 11D,HIV+ART>1Yr,0.53,0.0233
BAL,PMA/Iono,4,+,-,+,+,DEI 11G,HIV+ART>1Yr,2.4,0.0308
BAL,PMA/Iono,4,+,-,+,+,DEI 11I,HIV+ART>1Yr,0.8,0.0106
BAL,PMA/Iono,4,+,-,+,+,DEI 11K,HIV-,0.74,0.0082
BAL,PMA/Iono,4,+,-,+,+,DEI 11M,HIV+ART>1Yr,0.17,0.0049
BAL,PMA/Iono,4,+,-,+,+,DEI 11N,HIV-,0.5,0.0087
BAL,PMA/Iono,4,+,-,+,+,DEI 11P,HIV+ART>1Yr,2.67,0.0352
BAL,PMA/Iono,4,+,-,+,+,DEI 11Q,HIV-,1.61,0.0232
BAL,PMA/Iono,4,+,-,+,+,DEI 11R,HIV+ART>1Yr,0.82,0.0113
BAL,PMA/Iono,4,+,-,+,+,DEI 11U,HIV-,0.001,0
BAL,PMA/Iono,4,+,-,+,+,DEI 11V,HIV-,0.5,0.007
BAL,PMA/Iono,4,+,-,+,+,DEI 11Y,HIV-,0.31,0.0037
BAL,PMA/Iono,4,+,-,+,+,DEI 11Z,HIV-,0.33,0.0037
BAL,PMA/Iono,4,+,-,+,+,DEI 13V,HIV-,0.23,0.0039
BAL,PMA/Iono,4,+,-,+,+,DEI 141,HIV-,0.04,0.0006
BAL,PMA/Iono,4,+,-,+,+,DEI 143,HIV-,0.52,0.0062
BAL,PMA/Iono,4,+,-,+,-,DEI 103,HIV-,0.03,0.0021
BAL,PMA/Iono,4,+,-,+,-,DEI 104,HIV-,0.03,0.0003
BAL,PMA/Iono,4,+,-,+,-,DEI 107,HIV-,0.001,0
BAL,PMA/Iono,4,+,-,+,-,DEI 108,HIV-,0.48,0.017
BAL,PMA/Iono,4,+,-,+,-,DEI 109,HIV-,0.02,0.0003
BAL,PMA/Iono,4,+,-,+,-,DEI 10A,HIV-,0.001,0.0002
BAL,PMA/Iono,4,+,-,+,-,DEI 10E,HIV-,0.001,0.0001
BAL,PMA/Iono,4,+,-,+,-,DEI 10F,HIV-,0.035,0.0005
BAL,PMA/Iono,4,+,-,+,-,DEI 10G,HIV-,0.08,0.002
BAL,PMA/Iono,4,+,-,+,-,DEI 10H,HIV-,0.06,0.001
BAL,PMA/Iono,4,+,-,+,-,DEI 10I,HIV-,0.39,0.005
BAL,PMA/Iono,4,+,-,+,-,DEI 10J,HIV+ART>1Yr,0.001,0
BAL,PMA/Iono,4,+,-,+,-,DEI 10K,HIV+ART>1Yr,0.4,0.0053
BAL,PMA/Iono,4,+,-,+,-,DEI 10L,HIV-,0.031,0.0005
BAL,PMA/Iono,4,+,-,+,-,DEI 10M,HIV-,0.011,0.0002
BAL,PMA/Iono,4,+,-,+,-,DEI 10N,HIV+ART>1Yr,0.197,0.0035
BAL,PMA/Iono,4,+,-,+,-,DEI 10P,HIV+ART>1Yr,0.06,0.0007
BAL,PMA/Iono,4,+,-,+,-,DEI 10Q,HIV-,0.103,0.0017
BAL,PMA/Iono,4,+,-,+,-,DEI 10R,HIV+ART>1Yr,0.06,0.0016
BAL,PMA/Iono,4,+,-,+,-,DEI 10S,HIV-,0.03,0.0037
BAL,PMA/Iono,4,+,-,+,-,DEI 10T,HIV-,0.163,0.0028
BAL,PMA/Iono,4,+,-,+,-,DEI 10U,HIV-,0.122,0.0031
BAL,PMA/Iono,4,+,-,+,-,DEI 10V,HIV-,0.02,0.0006
BAL,PMA/Iono,4,+,-,+,-,DEI 10W,HIV-,0.004,0.0001
BAL,PMA/Iono,4,+,-,+,-,DEI 10X,HIV-,0.001,0.0002
BAL,PMA/Iono,4,+,-,+,-,DEI 10Y,HIV-,0.04,0.0008
BAL,PMA/Iono,4,+,-,+,-,DEI 10Z,HIV+ART>1Yr,0.001,0
BAL,PMA/Iono,4,+,-,+,-,DEI 110,HIV-,0.001,0
BAL,PMA/Iono,4,+,-,+,-,DEI 111,HIV+ART>1Yr,0.001,0.0012
BAL,PMA/Iono,4,+,-,+,-,DEI 112,HIV+ART>1Yr,0.02,0.0003
BAL,PMA/Iono,4,+,-,+,-,DEI 113,HIV-,0.001,0
BAL,PMA/Iono,4,+,-,+,-,DEI 114,HIV+ART>1Yr,0.13,0.002
BAL,PMA/Iono,4,+,-,+,-,DEI 115,HIV+ART>1Yr,0.07,0.0012
BAL,PMA/Iono,4,+,-,+,-,DEI 116,HIV+ART>1Yr,0.001,0.0001
BAL,PMA/Iono,4,+,-,+,-,DEI 118,HIV+ART>1Yr,0.39,0.0056
BAL,PMA/Iono,4,+,-,+,-,DEI 119,HIV+ART>1Yr,0.001,0.0002
BAL,PMA/Iono,4,+,-,+,-,DEI 11A,HIV+ART>1Yr,0.03,0.0021
BAL,PMA/Iono,4,+,-,+,-,DEI 11B,HIV-,0.04,0.0011
BAL,PMA/Iono,4,+,-,+,-,DEI 11C,HIV+ART>1Yr,0.05,0.0068
BAL,PMA/Iono,4,+,-,+,-,DEI 11D,HIV+ART>1Yr,0.001,0
BAL,PMA/Iono,4,+,-,+,-,DEI 11G,HIV+ART>1Yr,0.001,0
BAL,PMA/Iono,4,+,-,+,-,DEI 11I,HIV+ART>1Yr,0.1,0.0013
BAL,PMA/Iono,4,+,-,+,-,DEI 11K,HIV-,0.043,0.0005
BAL,PMA/Iono,4,+,-,+,-,DEI 11M,HIV+ART>1Yr,0.001,0
BAL,PMA/Iono,4,+,-,+,-,DEI 11N,HIV-,0.02,0.0003
BAL,PMA/Iono,4,+,-,+,-,DEI 11P,HIV+ART>1Yr,0.24,0.0032
BAL,PMA/Iono,4,+,-,+,-,DEI 11Q,HIV-,0.24,0.0035
BAL,PMA/Iono,4,+,-,+,-,DEI 11R,HIV+ART>1Yr,0.12,0.0017
BAL,PMA/Iono,4,+,-,+,-,DEI 11U,HIV-,0.001,0
BAL,PMA/Iono,4,+,-,+,-,DEI 11V,HIV-,0.06,0.0008
BAL,PMA/Iono,4,+,-,+,-,DEI 11Y,HIV-,0.001,0
BAL,PMA/Iono,4,+,-,+,-,DEI 11Z,HIV-,0.001,0
BAL,PMA/Iono,4,+,-,+,-,DEI 13V,HIV-,0.018,0.0003
BAL,PMA/Iono,4,+,-,+,-,DEI 141,HIV-,0.001,0
BAL,PMA/Iono,4,+,-,+,-,DEI 143,HIV-,0.001,0
BAL,PMA/Iono,4,+,-,-,+,DEI 103,HIV-,0.04,0.0028
BAL,PMA/Iono,4,+,-,-,+,DEI 104,HIV-,0.11,0.0012
BAL,PMA/Iono,4,+,-,-,+,DEI 107,HIV-,0.3,0.0038
BAL,PMA/Iono,4,+,-,-,+,DEI 108,HIV-,0.06,0.0021
BAL,PMA/Iono,4,+,-,-,+,DEI 109,HIV-,0.001,0
BAL,PMA/Iono,4,+,-,-,+,DEI 10A,HIV-,0.1,0.0163
BAL,PMA/Iono,4,+,-,-,+,DEI 10E,HIV-,0.001,0.0001
BAL,PMA/Iono,4,+,-,-,+,DEI 10F,HIV-,0.77,0.0107
BAL,PMA/Iono,4,+,-,-,+,DEI 10G,HIV-,0.32,0.0081
BAL,PMA/Iono,4,+,-,-,+,DEI 10H,HIV-,0.06,0.001
BAL,PMA/Iono,4,+,-,-,+,DEI 10I,HIV-,0.47,0.0061
BAL,PMA/Iono,4,+,-,-,+,DEI 10J,HIV+ART>1Yr,0.34,0.0053
BAL,PMA/Iono,4,+,-,-,+,DEI 10K,HIV+ART>1Yr,0.21,0.0028
BAL,PMA/Iono,4,+,-,-,+,DEI 10L,HIV-,0.35,0.0057
BAL,PMA/Iono,4,+,-,-,+,DEI 10M,HIV-,0.22,0.0046
BAL,PMA/Iono,4,+,-,-,+,DEI 10N,HIV+ART>1Yr,0.071,0.0013
BAL,PMA/Iono,4,+,-,-,+,DEI 10P,HIV+ART>1Yr,0.25,0.003
BAL,PMA/Iono,4,+,-,-,+,DEI 10Q,HIV-,0.26,0.0043
BAL,PMA/Iono,4,+,-,-,+,DEI 10R,HIV+ART>1Yr,0.45,0.0123
BAL,PMA/Iono,4,+,-,-,+,DEI 10S,HIV-,0.001,0.0001
BAL,PMA/Iono,4,+,-,-,+,DEI 10T,HIV-,0.233,0.004
BAL,PMA/Iono,4,+,-,-,+,DEI 10U,HIV-,0.2,0.0051
BAL,PMA/Iono,4,+,-,-,+,DEI 10V,HIV-,0.62,0.0189
BAL,PMA/Iono,4,+,-,-,+,DEI 10W,HIV-,0.4,0.0054
BAL,PMA/Iono,4,+,-,-,+,DEI 10X,HIV-,0.08,0.0174
BAL,PMA/Iono,4,+,-,-,+,DEI 10Y,HIV-,0.31,0.0066
BAL,PMA/Iono,4,+,-,-,+,DEI 10Z,HIV+ART>1Yr,0.04,0.001
BAL,PMA/Iono,4,+,-,-,+,DEI 110,HIV-,0.93,0.0161
BAL,PMA/Iono,4,+,-,-,+,DEI 111,HIV+ART>1Yr,0.001,0.0012
BAL,PMA/Iono,4,+,-,-,+,DEI 112,HIV+ART>1Yr,0.28,0.004
BAL,PMA/Iono,4,+,-,-,+,DEI 113,HIV-,0.09,0.0037
BAL,PMA/Iono,4,+,-,-,+,DEI 114,HIV+ART>1Yr,0.42,0.0065
BAL,PMA/Iono,4,+,-,-,+,DEI 115,HIV+ART>1Yr,0.14,0.0024
BAL,PMA/Iono,4,+,-,-,+,DEI 116,HIV+ART>1Yr,0.04,0.0037
BAL,PMA/Iono,4,+,-,-,+,DEI 118,HIV+ART>1Yr,0.66,0.0095
BAL,PMA/Iono,4,+,-,-,+,DEI 119,HIV+ART>1Yr,0.001,0.0002
BAL,PMA/Iono,4,+,-,-,+,DEI 11A,HIV+ART>1Yr,0.001,0.0001
BAL,PMA/Iono,4,+,-,-,+,DEI 11B,HIV-,0.45,0.0122
BAL,PMA/Iono,4,+,-,-,+,DEI 11C,HIV+ART>1Yr,0.001,0.0001
BAL,PMA/Iono,4,+,-,-,+,DEI 11D,HIV+ART>1Yr,0.27,0.0119
BAL,PMA/Iono,4,+,-,-,+,DEI 11G,HIV+ART>1Yr,0.59,0.0076
BAL,PMA/Iono,4,+,-,-,+,DEI 11I,HIV+ART>1Yr,0.21,0.0028
BAL,PMA/Iono,4,+,-,-,+,DEI 11K,HIV-,0.39,0.0043
BAL,PMA/Iono,4,+,-,-,+,DEI 11M,HIV+ART>1Yr,0.04,0.0012
BAL,PMA/Iono,4,+,-,-,+,DEI 11N,HIV-,0.274,0.0048
BAL,PMA/Iono,4,+,-,-,+,DEI 11P,HIV+ART>1Yr,0.71,0.0094
BAL,PMA/Iono,4,+,-,-,+,DEI 11Q,HIV-,1.616,0.0233
BAL,PMA/Iono,4,+,-,-,+,DEI 11R,HIV+ART>1Yr,1.13,0.0156
BAL,PMA/Iono,4,+,-,-,+,DEI 11U,HIV-,0.42,0.0064
BAL,PMA/Iono,4,+,-,-,+,DEI 11V,HIV-,1.47,0.0207
BAL,PMA/Iono,4,+,-,-,+,DEI 11Y,HIV-,0.24,0.0029
BAL,PMA/Iono,4,+,-,-,+,DEI 11Z,HIV-,0.034,0.0004
BAL,PMA/Iono,4,+,-,-,+,DEI 13V,HIV-,0.66,0.0111
BAL,PMA/Iono,4,+,-,-,+,DEI 141,HIV-,0.21,0.0032
BAL,PMA/Iono,4,+,-,-,+,DEI 143,HIV-,0.15,0.0018
BAL,PMA/Iono,4,-,+,+,+,DEI 103,HIV-,6.9,0.4771
BAL,PMA/Iono,4,-,+,+,+,DEI 104,HIV-,25.02,0.2783
BAL,PMA/Iono,4,-,+,+,+,DEI 107,HIV-,32.62,0.4087
BAL,PMA/Iono,4,-,+,+,+,DEI 108,HIV-,11.4,0.4031
BAL,PMA/Iono,4,-,+,+,+,DEI 109,HIV-,40.47,0.7043
BAL,PMA/Iono,4,-,+,+,+,DEI 10A,HIV-,2.31,0.3767
BAL,PMA/Iono,4,-,+,+,+,DEI 10E,HIV-,6.76,0.3751
BAL,PMA/Iono,4,-,+,+,+,DEI 10F,HIV-,22.86,0.3184
BAL,PMA/Iono,4,-,+,+,+,DEI 10G,HIV-,12.49,0.3142
BAL,PMA/Iono,4,-,+,+,+,DEI 10H,HIV-,27.01,0.436
BAL,PMA/Iono,4,-,+,+,+,DEI 10I,HIV-,24.43,0.3154
BAL,PMA/Iono,4,-,+,+,+,DEI 10J,HIV+ART>1Yr,18.05,0.2826
BAL,PMA/Iono,4,-,+,+,+,DEI 10K,HIV+ART>1Yr,31.28,0.4147
BAL,PMA/Iono,4,-,+,+,+,DEI 10L,HIV-,17.56,0.2862
BAL,PMA/Iono,4,-,+,+,+,DEI 10M,HIV-,17.71,0.3692
BAL,PMA/Iono,4,-,+,+,+,DEI 10N,HIV+ART>1Yr,27.05,0.4812
BAL,PMA/Iono,4,-,+,+,+,DEI 10P,HIV+ART>1Yr,41.97,0.4987
BAL,PMA/Iono,4,-,+,+,+,DEI 10Q,HIV-,16.13,0.2669
BAL,PMA/Iono,4,-,+,+,+,DEI 10R,HIV+ART>1Yr,9.45,0.259
BAL,PMA/Iono,4,-,+,+,+,DEI 10S,HIV-,2.64,0.3242
BAL,PMA/Iono,4,-,+,+,+,DEI 10T,HIV-,19.36,0.3348
BAL,PMA/Iono,4,-,+,+,+,DEI 10U,HIV-,8.48,0.2146
BAL,PMA/Iono,4,-,+,+,+,DEI 10V,HIV-,3.1,0.0945
BAL,PMA/Iono,4,-,+,+,+,DEI 10W,HIV-,29.83,0.4009
BAL,PMA/Iono,4,-,+,+,+,DEI 10X,HIV-,0.73,0.1587
BAL,PMA/Iono,4,-,+,+,+,DEI 10Y,HIV-,14.88,0.3153
BAL,PMA/Iono,4,-,+,+,+,DEI 10Z,HIV+ART>1Yr,14.5,0.345
BAL,PMA/Iono,4,-,+,+,+,DEI 110,HIV-,10.7,0.1852
BAL,PMA/Iono,4,-,+,+,+,DEI 111,HIV+ART>1Yr,0.001,0.0012
BAL,PMA/Iono,4,-,+,+,+,DEI 112,HIV+ART>1Yr,23.93,0.3389
BAL,PMA/Iono,4,-,+,+,+,DEI 113,HIV-,4.88,0.1983
BAL,PMA/Iono,4,-,+,+,+,DEI 114,HIV+ART>1Yr,22.09,0.3409
BAL,PMA/Iono,4,-,+,+,+,DEI 115,HIV+ART>1Yr,26.78,0.464
BAL,PMA/Iono,4,-,+,+,+,DEI 116,HIV+ART>1Yr,0.001,0.0001
BAL,PMA/Iono,4,-,+,+,+,DEI 118,HIV+ART>1Yr,21.6,0.3095
BAL,PMA/Iono,4,-,+,+,+,DEI 119,HIV+ART>1Yr,0.001,0.0002
BAL,PMA/Iono,4,-,+,+,+,DEI 11A,HIV+ART>1Yr,5.55,0.3938
BAL,PMA/Iono,4,-,+,+,+,DEI 11B,HIV-,9.23,0.2512
BAL,PMA/Iono,4,-,+,+,+,DEI 11C,HIV+ART>1Yr,1.52,0.2056
BAL,PMA/Iono,4,-,+,+,+,DEI 11D,HIV+ART>1Yr,5.88,0.2589
BAL,PMA/Iono,4,-,+,+,+,DEI 11G,HIV+ART>1Yr,29.71,0.3808
BAL,PMA/Iono,4,-,+,+,+,DEI 11I,HIV+ART>1Yr,36.23,0.4782
BAL,PMA/Iono,4,-,+,+,+,DEI 11K,HIV-,36.94,0.4099
BAL,PMA/Iono,4,-,+,+,+,DEI 11M,HIV+ART>1Yr,14.63,0.4239
BAL,PMA/Iono,4,-,+,+,+,DEI 11N,HIV-,20.14,0.3521
BAL,PMA/Iono,4,-,+,+,+,DEI 11P,HIV+ART>1Yr,17.79,0.2348
BAL,PMA/Iono,4,-,+,+,+,DEI 11Q,HIV-,11.67,0.1684
BAL,PMA/Iono,4,-,+,+,+,DEI 11R,HIV+ART>1Yr,17.3,0.2386
BAL,PMA/Iono,4,-,+,+,+,DEI 11U,HIV-,10.9,0.1667
BAL,PMA/Iono,4,-,+,+,+,DEI 11V,HIV-,11.15,0.157
BAL,PMA/Iono,4,-,+,+,+,DEI 11Y,HIV-,24.46,0.2907
BAL,PMA/Iono,4,-,+,+,+,DEI 11Z,HIV-,24.86,0.2755
BAL,PMA/Iono,4,-,+,+,+,DEI 13V,HIV-,9.41,0.1584
BAL,PMA/Iono,4,-,+,+,+,DEI 141,HIV-,13.01,0.1962
BAL,PMA/Iono,4,-,+,+,+,DEI 143,HIV-,29.26,0.3483
BAL,PMA/Iono,4,-,+,+,-,DEI 103,HIV-,2.3,0.159
BAL,PMA/Iono,4,-,+,+,-,DEI 104,HIV-,0.17,0.0019
BAL,PMA/Iono,4,-,+,+,-,DEI 107,HIV-,0.17,0.0021
BAL,PMA/Iono,4,-,+,+,-,DEI 108,HIV-,0.24,0.0085
BAL,PMA/Iono,4,-,+,+,-,DEI 109,HIV-,0.001,0
BAL,PMA/Iono,4,-,+,+,-,DEI 10A,HIV-,0.001,0.0002
BAL,PMA/Iono,4,-,+,+,-,DEI 10E,HIV-,0.06,0.0033
BAL,PMA/Iono,4,-,+,+,-,DEI 10F,HIV-,0.12,0.0017
BAL,PMA/Iono,4,-,+,+,-,DEI 10G,HIV-,0.05,0.0013
BAL,PMA/Iono,4,-,+,+,-,DEI 10H,HIV-,0.001,0
BAL,PMA/Iono,4,-,+,+,-,DEI 10I,HIV-,0.55,0.0071
BAL,PMA/Iono,4,-,+,+,-,DEI 10J,HIV+ART>1Yr,0.25,0.0039
BAL,PMA/Iono,4,-,+,+,-,DEI 10K,HIV+ART>1Yr,9.64,0.1278
BAL,PMA/Iono,4,-,+,+,-,DEI 10L,HIV-,0.55,0.009
BAL,PMA/Iono,4,-,+,+,-,DEI 10M,HIV-,0.37,0.0077
BAL,PMA/Iono,4,-,+,+,-,DEI 10N,HIV+ART>1Yr,4.5,0.08
BAL,PMA/Iono,4,-,+,+,-,DEI 10P,HIV+ART>1Yr,1.2,0.0143
BAL,PMA/Iono,4,-,+,+,-,DEI 10Q,HIV-,0.001,0
BAL,PMA/Iono,4,-,+,+,-,DEI 10R,HIV+ART>1Yr,0.14,0.0038
BAL,PMA/Iono,4,-,+,+,-,DEI 10S,HIV-,0.001,0.0001
BAL,PMA/Iono,4,-,+,+,-,DEI 10T,HIV-,0.001,0
BAL,PMA/Iono,4,-,+,+,-,DEI 10U,HIV-,0.41,0.0104
BAL,PMA/Iono,4,-,+,+,-,DEI 10V,HIV-,0.36,0.011
BAL,PMA/Iono,4,-,+,+,-,DEI 10W,HIV-,0.34,0.0046
BAL,PMA/Iono,4,-,+,+,-,DEI 10X,HIV-,0.1,0.0217
BAL,PMA/Iono,4,-,+,+,-,DEI 10Y,HIV-,0.12,0.0025
BAL,PMA/Iono,4,-,+,+,-,DEI 10Z,HIV+ART>1Yr,0.001,0
BAL,PMA/Iono,4,-,+,+,-,DEI 110,HIV-,0.69,0.0119
BAL,PMA/Iono,4,-,+,+,-,DEI 111,HIV+ART>1Yr,0.001,0.0012
BAL,PMA/Iono,4,-,+,+,-,DEI 112,HIV+ART>1Yr,0.001,0
BAL,PMA/Iono,4,-,+,+,-,DEI 113,HIV-,0.001,0
BAL,PMA/Iono,4,-,+,+,-,DEI 114,HIV+ART>1Yr,0.25,0.0039
BAL,PMA/Iono,4,-,+,+,-,DEI 115,HIV+ART>1Yr,0.001,0
BAL,PMA/Iono,4,-,+,+,-,DEI 116,HIV+ART>1Yr,0.001,0.0001
BAL,PMA/Iono,4,-,+,+,-,DEI 118,HIV+ART>1Yr,0.19,0.0027
BAL,PMA/Iono,4,-,+,+,-,DEI 119,HIV+ART>1Yr,0.001,0.0002
BAL,PMA/Iono,4,-,+,+,-,DEI 11A,HIV+ART>1Yr,0.7,0.0497
BAL,PMA/Iono,4,-,+,+,-,DEI 11B,HIV-,0.34,0.0093
BAL,PMA/Iono,4,-,+,+,-,DEI 11C,HIV+ART>1Yr,0.01,0.0014
BAL,PMA/Iono,4,-,+,+,-,DEI 11D,HIV+ART>1Yr,0.001,0
BAL,PMA/Iono,4,-,+,+,-,DEI 11G,HIV+ART>1Yr,0.03,0.0004
BAL,PMA/Iono,4,-,+,+,-,DEI 11I,HIV+ART>1Yr,0.33,0.0044
BAL,PMA/Iono,4,-,+,+,-,DEI 11K,HIV-,0.05,0.0006
BAL,PMA/Iono,4,-,+,+,-,DEI 11M,HIV+ART>1Yr,0.04,0.0012
BAL,PMA/Iono,4,-,+,+,-,DEI 11N,HIV-,0.03,0.0005
BAL,PMA/Iono,4,-,+,+,-,DEI 11P,HIV+ART>1Yr,0.06,0.0008
BAL,PMA/Iono,4,-,+,+,-,DEI 11Q,HIV-,1.04,0.015
BAL,PMA/Iono,4,-,+,+,-,DEI 11R,HIV+ART>1Yr,0.61,0.0084
BAL,PMA/Iono,4,-,+,+,-,DEI 11U,HIV-,0.001,0
BAL,PMA/Iono,4,-,+,+,-,DEI 11V,HIV-,0.001,0
BAL,PMA/Iono,4,-,+,+,-,DEI 11Y,HIV-,0.07,0.0008
BAL,PMA/Iono,4,-,+,+,-,DEI 11Z,HIV-,0.17,0.0019
BAL,PMA/Iono,4,-,+,+,-,DEI 13V,HIV-,0.16,0.0027
BAL,PMA/Iono,4,-,+,+,-,DEI 141,HIV-,0.29,0.0044
BAL,PMA/Iono,4,-,+,+,-,DEI 143,HIV-,0.09,0.0011
BAL,PMA/Iono,4,-,+,-,+,DEI 103,HIV-,2.45,0.1694
BAL,PMA/Iono,4,-,+,-,+,DEI 104,HIV-,2.25,0.025
BAL,PMA/Iono,4,-,+,-,+,DEI 107,HIV-,5.24,0.0656
BAL,PMA/Iono,4,-,+,-,+,DEI 108,HIV-,1.52,0.0537
BAL,PMA/Iono,4,-,+,-,+,DEI 109,HIV-,5.28,0.0919
BAL,PMA/Iono,4,-,+,-,+,DEI 10A,HIV-,0.44,0.0717
BAL,PMA/Iono,4,-,+,-,+,DEI 10E,HIV-,1.5,0.0832
BAL,PMA/Iono,4,-,+,-,+,DEI 10F,HIV-,7.75,0.108
BAL,PMA/Iono,4,-,+,-,+,DEI 10G,HIV-,5.16,0.1298
BAL,PMA/Iono,4,-,+,-,+,DEI 10H,HIV-,9.28,0.1498
BAL,PMA/Iono,4,-,+,-,+,DEI 10I,HIV-,3.29,0.0425
BAL,PMA/Iono,4,-,+,-,+,DEI 10J,HIV+ART>1Yr,10.24,0.1603
BAL,PMA/Iono,4,-,+,-,+,DEI 10K,HIV+ART>1Yr,5.69,0.0754
BAL,PMA/Iono,4,-,+,-,+,DEI 10L,HIV-,8.84,0.1441
BAL,PMA/Iono,4,-,+,-,+,DEI 10M,HIV-,7.28,0.1518
BAL,PMA/Iono,4,-,+,-,+,DEI 10N,HIV+ART>1Yr,5.16,0.0918
BAL,PMA/Iono,4,-,+,-,+,DEI 10P,HIV+ART>1Yr,4.23,0.0503
BAL,PMA/Iono,4,-,+,-,+,DEI 10Q,HIV-,9.43,0.1561
BAL,PMA/Iono,4,-,+,-,+,DEI 10R,HIV+ART>1Yr,6.76,0.1853
BAL,PMA/Iono,4,-,+,-,+,DEI 10S,HIV-,1.32,0.1621
BAL,PMA/Iono,4,-,+,-,+,DEI 10T,HIV-,3.18,0.055
BAL,PMA/Iono,4,-,+,-,+,DEI 10U,HIV-,7.98,0.202
BAL,PMA/Iono,4,-,+,-,+,DEI 10V,HIV-,13.14,0.4004
BAL,PMA/Iono,4,-,+,-,+,DEI 10W,HIV-,15.73,0.2114
BAL,PMA/Iono,4,-,+,-,+,DEI 10X,HIV-,1.98,0.4305
BAL,PMA/Iono,4,-,+,-,+,DEI 10Y,HIV-,13.74,0.2911
BAL,PMA/Iono,4,-,+,-,+,DEI 10Z,HIV+ART>1Yr,1.71,0.0407
BAL,PMA/Iono,4,-,+,-,+,DEI 110,HIV-,9.87,0.1708
BAL,PMA/Iono,4,-,+,-,+,DEI 111,HIV+ART>1Yr,0.01,0.0116
BAL,PMA/Iono,4,-,+,-,+,DEI 112,HIV+ART>1Yr,9.58,0.1357
BAL,PMA/Iono,4,-,+,-,+,DEI 113,HIV-,4.21,0.1711
BAL,PMA/Iono,4,-,+,-,+,DEI 114,HIV+ART>1Yr,7.04,0.1087
BAL,PMA/Iono,4,-,+,-,+,DEI 115,HIV+ART>1Yr,3.75,0.065
BAL,PMA/Iono,4,-,+,-,+,DEI 116,HIV+ART>1Yr,0.001,0.0001
BAL,PMA/Iono,4,-,+,-,+,DEI 118,HIV+ART>1Yr,4.25,0.0609
BAL,PMA/Iono,4,-,+,-,+,DEI 119,HIV+ART>1Yr,0.001,0.0002
BAL,PMA/Iono,4,-,+,-,+,DEI 11A,HIV+ART>1Yr,2.64,0.1873
BAL,PMA/Iono,4,-,+,-,+,DEI 11B,HIV-,4.39,0.1195
BAL,PMA/Iono,4,-,+,-,+,DEI 11C,HIV+ART>1Yr,2.12,0.2868
BAL,PMA/Iono,4,-,+,-,+,DEI 11D,HIV+ART>1Yr,4.41,0.1942
BAL,PMA/Iono,4,-,+,-,+,DEI 11G,HIV+ART>1Yr,8.1,0.1038
BAL,PMA/Iono,4,-,+,-,+,DEI 11I,HIV+ART>1Yr,4.16,0.0549
BAL,PMA/Iono,4,-,+,-,+,DEI 11K,HIV-,11.5,0.1276
BAL,PMA/Iono,4,-,+,-,+,DEI 11M,HIV+ART>1Yr,10.57,0.3063
BAL,PMA/Iono,4,-,+,-,+,DEI 11N,HIV-,21.73,0.3799
BAL,PMA/Iono,4,-,+,-,+,DEI 11P,HIV+ART>1Yr,1.95,0.0257
BAL,PMA/Iono,4,-,+,-,+,DEI 11Q,HIV-,10.52,0.1518
BAL,PMA/Iono,4,-,+,-,+,DEI 11R,HIV+ART>1Yr,17.43,0.2403
BAL,PMA/Iono,4,-,+,-,+,DEI 11U,HIV-,11.57,0.1769
BAL,PMA/Iono,4,-,+,-,+,DEI 11V,HIV-,22.13,0.3116
BAL,PMA/Iono,4,-,+,-,+,DEI 11Y,HIV-,24.45,0.2906
BAL,PMA/Iono,4,-,+,-,+,DEI 11Z,HIV-,4.67,0.0518
BAL,PMA/Iono,4,-,+,-,+,DEI 13V,HIV-,17.07,0.2873
BAL,PMA/Iono,4,-,+,-,+,DEI 141,HIV-,37.43,0.5645
BAL,PMA/Iono,4,-,+,-,+,DEI 143,HIV-,10.09,0.1201
BAL,PMA/Iono,4,-,-,+,+,DEI 103,HIV-,0.68,0.047
BAL,PMA/Iono,4,-,-,+,+,DEI 104,HIV-,11.02,0.1226
BAL,PMA/Iono,4,-,-,+,+,DEI 107,HIV-,21.64,0.2711
BAL,PMA/Iono,4,-,-,+,+,DEI 108,HIV-,3.16,0.1117
BAL,PMA/Iono,4,-,-,+,+,DEI 109,HIV-,0.45,0.0078
BAL,PMA/Iono,4,-,-,+,+,DEI 10A,HIV-,0.3,0.0489
BAL,PMA/Iono,4,-,-,+,+,DEI 10E,HIV-,0.94,0.0522
BAL,PMA/Iono,4,-,-,+,+,DEI 10F,HIV-,8.1,0.1128
BAL,PMA/Iono,4,-,-,+,+,DEI 10G,HIV-,8.34,0.2098
BAL,PMA/Iono,4,-,-,+,+,DEI 10H,HIV-,7.57,0.1222
BAL,PMA/Iono,4,-,-,+,+,DEI 10I,HIV-,13.61,0.1757
BAL,PMA/Iono,4,-,-,+,+,DEI 10J,HIV+ART>1Yr,11.68,0.1829
BAL,PMA/Iono,4,-,-,+,+,DEI 10K,HIV+ART>1Yr,9.88,0.131
BAL,PMA/Iono,4,-,-,+,+,DEI 10L,HIV-,11.17,0.182
BAL,PMA/Iono,4,-,-,+,+,DEI 10M,HIV-,5.53,0.1153
BAL,PMA/Iono,4,-,-,+,+,DEI 10N,HIV+ART>1Yr,7.46,0.1327
BAL,PMA/Iono,4,-,-,+,+,DEI 10P,HIV+ART>1Yr,8.6,0.1022
BAL,PMA/Iono,4,-,-,+,+,DEI 10Q,HIV-,14.26,0.236
BAL,PMA/Iono,4,-,-,+,+,DEI 10R,HIV+ART>1Yr,7.67,0.2103
BAL,PMA/Iono,4,-,-,+,+,DEI 10S,HIV-,1.32,0.1621
BAL,PMA/Iono,4,-,-,+,+,DEI 10T,HIV-,3.56,0.0616
BAL,PMA/Iono,4,-,-,+,+,DEI 10U,HIV-,6.57,0.1663
BAL,PMA/Iono,4,-,-,+,+,DEI 10V,HIV-,0.48,0.0146
BAL,PMA/Iono,4,-,-,+,+,DEI 10W,HIV-,6.08,0.0817
BAL,PMA/Iono,4,-,-,+,+,DEI 10X,HIV-,0.064,0.0139
BAL,PMA/Iono,4,-,-,+,+,DEI 10Y,HIV-,2.95,0.0625
BAL,PMA/Iono,4,-,-,+,+,DEI 10Z,HIV+ART>1Yr,8.75,0.2082
BAL,PMA/Iono,4,-,-,+,+,DEI 110,HIV-,6.36,0.1101
BAL,PMA/Iono,4,-,-,+,+,DEI 111,HIV+ART>1Yr,0.1,0.1164
BAL,PMA/Iono,4,-,-,+,+,DEI 112,HIV+ART>1Yr,12.16,0.1722
BAL,PMA/Iono,4,-,-,+,+,DEI 113,HIV-,2.23,0.0906
BAL,PMA/Iono,4,-,-,+,+,DEI 114,HIV+ART>1Yr,9.53,0.1471
BAL,PMA/Iono,4,-,-,+,+,DEI 115,HIV+ART>1Yr,8.57,0.1485
BAL,PMA/Iono,4,-,-,+,+,DEI 116,HIV+ART>1Yr,6.7,0.6176
BAL,PMA/Iono,4,-,-,+,+,DEI 118,HIV+ART>1Yr,7.29,0.1045
BAL,PMA/Iono,4,-,-,+,+,DEI 119,HIV+ART>1Yr,4.5,0.7667
BAL,PMA/Iono,4,-,-,+,+,DEI 11A,HIV+ART>1Yr,0.62,0.044
BAL,PMA/Iono,4,-,-,+,+,DEI 11B,HIV-,4.82,0.1312
BAL,PMA/Iono,4,-,-,+,+,DEI 11C,HIV+ART>1Yr,0.74,0.1001
BAL,PMA/Iono,4,-,-,+,+,DEI 11D,HIV+ART>1Yr,2.14,0.0942
BAL,PMA/Iono,4,-,-,+,+,DEI 11G,HIV+ART>1Yr,8.33,0.1068
BAL,PMA/Iono,4,-,-,+,+,DEI 11I,HIV+ART>1Yr,9.78,0.1291
BAL,PMA/Iono,4,-,-,+,+,DEI 11K,HIV-,12.69,0.1408
BAL,PMA/Iono,4,-,-,+,+,DEI 11M,HIV+ART>1Yr,1.86,0.0539
BAL,PMA/Iono,4,-,-,+,+,DEI 11N,HIV-,0.68,0.0119
BAL,PMA/Iono,4,-,-,+,+,DEI 11P,HIV+ART>1Yr,23.89,0.3153
BAL,PMA/Iono,4,-,-,+,+,DEI 11Q,HIV-,4.136,0.0597
BAL,PMA/Iono,4,-,-,+,+,DEI 11R,HIV+ART>1Yr,3.23,0.0445
BAL,PMA/Iono,4,-,-,+,+,DEI 11U,HIV-,10.1,0.1544
BAL,PMA/Iono,4,-,-,+,+,DEI 11V,HIV-,6.22,0.0876
BAL,PMA/Iono,4,-,-,+,+,DEI 11Y,HIV-,2.17,0.0258
BAL,PMA/Iono,4,-,-,+,+,DEI 11Z,HIV-,0.64,0.0071
BAL,PMA/Iono,4,-,-,+,+,DEI 13V,HIV-,2.208,0.0372
BAL,PMA/Iono,4,-,-,+,+,DEI 141,HIV-,1.26,0.019
BAL,PMA/Iono,4,-,-,+,+,DEI 143,HIV-,1.44,0.0171
BAL,PMA/Iono,4,-,-,+,-,DEI 103,HIV-,0.17,0.0118
BAL,PMA/Iono,4,-,-,+,-,DEI 104,HIV-,0.32,0.0036
BAL,PMA/Iono,4,-,-,+,-,DEI 107,HIV-,0.17,0.0021
BAL,PMA/Iono,4,-,-,+,-,DEI 108,HIV-,1.28,0.0453
BAL,PMA/Iono,4,-,-,+,-,DEI 109,HIV-,0.001,0
BAL,PMA/Iono,4,-,-,+,-,DEI 10A,HIV-,0.07,0.0114
BAL,PMA/Iono,4,-,-,+,-,DEI 10E,HIV-,0.42,0.0233
BAL,PMA/Iono,4,-,-,+,-,DEI 10F,HIV-,0.09,0.0013
BAL,PMA/Iono,4,-,-,+,-,DEI 10G,HIV-,0.57,0.0143
BAL,PMA/Iono,4,-,-,+,-,DEI 10H,HIV-,0.62,0.01
BAL,PMA/Iono,4,-,-,+,-,DEI 10I,HIV-,0.49,0.0063
BAL,PMA/Iono,4,-,-,+,-,DEI 10J,HIV+ART>1Yr,1.06,0.0166
BAL,PMA/Iono,4,-,-,+,-,DEI 10K,HIV+ART>1Yr,5.08,0.0673
BAL,PMA/Iono,4,-,-,+,-,DEI 10L,HIV-,0.45,0.0073
BAL,PMA/Iono,4,-,-,+,-,DEI 10M,HIV-,0.76,0.0158
BAL,PMA/Iono,4,-,-,+,-,DEI 10N,HIV+ART>1Yr,2.31,0.0411
BAL,PMA/Iono,4,-,-,+,-,DEI 10P,HIV+ART>1Yr,0.47,0.0056
BAL,PMA/Iono,4,-,-,+,-,DEI 10Q,HIV-,1.31,0.0217
BAL,PMA/Iono,4,-,-,+,-,DEI 10R,HIV+ART>1Yr,0.29,0.0079
BAL,PMA/Iono,4,-,-,+,-,DEI 10S,HIV-,0.71,0.0872
BAL,PMA/Iono,4,-,-,+,-,DEI 10T,HIV-,0.24,0.0042
BAL,PMA/Iono,4,-,-,+,-,DEI 10U,HIV-,0.44,0.0111
BAL,PMA/Iono,4,-,-,+,-,DEI 10V,HIV-,0.03,0.0009
BAL,PMA/Iono,4,-,-,+,-,DEI 10W,HIV-,0.23,0.0031
BAL,PMA/Iono,4,-,-,+,-,DEI 10X,HIV-,0.002,0.0004
BAL,PMA/Iono,4,-,-,+,-,DEI 10Y,HIV-,0.03,0.0006
BAL,PMA/Iono,4,-,-,+,-,DEI 10Z,HIV+ART>1Yr,0.001,0
BAL,PMA/Iono,4,-,-,+,-,DEI 110,HIV-,0.49,0.0085
BAL,PMA/Iono,4,-,-,+,-,DEI 111,HIV+ART>1Yr,0.001,0.0012
BAL,PMA/Iono,4,-,-,+,-,DEI 112,HIV+ART>1Yr,0.1,0.0014
BAL,PMA/Iono,4,-,-,+,-,DEI 113,HIV-,0.25,0.0102
BAL,PMA/Iono,4,-,-,+,-,DEI 114,HIV+ART>1Yr,0.25,0.0039
BAL,PMA/Iono,4,-,-,+,-,DEI 115,HIV+ART>1Yr,0.02,0.0003
BAL,PMA/Iono,4,-,-,+,-,DEI 116,HIV+ART>1Yr,0.001,0.0001
BAL,PMA/Iono,4,-,-,+,-,DEI 118,HIV+ART>1Yr,0.08,0.0011
BAL,PMA/Iono,4,-,-,+,-,DEI 119,HIV+ART>1Yr,0.001,0.0002
BAL,PMA/Iono,4,-,-,+,-,DEI 11A,HIV+ART>1Yr,0.02,0.0014
BAL,PMA/Iono,4,-,-,+,-,DEI 11B,HIV-,0.66,0.018
BAL,PMA/Iono,4,-,-,+,-,DEI 11C,HIV+ART>1Yr,0.09,0.0122
BAL,PMA/Iono,4,-,-,+,-,DEI 11D,HIV+ART>1Yr,0.001,0
BAL,PMA/Iono,4,-,-,+,-,DEI 11G,HIV+ART>1Yr,0.59,0.0076
BAL,PMA/Iono,4,-,-,+,-,DEI 11I,HIV+ART>1Yr,0.38,0.005
BAL,PMA/Iono,4,-,-,+,-,DEI 11K,HIV-,0.16,0.0018
BAL,PMA/Iono,4,-,-,+,-,DEI 11M,HIV+ART>1Yr,0.59,0.0171
BAL,PMA/Iono,4,-,-,+,-,DEI 11N,HIV-,0.01,0.0002
BAL,PMA/Iono,4,-,-,+,-,DEI 11P,HIV+ART>1Yr,0.57,0.0075
BAL,PMA/Iono,4,-,-,+,-,DEI 11Q,HIV-,0.69,0.01
BAL,PMA/Iono,4,-,-,+,-,DEI 11R,HIV+ART>1Yr,0.44,0.0061
BAL,PMA/Iono,4,-,-,+,-,DEI 11U,HIV-,0.001,0
BAL,PMA/Iono,4,-,-,+,-,DEI 11V,HIV-,0.09,0.0013
BAL,PMA/Iono,4,-,-,+,-,DEI 11Y,HIV-,0.001,0
BAL,PMA/Iono,4,-,-,+,-,DEI 11Z,HIV-,0.02,0.0002
BAL,PMA/Iono,4,-,-,+,-,DEI 13V,HIV-,0.05,0.0008
BAL,PMA/Iono,4,-,-,+,-,DEI 141,HIV-,0.001,0
BAL,PMA/Iono,4,-,-,+,-,DEI 143,HIV-,0.001,0
BAL,PMA/Iono,4,-,-,-,+,DEI 103,HIV-,0.19,0.0131
BAL,PMA/Iono,4,-,-,-,+,DEI 104,HIV-,5.67,0.0631
BAL,PMA/Iono,4,-,-,-,+,DEI 107,HIV-,10.82,0.1356
BAL,PMA/Iono,4,-,-,-,+,DEI 108,HIV-,3.06,0.1082
BAL,PMA/Iono,4,-,-,-,+,DEI 109,HIV-,0.77,0.0134
BAL,PMA/Iono,4,-,-,-,+,DEI 10A,HIV-,0.37,0.0603
BAL,PMA/Iono,4,-,-,-,+,DEI 10E,HIV-,1.49,0.0827
BAL,PMA/Iono,4,-,-,-,+,DEI 10F,HIV-,11.28,0.1571
BAL,PMA/Iono,4,-,-,-,+,DEI 10G,HIV-,6.49,0.1633
BAL,PMA/Iono,4,-,-,-,+,DEI 10H,HIV-,4.73,0.0764
BAL,PMA/Iono,4,-,-,-,+,DEI 10I,HIV-,11.01,0.1422
BAL,PMA/Iono,4,-,-,-,+,DEI 10J,HIV+ART>1Yr,15.36,0.2405
BAL,PMA/Iono,4,-,-,-,+,DEI 10K,HIV+ART>1Yr,4.08,0.0541
BAL,PMA/Iono,4,-,-,-,+,DEI 10L,HIV-,12.32,0.2008
BAL,PMA/Iono,4,-,-,-,+,DEI 10M,HIV-,7.57,0.1578
BAL,PMA/Iono,4,-,-,-,+,DEI 10N,HIV+ART>1Yr,3.83,0.0681
BAL,PMA/Iono,4,-,-,-,+,DEI 10P,HIV+ART>1Yr,5.27,0.0626
BAL,PMA/Iono,4,-,-,-,+,DEI 10Q,HIV-,13.4,0.2218
BAL,PMA/Iono,4,-,-,-,+,DEI 10R,HIV+ART>1Yr,8.1,0.222
BAL,PMA/Iono,4,-,-,-,+,DEI 10S,HIV-,1.09,0.1339
BAL,PMA/Iono,4,-,-,-,+,DEI 10T,HIV-,3.41,0.059
BAL,PMA/Iono,4,-,-,-,+,DEI 10U,HIV-,10.32,0.2612
BAL,PMA/Iono,4,-,-,-,+,DEI 10V,HIV-,2.94,0.0896
BAL,PMA/Iono,4,-,-,-,+,DEI 10W,HIV-,6.43,0.0864
BAL,PMA/Iono,4,-,-,-,+,DEI 10X,HIV-,0.49,0.1065
BAL,PMA/Iono,4,-,-,-,+,DEI 10Y,HIV-,5.46,0.1157
BAL,PMA/Iono,4,-,-,-,+,DEI 10Z,HIV+ART>1Yr,1.87,0.0445
BAL,PMA/Iono,4,-,-,-,+,DEI 110,HIV-,15.18,0.2628
BAL,PMA/Iono,4,-,-,-,+,DEI 111,HIV+ART>1Yr,0.001,0.0012
BAL,PMA/Iono,4,-,-,-,+,DEI 112,HIV+ART>1Yr,15.69,0.2222
BAL,PMA/Iono,4,-,-,-,+,DEI 113,HIV-,2.54,0.1032
BAL,PMA/Iono,4,-,-,-,+,DEI 114,HIV+ART>1Yr,7.88,0.1216
BAL,PMA/Iono,4,-,-,-,+,DEI 115,HIV+ART>1Yr,5.93,0.1028
BAL,PMA/Iono,4,-,-,-,+,DEI 116,HIV+ART>1Yr,0.001,0.0001
BAL,PMA/Iono,4,-,-,-,+,DEI 118,HIV+ART>1Yr,3.83,0.0549
BAL,PMA/Iono,4,-,-,-,+,DEI 119,HIV+ART>1Yr,0.001,0.0002
BAL,PMA/Iono,4,-,-,-,+,DEI 11A,HIV+ART>1Yr,0.431,0.0306
BAL,PMA/Iono,4,-,-,-,+,DEI 11B,HIV-,3.88,0.1056
BAL,PMA/Iono,4,-,-,-,+,DEI 11C,HIV+ART>1Yr,2.04,0.276
BAL,PMA/Iono,4,-,-,-,+,DEI 11D,HIV+ART>1Yr,1.47,0.0647
BAL,PMA/Iono,4,-,-,-,+,DEI 11G,HIV+ART>1Yr,2.97,0.0381
BAL,PMA/Iono,4,-,-,-,+,DEI 11I,HIV+ART>1Yr,0.85,0.0112
BAL,PMA/Iono,4,-,-,-,+,DEI 11K,HIV-,8.13,0.0902
BAL,PMA/Iono,4,-,-,-,+,DEI 11M,HIV+ART>1Yr,1.65,0.0478
BAL,PMA/Iono,4,-,-,-,+,DEI 11N,HIV-,1.24,0.0217
BAL,PMA/Iono,4,-,-,-,+,DEI 11P,HIV+ART>1Yr,11.99,0.1582
BAL,PMA/Iono,4,-,-,-,+,DEI 11Q,HIV-,7.28,0.1051
BAL,PMA/Iono,4,-,-,-,+,DEI 11R,HIV+ART>1Yr,9.57,0.132
BAL,PMA/Iono,4,-,-,-,+,DEI 11U,HIV-,12.96,0.1981
BAL,PMA/Iono,4,-,-,-,+,DEI 11V,HIV-,13.24,0.1864
BAL,PMA/Iono,4,-,-,-,+,DEI 11Y,HIV-,3.6,0.0428
BAL,PMA/Iono,4,-,-,-,+,DEI 11Z,HIV-,0.56,0.0062
BAL,PMA/Iono,4,-,-,-,+,DEI 13V,HIV-,7.2,0.1212
BAL,PMA/Iono,4,-,-,-,+,DEI 141,HIV-,5.07,0.0765
BAL,PMA/Iono,4,-,-,-,+,DEI 143,HIV-,1.41,0.0168
BAL,PMA/Iono,8,+,+,+,+,DEI 103,HIV-,3.37,0.2052
BAL,PMA/Iono,8,+,+,+,+,DEI 104,HIV-,54.83,0.5952
BAL,PMA/Iono,8,+,+,+,+,DEI 107,HIV-,55.57,0.5984
BAL,PMA/Iono,8,+,+,+,+,DEI 108,HIV-,32.18,0.539
BAL,PMA/Iono,8,+,+,+,+,DEI 109,HIV-,56.18,0.6823
BAL,PMA/Iono,8,+,+,+,+,DEI 10A,HIV-,30.46,0.6664
BAL,PMA/Iono,8,+,+,+,+,DEI 10E,HIV-,35.43,0.7059
BAL,PMA/Iono,8,+,+,+,+,DEI 10F,HIV-,41.45,0.4625
BAL,PMA/Iono,8,+,+,+,+,DEI 10G,HIV-,22.59,0.3197
BAL,PMA/Iono,8,+,+,+,+,DEI 10H,HIV-,45.09,0.5248
BAL,PMA/Iono,8,+,+,+,+,DEI 10I,HIV-,62.77,0.6604
BAL,PMA/Iono,8,+,+,+,+,DEI 10J,HIV+ART>1Yr,34.16,0.4117
BAL,PMA/Iono,8,+,+,+,+,DEI 10K,HIV+ART>1Yr,9.882,0.1099
BAL,PMA/Iono,8,+,+,+,+,DEI 10L,HIV-,20.94,0.2936
BAL,PMA/Iono,8,+,+,+,+,DEI 10M,HIV-,46.35,0.5585
BAL,PMA/Iono,8,+,+,+,+,DEI 10N,HIV+ART>1Yr,13.17,0.157
BAL,PMA/Iono,8,+,+,+,+,DEI 10P,HIV+ART>1Yr,54.02,0.5681
BAL,PMA/Iono,8,+,+,+,+,DEI 10Q,HIV-,24.67,0.3369
BAL,PMA/Iono,8,+,+,+,+,DEI 10R,HIV+ART>1Yr,14.34,0.2374
BAL,PMA/Iono,8,+,+,+,+,DEI 10S,HIV-,14.33,0.3762
BAL,PMA/Iono,8,+,+,+,+,DEI 10T,HIV-,68.58,0.749
BAL,PMA/Iono,8,+,+,+,+,DEI 10U,HIV-,56.89,0.6575
BAL,PMA/Iono,8,+,+,+,+,DEI 10V,HIV-,5.49,0.1631
BAL,PMA/Iono,8,+,+,+,+,DEI 10W,HIV-,41.57,0.4957
BAL,PMA/Iono,8,+,+,+,+,DEI 10X,HIV-,3.39,0.2022
BAL,PMA/Iono,8,+,+,+,+,DEI 10Y,HIV-,24.32,0.3812
BAL,PMA/Iono,8,+,+,+,+,DEI 10Z,HIV+ART>1Yr,31.8,0.6647
BAL,PMA/Iono,8,+,+,+,+,DEI 110,HIV-,29.73,0.3542
BAL,PMA/Iono,8,+,+,+,+,DEI 111,HIV+ART>1Yr,0.001,0.0003
BAL,PMA/Iono,8,+,+,+,+,DEI 112,HIV+ART>1Yr,39.55,0.4392
BAL,PMA/Iono,8,+,+,+,+,DEI 113,HIV-,15.57,0.3954
BAL,PMA/Iono,8,+,+,+,+,DEI 114,HIV+ART>1Yr,47.14,0.5207
BAL,PMA/Iono,8,+,+,+,+,DEI 115,HIV+ART>1Yr,51.99,0.6286
BAL,PMA/Iono,8,+,+,+,+,DEI 116,HIV+ART>1Yr,0.001,0.0001
BAL,PMA/Iono,8,+,+,+,+,DEI 118,HIV+ART>1Yr,75.75,0.787
BAL,PMA/Iono,8,+,+,+,+,DEI 119,HIV+ART>1Yr,0.001,0.0001
BAL,PMA/Iono,8,+,+,+,+,DEI 11A,HIV+ART>1Yr,27.2,0.3311
BAL,PMA/Iono,8,+,+,+,+,DEI 11B,HIV-,56.44,0.6394
BAL,PMA/Iono,8,+,+,+,+,DEI 11C,HIV+ART>1Yr,15.83,0.3919
BAL,PMA/Iono,8,+,+,+,+,DEI 11D,HIV+ART>1Yr,44.55,0.5902
BAL,PMA/Iono,8,+,+,+,+,DEI 11G,HIV+ART>1Yr,49.84,0.5114
BAL,PMA/Iono,8,+,+,+,+,DEI 11I,HIV+ART>1Yr,61.17,0.6517
BAL,PMA/Iono,8,+,+,+,+,DEI 11K,HIV-,37.67,0.4061
BAL,PMA/Iono,8,+,+,+,+,DEI 11M,HIV+ART>1Yr,32.77,0.4874
BAL,PMA/Iono,8,+,+,+,+,DEI 11N,HIV-,44.65,0.5716
BAL,PMA/Iono,8,+,+,+,+,DEI 11P,HIV+ART>1Yr,39.88,0.4227
BAL,PMA/Iono,8,+,+,+,+,DEI 11Q,HIV-,23.57,0.3412
BAL,PMA/Iono,8,+,+,+,+,DEI 11R,HIV+ART>1Yr,33.67,0.3819
BAL,PMA/Iono,8,+,+,+,+,DEI 11U,HIV-,36.9,0.4356
BAL,PMA/Iono,8,+,+,+,+,DEI 11V,HIV-,32.76,0.3887
BAL,PMA/Iono,8,+,+,+,+,DEI 11Y,HIV-,22.48,0.2773
BAL,PMA/Iono,8,+,+,+,+,DEI 11Z,HIV-,41.44,0.4335
BAL,PMA/Iono,8,+,+,+,+,DEI 13V,HIV-,4.631,0.0865
BAL,PMA/Iono,8,+,+,+,+,DEI 141,HIV-,13.51,0.1985
BAL,PMA/Iono,8,+,+,+,+,DEI 143,HIV-,38.7,0.4185
BAL,PMA/Iono,8,+,+,+,-,DEI 103,HIV-,3.05,0.1857
BAL,PMA/Iono,8,+,+,+,-,DEI 104,HIV-,8.92,0.0968
BAL,PMA/Iono,8,+,+,+,-,DEI 107,HIV-,7.05,0.0759
BAL,PMA/Iono,8,+,+,+,-,DEI 108,HIV-,10.88,0.1822
BAL,PMA/Iono,8,+,+,+,-,DEI 109,HIV-,2.07,0.0251
BAL,PMA/Iono,8,+,+,+,-,DEI 10A,HIV-,3.71,0.0812
BAL,PMA/Iono,8,+,+,+,-,DEI 10E,HIV-,5.45,0.1086
BAL,PMA/Iono,8,+,+,+,-,DEI 10F,HIV-,2.5,0.0279
BAL,PMA/Iono,8,+,+,+,-,DEI 10G,HIV-,7.35,0.104
BAL,PMA/Iono,8,+,+,+,-,DEI 10H,HIV-,16.72,0.1946
BAL,PMA/Iono,8,+,+,+,-,DEI 10I,HIV-,7.22,0.076
BAL,PMA/Iono,8,+,+,+,-,DEI 10J,HIV+ART>1Yr,25.53,0.3077
BAL,PMA/Iono,8,+,+,+,-,DEI 10K,HIV+ART>1Yr,10.98,0.1221
BAL,PMA/Iono,8,+,+,+,-,DEI 10L,HIV-,12.66,0.1775
BAL,PMA/Iono,8,+,+,+,-,DEI 10M,HIV-,15.45,0.1862
BAL,PMA/Iono,8,+,+,+,-,DEI 10N,HIV+ART>1Yr,11.76,0.1402
BAL,PMA/Iono,8,+,+,+,-,DEI 10P,HIV+ART>1Yr,7.9,0.0831
BAL,PMA/Iono,8,+,+,+,-,DEI 10Q,HIV-,3.77,0.0515
BAL,PMA/Iono,8,+,+,+,-,DEI 10R,HIV+ART>1Yr,3.35,0.0555
BAL,PMA/Iono,8,+,+,+,-,DEI 10S,HIV-,1.73,0.0454
BAL,PMA/Iono,8,+,+,+,-,DEI 10T,HIV-,6.99,0.0763
BAL,PMA/Iono,8,+,+,+,-,DEI 10U,HIV-,10.03,0.1159
BAL,PMA/Iono,8,+,+,+,-,DEI 10V,HIV-,1.65,0.049
BAL,PMA/Iono,8,+,+,+,-,DEI 10W,HIV-,1.13,0.0135
BAL,PMA/Iono,8,+,+,+,-,DEI 10X,HIV-,0.83,0.0495
BAL,PMA/Iono,8,+,+,+,-,DEI 10Y,HIV-,14.96,0.2345
BAL,PMA/Iono,8,+,+,+,-,DEI 10Z,HIV+ART>1Yr,4.56,0.0953
BAL,PMA/Iono,8,+,+,+,-,DEI 110,HIV-,4.15,0.0494
BAL,PMA/Iono,8,+,+,+,-,DEI 111,HIV+ART>1Yr,0.001,0.0003
BAL,PMA/Iono,8,+,+,+,-,DEI 112,HIV+ART>1Yr,2.5,0.0278
BAL,PMA/Iono,8,+,+,+,-,DEI 113,HIV-,5.98,0.1518
BAL,PMA/Iono,8,+,+,+,-,DEI 114,HIV+ART>1Yr,9.13,0.1009
BAL,PMA/Iono,8,+,+,+,-,DEI 115,HIV+ART>1Yr,4.81,0.0582
BAL,PMA/Iono,8,+,+,+,-,DEI 116,HIV+ART>1Yr,0.104,0.0098
BAL,PMA/Iono,8,+,+,+,-,DEI 118,HIV+ART>1Yr,3.96,0.0411
BAL,PMA/Iono,8,+,+,+,-,DEI 119,HIV+ART>1Yr,0.001,0.0001
BAL,PMA/Iono,8,+,+,+,-,DEI 11A,HIV+ART>1Yr,1.23,0.015
BAL,PMA/Iono,8,+,+,+,-,DEI 11B,HIV-,12.73,0.1442
BAL,PMA/Iono,8,+,+,+,-,DEI 11C,HIV+ART>1Yr,4.66,0.1154
BAL,PMA/Iono,8,+,+,+,-,DEI 11D,HIV+ART>1Yr,10.42,0.138
BAL,PMA/Iono,8,+,+,+,-,DEI 11G,HIV+ART>1Yr,4.58,0.047
BAL,PMA/Iono,8,+,+,+,-,DEI 11I,HIV+ART>1Yr,4.48,0.0477
BAL,PMA/Iono,8,+,+,+,-,DEI 11K,HIV-,10.22,0.1102
BAL,PMA/Iono,8,+,+,+,-,DEI 11M,HIV+ART>1Yr,9.67,0.1438
BAL,PMA/Iono,8,+,+,+,-,DEI 11N,HIV-,8.33,0.1066
BAL,PMA/Iono,8,+,+,+,-,DEI 11P,HIV+ART>1Yr,10.42,0.1105
BAL,PMA/Iono,8,+,+,+,-,DEI 11Q,HIV-,7.1,0.1028
BAL,PMA/Iono,8,+,+,+,-,DEI 11R,HIV+ART>1Yr,16.76,0.1901
BAL,PMA/Iono,8,+,+,+,-,DEI 11U,HIV-,2.77,0.0327
BAL,PMA/Iono,8,+,+,+,-,DEI 11V,HIV-,6.98,0.0828
BAL,PMA/Iono,8,+,+,+,-,DEI 11Y,HIV-,3.42,0.0422
BAL,PMA/Iono,8,+,+,+,-,DEI 11Z,HIV-,4.34,0.0454
BAL,PMA/Iono,8,+,+,+,-,DEI 13V,HIV-,1.13,0.0211
BAL,PMA/Iono,8,+,+,+,-,DEI 141,HIV-,6.74,0.099
BAL,PMA/Iono,8,+,+,+,-,DEI 143,HIV-,2.09,0.0226
BAL,PMA/Iono,8,+,+,-,+,DEI 103,HIV-,0.29,0.0177
BAL,PMA/Iono,8,+,+,-,+,DEI 104,HIV-,2.18,0.0237
BAL,PMA/Iono,8,+,+,-,+,DEI 107,HIV-,0.35,0.0038
BAL,PMA/Iono,8,+,+,-,+,DEI 108,HIV-,3.56,0.0596
BAL,PMA/Iono,8,+,+,-,+,DEI 109,HIV-,8.82,0.1071
BAL,PMA/Iono,8,+,+,-,+,DEI 10A,HIV-,1.69,0.037
BAL,PMA/Iono,8,+,+,-,+,DEI 10E,HIV-,2.5,0.0498
BAL,PMA/Iono,8,+,+,-,+,DEI 10F,HIV-,4.67,0.0521
BAL,PMA/Iono,8,+,+,-,+,DEI 10G,HIV-,11.34,0.1605
BAL,PMA/Iono,8,+,+,-,+,DEI 10H,HIV-,4.93,0.0574
BAL,PMA/Iono,8,+,+,-,+,DEI 10I,HIV-,3.23,0.034
BAL,PMA/Iono,8,+,+,-,+,DEI 10J,HIV+ART>1Yr,4.39,0.0529
BAL,PMA/Iono,8,+,+,-,+,DEI 10K,HIV+ART>1Yr,0.42,0.0047
BAL,PMA/Iono,8,+,+,-,+,DEI 10L,HIV-,11.28,0.1581
BAL,PMA/Iono,8,+,+,-,+,DEI 10M,HIV-,2.5,0.0301
BAL,PMA/Iono,8,+,+,-,+,DEI 10N,HIV+ART>1Yr,0.92,0.011
BAL,PMA/Iono,8,+,+,-,+,DEI 10P,HIV+ART>1Yr,3.01,0.0317
BAL,PMA/Iono,8,+,+,-,+,DEI 10Q,HIV-,16.51,0.2255
BAL,PMA/Iono,8,+,+,-,+,DEI 10R,HIV+ART>1Yr,10.92,0.1808
BAL,PMA/Iono,8,+,+,-,+,DEI 10S,HIV-,2.25,0.0591
BAL,PMA/Iono,8,+,+,-,+,DEI 10T,HIV-,4.89,0.0534
BAL,PMA/Iono,8,+,+,-,+,DEI 10U,HIV-,7.77,0.0898
BAL,PMA/Iono,8,+,+,-,+,DEI 10V,HIV-,16.71,0.4963
BAL,PMA/Iono,8,+,+,-,+,DEI 10W,HIV-,16.46,0.1963
BAL,PMA/Iono,8,+,+,-,+,DEI 10X,HIV-,9.24,0.5512
BAL,PMA/Iono,8,+,+,-,+,DEI 10Y,HIV-,9.95,0.156
BAL,PMA/Iono,8,+,+,-,+,DEI 10Z,HIV+ART>1Yr,0.001,0
BAL,PMA/Iono,8,+,+,-,+,DEI 110,HIV-,5.48,0.0653
BAL,PMA/Iono,8,+,+,-,+,DEI 111,HIV+ART>1Yr,0.001,0.0003
BAL,PMA/Iono,8,+,+,-,+,DEI 112,HIV+ART>1Yr,5.88,0.0653
BAL,PMA/Iono,8,+,+,-,+,DEI 113,HIV-,6.49,0.1648
BAL,PMA/Iono,8,+,+,-,+,DEI 114,HIV+ART>1Yr,7.42,0.082
BAL,PMA/Iono,8,+,+,-,+,DEI 115,HIV+ART>1Yr,3.87,0.0468
BAL,PMA/Iono,8,+,+,-,+,DEI 116,HIV+ART>1Yr,4.43,0.416
BAL,PMA/Iono,8,+,+,-,+,DEI 118,HIV+ART>1Yr,2.4,0.0249
BAL,PMA/Iono,8,+,+,-,+,DEI 119,HIV+ART>1Yr,0.83,0.0623
BAL,PMA/Iono,8,+,+,-,+,DEI 11A,HIV+ART>1Yr,3.54,0.0431
BAL,PMA/Iono,8,+,+,-,+,DEI 11B,HIV-,6.21,0.0704
BAL,PMA/Iono,8,+,+,-,+,DEI 11C,HIV+ART>1Yr,0.66,0.0163
BAL,PMA/Iono,8,+,+,-,+,DEI 11D,HIV+ART>1Yr,0.76,0.0101
BAL,PMA/Iono,8,+,+,-,+,DEI 11G,HIV+ART>1Yr,0.42,0.0043
BAL,PMA/Iono,8,+,+,-,+,DEI 11I,HIV+ART>1Yr,0.001,0
BAL,PMA/Iono,8,+,+,-,+,DEI 11K,HIV-,3.43,0.037
BAL,PMA/Iono,8,+,+,-,+,DEI 11M,HIV+ART>1Yr,4.89,0.0727
BAL,PMA/Iono,8,+,+,-,+,DEI 11N,HIV-,10.48,0.1342
BAL,PMA/Iono,8,+,+,-,+,DEI 11P,HIV+ART>1Yr,1.82,0.0193
BAL,PMA/Iono,8,+,+,-,+,DEI 11Q,HIV-,17.49,0.2532
BAL,PMA/Iono,8,+,+,-,+,DEI 11R,HIV+ART>1Yr,4.47,0.0507
BAL,PMA/Iono,8,+,+,-,+,DEI 11U,HIV-,20.42,0.2411
BAL,PMA/Iono,8,+,+,-,+,DEI 11V,HIV-,21.08,0.2501
BAL,PMA/Iono,8,+,+,-,+,DEI 11Y,HIV-,23.79,0.2935
BAL,PMA/Iono,8,+,+,-,+,DEI 11Z,HIV-,9.43,0.0986
BAL,PMA/Iono,8,+,+,-,+,DEI 13V,HIV-,39,0.7283
BAL,PMA/Iono,8,+,+,-,+,DEI 141,HIV-,22.79,0.3348
BAL,PMA/Iono,8,+,+,-,+,DEI 143,HIV-,9.5,0.1027
BAL,PMA/Iono,8,+,-,+,+,DEI 103,HIV-,0.35,0.0213
BAL,PMA/Iono,8,+,-,+,+,DEI 104,HIV-,6.64,0.0721
BAL,PMA/Iono,8,+,-,+,+,DEI 107,HIV-,1.73,0.0186
BAL,PMA/Iono,8,+,-,+,+,DEI 108,HIV-,1.673,0.028
BAL,PMA/Iono,8,+,-,+,+,DEI 109,HIV-,0.15,0.0018
BAL,PMA/Iono,8,+,-,+,+,DEI 10A,HIV-,1.37,0.03
BAL,PMA/Iono,8,+,-,+,+,DEI 10E,HIV-,0.45,0.009
BAL,PMA/Iono,8,+,-,+,+,DEI 10F,HIV-,3.803,0.0424
BAL,PMA/Iono,8,+,-,+,+,DEI 10G,HIV-,1.94,0.0275
BAL,PMA/Iono,8,+,-,+,+,DEI 10H,HIV-,2.26,0.0263
BAL,PMA/Iono,8,+,-,+,+,DEI 10I,HIV-,5.59,0.0588
BAL,PMA/Iono,8,+,-,+,+,DEI 10J,HIV+ART>1Yr,1.11,0.0134
BAL,PMA/Iono,8,+,-,+,+,DEI 10K,HIV+ART>1Yr,0.299,0.0033
BAL,PMA/Iono,8,+,-,+,+,DEI 10L,HIV-,1.03,0.0144
BAL,PMA/Iono,8,+,-,+,+,DEI 10M,HIV-,0.81,0.0098
BAL,PMA/Iono,8,+,-,+,+,DEI 10N,HIV+ART>1Yr,1.018,0.0121
BAL,PMA/Iono,8,+,-,+,+,DEI 10P,HIV+ART>1Yr,0.95,0.01
BAL,PMA/Iono,8,+,-,+,+,DEI 10Q,HIV-,0.623,0.0085
BAL,PMA/Iono,8,+,-,+,+,DEI 10R,HIV+ART>1Yr,0.983,0.0163
BAL,PMA/Iono,8,+,-,+,+,DEI 10S,HIV-,1.02,0.0268
BAL,PMA/Iono,8,+,-,+,+,DEI 10T,HIV-,2.463,0.0269
BAL,PMA/Iono,8,+,-,+,+,DEI 10U,HIV-,2.69,0.0311
BAL,PMA/Iono,8,+,-,+,+,DEI 10V,HIV-,0.85,0.0252
BAL,PMA/Iono,8,+,-,+,+,DEI 10W,HIV-,1.994,0.0238
BAL,PMA/Iono,8,+,-,+,+,DEI 10X,HIV-,0.67,0.04
BAL,PMA/Iono,8,+,-,+,+,DEI 10Y,HIV-,0.734,0.0115
BAL,PMA/Iono,8,+,-,+,+,DEI 10Z,HIV+ART>1Yr,0.46,0.0096
BAL,PMA/Iono,8,+,-,+,+,DEI 110,HIV-,2.17,0.0259
BAL,PMA/Iono,8,+,-,+,+,DEI 111,HIV+ART>1Yr,0.2,0.0604
BAL,PMA/Iono,8,+,-,+,+,DEI 112,HIV+ART>1Yr,4.17,0.0463
BAL,PMA/Iono,8,+,-,+,+,DEI 113,HIV-,2.68,0.0681
BAL,PMA/Iono,8,+,-,+,+,DEI 114,HIV+ART>1Yr,2.48,0.0274
BAL,PMA/Iono,8,+,-,+,+,DEI 115,HIV+ART>1Yr,3.28,0.0397
BAL,PMA/Iono,8,+,-,+,+,DEI 116,HIV+ART>1Yr,4.12,0.3869
BAL,PMA/Iono,8,+,-,+,+,DEI 118,HIV+ART>1Yr,2.806,0.0292
BAL,PMA/Iono,8,+,-,+,+,DEI 119,HIV+ART>1Yr,7.51,0.5634
BAL,PMA/Iono,8,+,-,+,+,DEI 11A,HIV+ART>1Yr,0.29,0.0035
BAL,PMA/Iono,8,+,-,+,+,DEI 11B,HIV-,0.38,0.0043
BAL,PMA/Iono,8,+,-,+,+,DEI 11C,HIV+ART>1Yr,0.92,0.0228
BAL,PMA/Iono,8,+,-,+,+,DEI 11D,HIV+ART>1Yr,2.96,0.0392
BAL,PMA/Iono,8,+,-,+,+,DEI 11G,HIV+ART>1Yr,3.71,0.0381
BAL,PMA/Iono,8,+,-,+,+,DEI 11I,HIV+ART>1Yr,3.24,0.0345
BAL,PMA/Iono,8,+,-,+,+,DEI 11K,HIV-,1.94,0.0209
BAL,PMA/Iono,8,+,-,+,+,DEI 11M,HIV+ART>1Yr,0.96,0.0143
BAL,PMA/Iono,8,+,-,+,+,DEI 11N,HIV-,2.66,0.0341
BAL,PMA/Iono,8,+,-,+,+,DEI 11P,HIV+ART>1Yr,5.52,0.0585
BAL,PMA/Iono,8,+,-,+,+,DEI 11Q,HIV-,1.77,0.0256
BAL,PMA/Iono,8,+,-,+,+,DEI 11R,HIV+ART>1Yr,3.2,0.0363
BAL,PMA/Iono,8,+,-,+,+,DEI 11U,HIV-,0.21,0.0025
BAL,PMA/Iono,8,+,-,+,+,DEI 11V,HIV-,0.79,0.0094
BAL,PMA/Iono,8,+,-,+,+,DEI 11Y,HIV-,0.49,0.006
BAL,PMA/Iono,8,+,-,+,+,DEI 11Z,HIV-,0.5,0.0052
BAL,PMA/Iono,8,+,-,+,+,DEI 13V,HIV-,0.04,0.0007
BAL,PMA/Iono,8,+,-,+,+,DEI 141,HIV-,0.06,0.0009
BAL,PMA/Iono,8,+,-,+,+,DEI 143,HIV-,0.72,0.0078
BAL,PMA/Iono,8,+,-,+,-,DEI 103,HIV-,0.4,0.0244
BAL,PMA/Iono,8,+,-,+,-,DEI 104,HIV-,1.53,0.0166
BAL,PMA/Iono,8,+,-,+,-,DEI 107,HIV-,0.14,0.0015
BAL,PMA/Iono,8,+,-,+,-,DEI 108,HIV-,0.17,0.0028
BAL,PMA/Iono,8,+,-,+,-,DEI 109,HIV-,0.05,0.0006
BAL,PMA/Iono,8,+,-,+,-,DEI 10A,HIV-,0.16,0.0035
BAL,PMA/Iono,8,+,-,+,-,DEI 10E,HIV-,0.24,0.0048
BAL,PMA/Iono,8,+,-,+,-,DEI 10F,HIV-,0.2,0.0022
BAL,PMA/Iono,8,+,-,+,-,DEI 10G,HIV-,0.35,0.005
BAL,PMA/Iono,8,+,-,+,-,DEI 10H,HIV-,1.24,0.0144
BAL,PMA/Iono,8,+,-,+,-,DEI 10I,HIV-,0.67,0.007
BAL,PMA/Iono,8,+,-,+,-,DEI 10J,HIV+ART>1Yr,0.48,0.0058
BAL,PMA/Iono,8,+,-,+,-,DEI 10K,HIV+ART>1Yr,0.376,0.0042
BAL,PMA/Iono,8,+,-,+,-,DEI 10L,HIV-,0.75,0.0105
BAL,PMA/Iono,8,+,-,+,-,DEI 10M,HIV-,0.342,0.0041
BAL,PMA/Iono,8,+,-,+,-,DEI 10N,HIV+ART>1Yr,1.145,0.0136
BAL,PMA/Iono,8,+,-,+,-,DEI 10P,HIV+ART>1Yr,0.27,0.0028
BAL,PMA/Iono,8,+,-,+,-,DEI 10Q,HIV-,0.07,0.001
BAL,PMA/Iono,8,+,-,+,-,DEI 10R,HIV+ART>1Yr,0.25,0.0041
BAL,PMA/Iono,8,+,-,+,-,DEI 10S,HIV-,0.14,0.0037
BAL,PMA/Iono,8,+,-,+,-,DEI 10T,HIV-,0.39,0.0043
BAL,PMA/Iono,8,+,-,+,-,DEI 10U,HIV-,0.53,0.0061
BAL,PMA/Iono,8,+,-,+,-,DEI 10V,HIV-,0.06,0.0018
BAL,PMA/Iono,8,+,-,+,-,DEI 10W,HIV-,0.1,0.0012
BAL,PMA/Iono,8,+,-,+,-,DEI 10X,HIV-,0.001,0.0001
BAL,PMA/Iono,8,+,-,+,-,DEI 10Y,HIV-,0.57,0.0089
BAL,PMA/Iono,8,+,-,+,-,DEI 10Z,HIV+ART>1Yr,0.02,0.0004
BAL,PMA/Iono,8,+,-,+,-,DEI 110,HIV-,0.25,0.003
BAL,PMA/Iono,8,+,-,+,-,DEI 111,HIV+ART>1Yr,0.001,0.0003
BAL,PMA/Iono,8,+,-,+,-,DEI 112,HIV+ART>1Yr,0.44,0.0049
BAL,PMA/Iono,8,+,-,+,-,DEI 113,HIV-,0.7,0.0178
BAL,PMA/Iono,8,+,-,+,-,DEI 114,HIV+ART>1Yr,0.57,0.0063
BAL,PMA/Iono,8,+,-,+,-,DEI 115,HIV+ART>1Yr,0.42,0.0051
BAL,PMA/Iono,8,+,-,+,-,DEI 116,HIV+ART>1Yr,0.001,0.0001
BAL,PMA/Iono,8,+,-,+,-,DEI 118,HIV+ART>1Yr,0.188,0.002
BAL,PMA/Iono,8,+,-,+,-,DEI 119,HIV+ART>1Yr,0.001,0.0001
BAL,PMA/Iono,8,+,-,+,-,DEI 11A,HIV+ART>1Yr,0.02,0.0002
BAL,PMA/Iono,8,+,-,+,-,DEI 11B,HIV-,0.08,0.0009
BAL,PMA/Iono,8,+,-,+,-,DEI 11C,HIV+ART>1Yr,0.18,0.0045
BAL,PMA/Iono,8,+,-,+,-,DEI 11D,HIV+ART>1Yr,0.48,0.0064
BAL,PMA/Iono,8,+,-,+,-,DEI 11G,HIV+ART>1Yr,0.47,0.0048
BAL,PMA/Iono,8,+,-,+,-,DEI 11I,HIV+ART>1Yr,0.313,0.0033
BAL,PMA/Iono,8,+,-,+,-,DEI 11K,HIV-,0.48,0.0052
BAL,PMA/Iono,8,+,-,+,-,DEI 11M,HIV+ART>1Yr,0.28,0.0042
BAL,PMA/Iono,8,+,-,+,-,DEI 11N,HIV-,0.38,0.0049
BAL,PMA/Iono,8,+,-,+,-,DEI 11P,HIV+ART>1Yr,0.93,0.0099
BAL,PMA/Iono,8,+,-,+,-,DEI 11Q,HIV-,0.73,0.0106
BAL,PMA/Iono,8,+,-,+,-,DEI 11R,HIV+ART>1Yr,1.24,0.0141
BAL,PMA/Iono,8,+,-,+,-,DEI 11U,HIV-,0.001,0
BAL,PMA/Iono,8,+,-,+,-,DEI 11V,HIV-,0.08,0.0009
BAL,PMA/Iono,8,+,-,+,-,DEI 11Y,HIV-,0.02,0.0002
BAL,PMA/Iono,8,+,-,+,-,DEI 11Z,HIV-,0.07,0.0007
BAL,PMA/Iono,8,+,-,+,-,DEI 13V,HIV-,0.001,0
BAL,PMA/Iono,8,+,-,+,-,DEI 141,HIV-,0.024,0.0004
BAL,PMA/Iono,8,+,-,+,-,DEI 143,HIV-,0.001,0
BAL,PMA/Iono,8,+,-,-,+,DEI 103,HIV-,0.19,0.0116
BAL,PMA/Iono,8,+,-,-,+,DEI 104,HIV-,0.29,0.0031
BAL,PMA/Iono,8,+,-,-,+,DEI 107,HIV-,0.03,0.0003
BAL,PMA/Iono,8,+,-,-,+,DEI 108,HIV-,0.23,0.0039
BAL,PMA/Iono,8,+,-,-,+,DEI 109,HIV-,0.05,0.0006
BAL,PMA/Iono,8,+,-,-,+,DEI 10A,HIV-,0.08,0.0018
BAL,PMA/Iono,8,+,-,-,+,DEI 10E,HIV-,0.05,0.001
BAL,PMA/Iono,8,+,-,-,+,DEI 10F,HIV-,0.25,0.0028
BAL,PMA/Iono,8,+,-,-,+,DEI 10G,HIV-,1.32,0.0187
BAL,PMA/Iono,8,+,-,-,+,DEI 10H,HIV-,0.001,0
BAL,PMA/Iono,8,+,-,-,+,DEI 10I,HIV-,0.16,0.0017
BAL,PMA/Iono,8,+,-,-,+,DEI 10J,HIV+ART>1Yr,0.33,0.004
BAL,PMA/Iono,8,+,-,-,+,DEI 10K,HIV+ART>1Yr,0.023,0.0003
BAL,PMA/Iono,8,+,-,-,+,DEI 10L,HIV-,0.33,0.0046
BAL,PMA/Iono,8,+,-,-,+,DEI 10M,HIV-,0.05,0.0006
BAL,PMA/Iono,8,+,-,-,+,DEI 10N,HIV+ART>1Yr,0.074,0.0009
BAL,PMA/Iono,8,+,-,-,+,DEI 10P,HIV+ART>1Yr,0.001,0
BAL,PMA/Iono,8,+,-,-,+,DEI 10Q,HIV-,0.57,0.0078
BAL,PMA/Iono,8,+,-,-,+,DEI 10R,HIV+ART>1Yr,0.38,0.0063
BAL,PMA/Iono,8,+,-,-,+,DEI 10S,HIV-,0.22,0.0058
BAL,PMA/Iono,8,+,-,-,+,DEI 10T,HIV-,0.38,0.0042
BAL,PMA/Iono,8,+,-,-,+,DEI 10U,HIV-,1.08,0.0125
BAL,PMA/Iono,8,+,-,-,+,DEI 10V,HIV-,1.69,0.0502
BAL,PMA/Iono,8,+,-,-,+,DEI 10W,HIV-,1.03,0.0123
BAL,PMA/Iono,8,+,-,-,+,DEI 10X,HIV-,0.2,0.0119
BAL,PMA/Iono,8,+,-,-,+,DEI 10Y,HIV-,0.46,0.0072
BAL,PMA/Iono,8,+,-,-,+,DEI 10Z,HIV+ART>1Yr,0.001,0
BAL,PMA/Iono,8,+,-,-,+,DEI 110,HIV-,0.51,0.0061
BAL,PMA/Iono,8,+,-,-,+,DEI 111,HIV+ART>1Yr,0.001,0.0003
BAL,PMA/Iono,8,+,-,-,+,DEI 112,HIV+ART>1Yr,0.69,0.0077
BAL,PMA/Iono,8,+,-,-,+,DEI 113,HIV-,1.52,0.0386
BAL,PMA/Iono,8,+,-,-,+,DEI 114,HIV+ART>1Yr,0.52,0.0057
BAL,PMA/Iono,8,+,-,-,+,DEI 115,HIV+ART>1Yr,0.3,0.0036
BAL,PMA/Iono,8,+,-,-,+,DEI 116,HIV+ART>1Yr,0.13,0.0122
BAL,PMA/Iono,8,+,-,-,+,DEI 118,HIV+ART>1Yr,0.16,0.0017
BAL,PMA/Iono,8,+,-,-,+,DEI 119,HIV+ART>1Yr,0.001,0.0001
BAL,PMA/Iono,8,+,-,-,+,DEI 11A,HIV+ART>1Yr,0.03,0.0004
BAL,PMA/Iono,8,+,-,-,+,DEI 11B,HIV-,0.11,0.0012
BAL,PMA/Iono,8,+,-,-,+,DEI 11C,HIV+ART>1Yr,0.05,0.0012
BAL,PMA/Iono,8,+,-,-,+,DEI 11D,HIV+ART>1Yr,0.001,0
BAL,PMA/Iono,8,+,-,-,+,DEI 11G,HIV+ART>1Yr,0.045,0.0005
BAL,PMA/Iono,8,+,-,-,+,DEI 11I,HIV+ART>1Yr,0.1,0.0011
BAL,PMA/Iono,8,+,-,-,+,DEI 11K,HIV-,0.53,0.0057
BAL,PMA/Iono,8,+,-,-,+,DEI 11M,HIV+ART>1Yr,0.19,0.0028
BAL,PMA/Iono,8,+,-,-,+,DEI 11N,HIV-,0.98,0.0125
BAL,PMA/Iono,8,+,-,-,+,DEI 11P,HIV+ART>1Yr,0.73,0.0077
BAL,PMA/Iono,8,+,-,-,+,DEI 11Q,HIV-,1.59,0.023
BAL,PMA/Iono,8,+,-,-,+,DEI 11R,HIV+ART>1Yr,0.7,0.0079
BAL,PMA/Iono,8,+,-,-,+,DEI 11U,HIV-,0.21,0.0025
BAL,PMA/Iono,8,+,-,-,+,DEI 11V,HIV-,1.7,0.0202
BAL,PMA/Iono,8,+,-,-,+,DEI 11Y,HIV-,0.33,0.0041
BAL,PMA/Iono,8,+,-,-,+,DEI 11Z,HIV-,0.07,0.0007
BAL,PMA/Iono,8,+,-,-,+,DEI 13V,HIV-,0.217,0.0041
BAL,PMA/Iono,8,+,-,-,+,DEI 141,HIV-,0.144,0.0021
BAL,PMA/Iono,8,+,-,-,+,DEI 143,HIV-,0.72,0.0078
BAL,PMA/Iono,8,-,+,+,+,DEI 103,HIV-,3.08,0.1876
BAL,PMA/Iono,8,-,+,+,+,DEI 104,HIV-,6.891,0.0748
BAL,PMA/Iono,8,-,+,+,+,DEI 107,HIV-,18.14,0.1953
BAL,PMA/Iono,8,-,+,+,+,DEI 108,HIV-,6.79,0.1137
BAL,PMA/Iono,8,-,+,+,+,DEI 109,HIV-,12.24,0.1486
BAL,PMA/Iono,8,-,+,+,+,DEI 10A,HIV-,3.99,0.0873
BAL,PMA/Iono,8,-,+,+,+,DEI 10E,HIV-,2.82,0.0562
BAL,PMA/Iono,8,-,+,+,+,DEI 10F,HIV-,25.03,0.2793
BAL,PMA/Iono,8,-,+,+,+,DEI 10G,HIV-,10.84,0.1534
BAL,PMA/Iono,8,-,+,+,+,DEI 10H,HIV-,9.16,0.1066
BAL,PMA/Iono,8,-,+,+,+,DEI 10I,HIV-,10.98,0.1155
BAL,PMA/Iono,8,-,+,+,+,DEI 10J,HIV+ART>1Yr,8.4,0.1012
BAL,PMA/Iono,8,-,+,+,+,DEI 10K,HIV+ART>1Yr,27.19,0.3023
BAL,PMA/Iono,8,-,+,+,+,DEI 10L,HIV-,10.86,0.1523
BAL,PMA/Iono,8,-,+,+,+,DEI 10M,HIV-,12.65,0.1524
BAL,PMA/Iono,8,-,+,+,+,DEI 10N,HIV+ART>1Yr,15.49,0.1847
BAL,PMA/Iono,8,-,+,+,+,DEI 10P,HIV+ART>1Yr,19.62,0.2063
BAL,PMA/Iono,8,-,+,+,+,DEI 10Q,HIV-,16.53,0.2257
BAL,PMA/Iono,8,-,+,+,+,DEI 10R,HIV+ART>1Yr,10.61,0.1757
BAL,PMA/Iono,8,-,+,+,+,DEI 10S,HIV-,11.63,0.3053
BAL,PMA/Iono,8,-,+,+,+,DEI 10T,HIV-,4.9,0.0535
BAL,PMA/Iono,8,-,+,+,+,DEI 10U,HIV-,3.26,0.0377
BAL,PMA/Iono,8,-,+,+,+,DEI 10V,HIV-,1.69,0.0502
BAL,PMA/Iono,8,-,+,+,+,DEI 10W,HIV-,13.09,0.1561
BAL,PMA/Iono,8,-,+,+,+,DEI 10X,HIV-,1.15,0.0686
BAL,PMA/Iono,8,-,+,+,+,DEI 10Y,HIV-,4.87,0.0763
BAL,PMA/Iono,8,-,+,+,+,DEI 10Z,HIV+ART>1Yr,9.1,0.1902
BAL,PMA/Iono,8,-,+,+,+,DEI 110,HIV-,23.41,0.2789
BAL,PMA/Iono,8,-,+,+,+,DEI 111,HIV+ART>1Yr,0.001,0.0003
BAL,PMA/Iono,8,-,+,+,+,DEI 112,HIV+ART>1Yr,20.76,0.2306
BAL,PMA/Iono,8,-,+,+,+,DEI 113,HIV-,2.38,0.0604
BAL,PMA/Iono,8,-,+,+,+,DEI 114,HIV+ART>1Yr,12.36,0.1365
BAL,PMA/Iono,8,-,+,+,+,DEI 115,HIV+ART>1Yr,10.67,0.129
BAL,PMA/Iono,8,-,+,+,+,DEI 116,HIV+ART>1Yr,0.7,0.0657
BAL,PMA/Iono,8,-,+,+,+,DEI 118,HIV+ART>1Yr,8.181,0.085
BAL,PMA/Iono,8,-,+,+,+,DEI 119,HIV+ART>1Yr,0.001,0.0001
BAL,PMA/Iono,8,-,+,+,+,DEI 11A,HIV+ART>1Yr,38.08,0.4636
BAL,PMA/Iono,8,-,+,+,+,DEI 11B,HIV-,7.53,0.0853
BAL,PMA/Iono,8,-,+,+,+,DEI 11C,HIV+ART>1Yr,10.66,0.2639
BAL,PMA/Iono,8,-,+,+,+,DEI 11D,HIV+ART>1Yr,8.24,0.1092
BAL,PMA/Iono,8,-,+,+,+,DEI 11G,HIV+ART>1Yr,27.96,0.2869
BAL,PMA/Iono,8,-,+,+,+,DEI 11I,HIV+ART>1Yr,16.56,0.1764
BAL,PMA/Iono,8,-,+,+,+,DEI 11K,HIV-,19.57,0.211
BAL,PMA/Iono,8,-,+,+,+,DEI 11M,HIV+ART>1Yr,11.63,0.173
BAL,PMA/Iono,8,-,+,+,+,DEI 11N,HIV-,6.97,0.0892
BAL,PMA/Iono,8,-,+,+,+,DEI 11P,HIV+ART>1Yr,10.44,0.1107
BAL,PMA/Iono,8,-,+,+,+,DEI 11Q,HIV-,7,0.1013
BAL,PMA/Iono,8,-,+,+,+,DEI 11R,HIV+ART>1Yr,11.491,0.1303
BAL,PMA/Iono,8,-,+,+,+,DEI 11U,HIV-,8.91,0.1052
BAL,PMA/Iono,8,-,+,+,+,DEI 11V,HIV-,7.96,0.0944
BAL,PMA/Iono,8,-,+,+,+,DEI 11Y,HIV-,11.05,0.1363
BAL,PMA/Iono,8,-,+,+,+,DEI 11Z,HIV-,34.92,0.3653
BAL,PMA/Iono,8,-,+,+,+,DEI 13V,HIV-,1.997,0.0373
BAL,PMA/Iono,8,-,+,+,+,DEI 141,HIV-,6.94,0.102
BAL,PMA/Iono,8,-,+,+,+,DEI 143,HIV-,28,0.3028
BAL,PMA/Iono,8,-,+,+,-,DEI 103,HIV-,2.76,0.1681
BAL,PMA/Iono,8,-,+,+,-,DEI 104,HIV-,3.74,0.0406
BAL,PMA/Iono,8,-,+,+,-,DEI 107,HIV-,2.04,0.022
BAL,PMA/Iono,8,-,+,+,-,DEI 108,HIV-,1.2,0.0201
BAL,PMA/Iono,8,-,+,+,-,DEI 109,HIV-,0.001,0
BAL,PMA/Iono,8,-,+,+,-,DEI 10A,HIV-,1.68,0.0368
BAL,PMA/Iono,8,-,+,+,-,DEI 10E,HIV-,1.22,0.0243
BAL,PMA/Iono,8,-,+,+,-,DEI 10F,HIV-,0.36,0.004
BAL,PMA/Iono,8,-,+,+,-,DEI 10G,HIV-,3.2,0.0453
BAL,PMA/Iono,8,-,+,+,-,DEI 10H,HIV-,1.85,0.0215
BAL,PMA/Iono,8,-,+,+,-,DEI 10I,HIV-,1.25,0.0132
BAL,PMA/Iono,8,-,+,+,-,DEI 10J,HIV+ART>1Yr,2.07,0.0249
BAL,PMA/Iono,8,-,+,+,-,DEI 10K,HIV+ART>1Yr,35.04,0.3895
BAL,PMA/Iono,8,-,+,+,-,DEI 10L,HIV-,5.62,0.0788
BAL,PMA/Iono,8,-,+,+,-,DEI 10M,HIV-,2.41,0.029
BAL,PMA/Iono,8,-,+,+,-,DEI 10N,HIV+ART>1Yr,32.94,0.3927
BAL,PMA/Iono,8,-,+,+,-,DEI 10P,HIV+ART>1Yr,3.21,0.0338
BAL,PMA/Iono,8,-,+,+,-,DEI 10Q,HIV-,1.2,0.0164
BAL,PMA/Iono,8,-,+,+,-,DEI 10R,HIV+ART>1Yr,1.28,0.0212
BAL,PMA/Iono,8,-,+,+,-,DEI 10S,HIV-,2.42,0.0635
BAL,PMA/Iono,8,-,+,+,-,DEI 10T,HIV-,1.06,0.0116
BAL,PMA/Iono,8,-,+,+,-,DEI 10U,HIV-,0.91,0.0105
BAL,PMA/Iono,8,-,+,+,-,DEI 10V,HIV-,1.29,0.0383
BAL,PMA/Iono,8,-,+,+,-,DEI 10W,HIV-,0.85,0.0101
BAL,PMA/Iono,8,-,+,+,-,DEI 10X,HIV-,0.03,0.0018
BAL,PMA/Iono,8,-,+,+,-,DEI 10Y,HIV-,3.18,0.0498
BAL,PMA/Iono,8,-,+,+,-,DEI 10Z,HIV+ART>1Yr,0.16,0.0033
BAL,PMA/Iono,8,-,+,+,-,DEI 110,HIV-,7.74,0.0922
BAL,PMA/Iono,8,-,+,+,-,DEI 111,HIV+ART>1Yr,0.001,0.0003
BAL,PMA/Iono,8,-,+,+,-,DEI 112,HIV+ART>1Yr,2.01,0.0223
BAL,PMA/Iono,8,-,+,+,-,DEI 113,HIV-,0.9,0.0229
BAL,PMA/Iono,8,-,+,+,-,DEI 114,HIV+ART>1Yr,3.43,0.0379
BAL,PMA/Iono,8,-,+,+,-,DEI 115,HIV+ART>1Yr,1.26,0.0152
BAL,PMA/Iono,8,-,+,+,-,DEI 116,HIV+ART>1Yr,0.001,0.0001
BAL,PMA/Iono,8,-,+,+,-,DEI 118,HIV+ART>1Yr,1.15,0.0119
BAL,PMA/Iono,8,-,+,+,-,DEI 119,HIV+ART>1Yr,0.001,0.0001
BAL,PMA/Iono,8,-,+,+,-,DEI 11A,HIV+ART>1Yr,3.2,0.039
BAL,PMA/Iono,8,-,+,+,-,DEI 11B,HIV-,2.48,0.0281
BAL,PMA/Iono,8,-,+,+,-,DEI 11C,HIV+ART>1Yr,1.52,0.0376
BAL,PMA/Iono,8,-,+,+,-,DEI 11D,HIV+ART>1Yr,0.26,0.0034
BAL,PMA/Iono,8,-,+,+,-,DEI 11G,HIV+ART>1Yr,4.84,0.0497
BAL,PMA/Iono,8,-,+,+,-,DEI 11I,HIV+ART>1Yr,1.51,0.0161
BAL,PMA/Iono,8,-,+,+,-,DEI 11K,HIV-,2.27,0.0245
BAL,PMA/Iono,8,-,+,+,-,DEI 11M,HIV+ART>1Yr,2.72,0.0405
BAL,PMA/Iono,8,-,+,+,-,DEI 11N,HIV-,0.93,0.0119
BAL,PMA/Iono,8,-,+,+,-,DEI 11P,HIV+ART>1Yr,1.43,0.0152
BAL,PMA/Iono,8,-,+,+,-,DEI 11Q,HIV-,3.32,0.0481
BAL,PMA/Iono,8,-,+,+,-,DEI 11R,HIV+ART>1Yr,9.57,0.1085
BAL,PMA/Iono,8,-,+,+,-,DEI 11U,HIV-,0.001,0
BAL,PMA/Iono,8,-,+,+,-,DEI 11V,HIV-,2.08,0.0247
BAL,PMA/Iono,8,-,+,+,-,DEI 11Y,HIV-,1.69,0.0208
BAL,PMA/Iono,8,-,+,+,-,DEI 11Z,HIV-,2.91,0.0304
BAL,PMA/Iono,8,-,+,+,-,DEI 13V,HIV-,0.65,0.0121
BAL,PMA/Iono,8,-,+,+,-,DEI 141,HIV-,3.1,0.0455
BAL,PMA/Iono,8,-,+,+,-,DEI 143,HIV-,1.08,0.0117
BAL,PMA/Iono,8,-,+,-,+,DEI 103,HIV-,0.22,0.0134
BAL,PMA/Iono,8,-,+,-,+,DEI 104,HIV-,0.95,0.0103
BAL,PMA/Iono,8,-,+,-,+,DEI 107,HIV-,0.28,0.003
BAL,PMA/Iono,8,-,+,-,+,DEI 108,HIV-,0.38,0.0064
BAL,PMA/Iono,8,-,+,-,+,DEI 109,HIV-,2.48,0.0301
BAL,PMA/Iono,8,-,+,-,+,DEI 10A,HIV-,0.39,0.0085
BAL,PMA/Iono,8,-,+,-,+,DEI 10E,HIV-,0.46,0.0092
BAL,PMA/Iono,8,-,+,-,+,DEI 10F,HIV-,1.82,0.0203
BAL,PMA/Iono,8,-,+,-,+,DEI 10G,HIV-,4.04,0.0572
BAL,PMA/Iono,8,-,+,-,+,DEI 10H,HIV-,0.95,0.0111
BAL,PMA/Iono,8,-,+,-,+,DEI 10I,HIV-,0.29,0.0031
BAL,PMA/Iono,8,-,+,-,+,DEI 10J,HIV+ART>1Yr,1.84,0.0222
BAL,PMA/Iono,8,-,+,-,+,DEI 10K,HIV+ART>1Yr,1.55,0.0172
BAL,PMA/Iono,8,-,+,-,+,DEI 10L,HIV-,2.72,0.0381
BAL,PMA/Iono,8,-,+,-,+,DEI 10M,HIV-,0.51,0.0061
BAL,PMA/Iono,8,-,+,-,+,DEI 10N,HIV+ART>1Yr,0.87,0.0104
BAL,PMA/Iono,8,-,+,-,+,DEI 10P,HIV+ART>1Yr,1.28,0.0135
BAL,PMA/Iono,8,-,+,-,+,DEI 10Q,HIV-,5.24,0.0716
BAL,PMA/Iono,8,-,+,-,+,DEI 10R,HIV+ART>1Yr,7.87,0.1303
BAL,PMA/Iono,8,-,+,-,+,DEI 10S,HIV-,0.79,0.0207
BAL,PMA/Iono,8,-,+,-,+,DEI 10T,HIV-,0.31,0.0034
BAL,PMA/Iono,8,-,+,-,+,DEI 10U,HIV-,1.07,0.0124
BAL,PMA/Iono,8,-,+,-,+,DEI 10V,HIV-,2.2,0.0653
BAL,PMA/Iono,8,-,+,-,+,DEI 10W,HIV-,3.53,0.0421
BAL,PMA/Iono,8,-,+,-,+,DEI 10X,HIV-,0.001,0.0001
BAL,PMA/Iono,8,-,+,-,+,DEI 10Y,HIV-,2.21,0.0346
BAL,PMA/Iono,8,-,+,-,+,DEI 10Z,HIV+ART>1Yr,0.001,0
BAL,PMA/Iono,8,-,+,-,+,DEI 110,HIV-,2.81,0.0335
BAL,PMA/Iono,8,-,+,-,+,DEI 111,HIV+ART>1Yr,0.001,0.0003
BAL,PMA/Iono,8,-,+,-,+,DEI 112,HIV+ART>1Yr,4.61,0.0512
BAL,PMA/Iono,8,-,+,-,+,DEI 113,HIV-,0.76,0.0193
BAL,PMA/Iono,8,-,+,-,+,DEI 114,HIV+ART>1Yr,1.63,0.018
BAL,PMA/Iono,8,-,+,-,+,DEI 115,HIV+ART>1Yr,0.64,0.0077
BAL,PMA/Iono,8,-,+,-,+,DEI 116,HIV+ART>1Yr,0.001,0.0001
BAL,PMA/Iono,8,-,+,-,+,DEI 118,HIV+ART>1Yr,0.37,0.0038
BAL,PMA/Iono,8,-,+,-,+,DEI 119,HIV+ART>1Yr,0.001,0.0001
BAL,PMA/Iono,8,-,+,-,+,DEI 11A,HIV+ART>1Yr,7.05,0.0858
BAL,PMA/Iono,8,-,+,-,+,DEI 11B,HIV-,1.14,0.0129
BAL,PMA/Iono,8,-,+,-,+,DEI 11C,HIV+ART>1Yr,0.39,0.0097
BAL,PMA/Iono,8,-,+,-,+,DEI 11D,HIV+ART>1Yr,0.61,0.0081
BAL,PMA/Iono,8,-,+,-,+,DEI 11G,HIV+ART>1Yr,0.05,0.0005
BAL,PMA/Iono,8,-,+,-,+,DEI 11I,HIV+ART>1Yr,0.001,0
BAL,PMA/Iono,8,-,+,-,+,DEI 11K,HIV-,1.82,0.0196
BAL,PMA/Iono,8,-,+,-,+,DEI 11M,HIV+ART>1Yr,2.93,0.0436
BAL,PMA/Iono,8,-,+,-,+,DEI 11N,HIV-,2.38,0.0305
BAL,PMA/Iono,8,-,+,-,+,DEI 11P,HIV+ART>1Yr,0.25,0.0026
BAL,PMA/Iono,8,-,+,-,+,DEI 11Q,HIV-,2.86,0.0414
BAL,PMA/Iono,8,-,+,-,+,DEI 11R,HIV+ART>1Yr,2.33,0.0264
BAL,PMA/Iono,8,-,+,-,+,DEI 11U,HIV-,10.4,0.1228
BAL,PMA/Iono,8,-,+,-,+,DEI 11V,HIV-,7.49,0.0889
BAL,PMA/Iono,8,-,+,-,+,DEI 11Y,HIV-,15.26,0.1882
BAL,PMA/Iono,8,-,+,-,+,DEI 11Z,HIV-,0.001,0
BAL,PMA/Iono,8,-,+,-,+,DEI 13V,HIV-,4.68,0.0874
BAL,PMA/Iono,8,-,+,-,+,DEI 141,HIV-,13.93,0.2046
BAL,PMA/Iono,8,-,+,-,+,DEI 143,HIV-,7.32,0.0792
BAL,PMA/Iono,8,-,-,+,+,DEI 103,HIV-,1.17,0.0713
BAL,PMA/Iono,8,-,-,+,+,DEI 104,HIV-,3.607,0.0392
BAL,PMA/Iono,8,-,-,+,+,DEI 107,HIV-,6.5,0.07
BAL,PMA/Iono,8,-,-,+,+,DEI 108,HIV-,2.06,0.0345
BAL,PMA/Iono,8,-,-,+,+,DEI 109,HIV-,0.21,0.0026
BAL,PMA/Iono,8,-,-,+,+,DEI 10A,HIV-,1.42,0.0311
BAL,PMA/Iono,8,-,-,+,+,DEI 10E,HIV-,0.78,0.0155
BAL,PMA/Iono,8,-,-,+,+,DEI 10F,HIV-,8.15,0.0909
BAL,PMA/Iono,8,-,-,+,+,DEI 10G,HIV-,4.17,0.059
BAL,PMA/Iono,8,-,-,+,+,DEI 10H,HIV-,2.801,0.0326
BAL,PMA/Iono,8,-,-,+,+,DEI 10I,HIV-,2.24,0.0236
BAL,PMA/Iono,8,-,-,+,+,DEI 10J,HIV+ART>1Yr,3.77,0.0454
BAL,PMA/Iono,8,-,-,+,+,DEI 10K,HIV+ART>1Yr,1.769,0.0197
BAL,PMA/Iono,8,-,-,+,+,DEI 10L,HIV-,3.24,0.0454
BAL,PMA/Iono,8,-,-,+,+,DEI 10M,HIV-,1.327,0.016
BAL,PMA/Iono,8,-,-,+,+,DEI 10N,HIV+ART>1Yr,2.587,0.0308
BAL,PMA/Iono,8,-,-,+,+,DEI 10P,HIV+ART>1Yr,4.15,0.0436
BAL,PMA/Iono,8,-,-,+,+,DEI 10Q,HIV-,2.293,0.0313
BAL,PMA/Iono,8,-,-,+,+,DEI 10R,HIV+ART>1Yr,5.72,0.0947
BAL,PMA/Iono,8,-,-,+,+,DEI 10S,HIV-,2.76,0.0725
BAL,PMA/Iono,8,-,-,+,+,DEI 10T,HIV-,1.03,0.0112
BAL,PMA/Iono,8,-,-,+,+,DEI 10U,HIV-,1.38,0.0159
BAL,PMA/Iono,8,-,-,+,+,DEI 10V,HIV-,0.49,0.0146
BAL,PMA/Iono,8,-,-,+,+,DEI 10W,HIV-,2.784,0.0332
BAL,PMA/Iono,8,-,-,+,+,DEI 10X,HIV-,0.4,0.0239
BAL,PMA/Iono,8,-,-,+,+,DEI 10Y,HIV-,1.13,0.0177
BAL,PMA/Iono,8,-,-,+,+,DEI 10Z,HIV+ART>1Yr,1.29,0.027
BAL,PMA/Iono,8,-,-,+,+,DEI 110,HIV-,4.98,0.0593
BAL,PMA/Iono,8,-,-,+,+,DEI 111,HIV+ART>1Yr,3.1,0.9366
BAL,PMA/Iono,8,-,-,+,+,DEI 112,HIV+ART>1Yr,7.11,0.079
BAL,PMA/Iono,8,-,-,+,+,DEI 113,HIV-,1.7,0.0432
BAL,PMA/Iono,8,-,-,+,+,DEI 114,HIV+ART>1Yr,4.2,0.0464
BAL,PMA/Iono,8,-,-,+,+,DEI 115,HIV+ART>1Yr,4.41,0.0533
BAL,PMA/Iono,8,-,-,+,+,DEI 116,HIV+ART>1Yr,1.16,0.1089
BAL,PMA/Iono,8,-,-,+,+,DEI 118,HIV+ART>1Yr,1.069,0.0111
BAL,PMA/Iono,8,-,-,+,+,DEI 119,HIV+ART>1Yr,4.98,0.3736
BAL,PMA/Iono,8,-,-,+,+,DEI 11A,HIV+ART>1Yr,1.25,0.0152
BAL,PMA/Iono,8,-,-,+,+,DEI 11B,HIV-,0.788,0.0089
BAL,PMA/Iono,8,-,-,+,+,DEI 11C,HIV+ART>1Yr,4.07,0.1008
BAL,PMA/Iono,8,-,-,+,+,DEI 11D,HIV+ART>1Yr,4.65,0.0616
BAL,PMA/Iono,8,-,-,+,+,DEI 11G,HIV+ART>1Yr,4.68,0.048
BAL,PMA/Iono,8,-,-,+,+,DEI 11I,HIV+ART>1Yr,5.61,0.0598
BAL,PMA/Iono,8,-,-,+,+,DEI 11K,HIV-,7.48,0.0806
BAL,PMA/Iono,8,-,-,+,+,DEI 11M,HIV+ART>1Yr,0.76,0.0113
BAL,PMA/Iono,8,-,-,+,+,DEI 11N,HIV-,0.2,0.0026
BAL,PMA/Iono,8,-,-,+,+,DEI 11P,HIV+ART>1Yr,19.6,0.2078
BAL,PMA/Iono,8,-,-,+,+,DEI 11Q,HIV-,1.76,0.0255
BAL,PMA/Iono,8,-,-,+,+,DEI 11R,HIV+ART>1Yr,2.37,0.0269
BAL,PMA/Iono,8,-,-,+,+,DEI 11U,HIV-,1.48,0.0175
BAL,PMA/Iono,8,-,-,+,+,DEI 11V,HIV-,1.6,0.019
BAL,PMA/Iono,8,-,-,+,+,DEI 11Y,HIV-,1.21,0.0149
BAL,PMA/Iono,8,-,-,+,+,DEI 11Z,HIV-,1.67,0.0175
BAL,PMA/Iono,8,-,-,+,+,DEI 13V,HIV-,0.18,0.0034
BAL,PMA/Iono,8,-,-,+,+,DEI 141,HIV-,0.264,0.0039
BAL,PMA/Iono,8,-,-,+,+,DEI 143,HIV-,2.8,0.0303
BAL,PMA/Iono,8,-,-,+,-,DEI 103,HIV-,1.01,0.0615
BAL,PMA/Iono,8,-,-,+,-,DEI 104,HIV-,2.27,0.0246
BAL,PMA/Iono,8,-,-,+,-,DEI 107,HIV-,0.85,0.0092
BAL,PMA/Iono,8,-,-,+,-,DEI 108,HIV-,0.35,0.0059
BAL,PMA/Iono,8,-,-,+,-,DEI 109,HIV-,0.001,0
BAL,PMA/Iono,8,-,-,+,-,DEI 10A,HIV-,0.74,0.0162
BAL,PMA/Iono,8,-,-,+,-,DEI 10E,HIV-,0.41,0.0082
BAL,PMA/Iono,8,-,-,+,-,DEI 10F,HIV-,0.44,0.0049
BAL,PMA/Iono,8,-,-,+,-,DEI 10G,HIV-,1.32,0.0187
BAL,PMA/Iono,8,-,-,+,-,DEI 10H,HIV-,0.34,0.004
BAL,PMA/Iono,8,-,-,+,-,DEI 10I,HIV-,0.35,0.0037
BAL,PMA/Iono,8,-,-,+,-,DEI 10J,HIV+ART>1Yr,0.35,0.0042
BAL,PMA/Iono,8,-,-,+,-,DEI 10K,HIV+ART>1Yr,2.272,0.0253
BAL,PMA/Iono,8,-,-,+,-,DEI 10L,HIV-,0.95,0.0133
BAL,PMA/Iono,8,-,-,+,-,DEI 10M,HIV-,0.442,0.0053
BAL,PMA/Iono,8,-,-,+,-,DEI 10N,HIV+ART>1Yr,3.77,0.0449
BAL,PMA/Iono,8,-,-,+,-,DEI 10P,HIV+ART>1Yr,0.631,0.0066
BAL,PMA/Iono,8,-,-,+,-,DEI 10Q,HIV-,0.54,0.0074
BAL,PMA/Iono,8,-,-,+,-,DEI 10R,HIV+ART>1Yr,0.91,0.0151
BAL,PMA/Iono,8,-,-,+,-,DEI 10S,HIV-,0.39,0.0102
BAL,PMA/Iono,8,-,-,+,-,DEI 10T,HIV-,0.483,0.0053
BAL,PMA/Iono,8,-,-,+,-,DEI 10U,HIV-,0.45,0.0052
BAL,PMA/Iono,8,-,-,+,-,DEI 10V,HIV-,0.15,0.0045
BAL,PMA/Iono,8,-,-,+,-,DEI 10W,HIV-,0.25,0.003
BAL,PMA/Iono,8,-,-,+,-,DEI 10X,HIV-,0.14,0.0084
BAL,PMA/Iono,8,-,-,+,-,DEI 10Y,HIV-,1.11,0.0174
BAL,PMA/Iono,8,-,-,+,-,DEI 10Z,HIV+ART>1Yr,0.001,0
BAL,PMA/Iono,8,-,-,+,-,DEI 110,HIV-,0.82,0.0098
BAL,PMA/Iono,8,-,-,+,-,DEI 111,HIV+ART>1Yr,0.001,0.0003
BAL,PMA/Iono,8,-,-,+,-,DEI 112,HIV+ART>1Yr,0.79,0.0088
BAL,PMA/Iono,8,-,-,+,-,DEI 113,HIV-,0.7,0.0178
BAL,PMA/Iono,8,-,-,+,-,DEI 114,HIV+ART>1Yr,1,0.011
BAL,PMA/Iono,8,-,-,+,-,DEI 115,HIV+ART>1Yr,0.69,0.0083
BAL,PMA/Iono,8,-,-,+,-,DEI 116,HIV+ART>1Yr,0.001,0.0001
BAL,PMA/Iono,8,-,-,+,-,DEI 118,HIV+ART>1Yr,0.086,0.0009
BAL,PMA/Iono,8,-,-,+,-,DEI 119,HIV+ART>1Yr,0.001,0.0001
BAL,PMA/Iono,8,-,-,+,-,DEI 11A,HIV+ART>1Yr,0.04,0.0005
BAL,PMA/Iono,8,-,-,+,-,DEI 11B,HIV-,0.262,0.003
BAL,PMA/Iono,8,-,-,+,-,DEI 11C,HIV+ART>1Yr,0.98,0.0243
BAL,PMA/Iono,8,-,-,+,-,DEI 11D,HIV+ART>1Yr,0.63,0.0083
BAL,PMA/Iono,8,-,-,+,-,DEI 11G,HIV+ART>1Yr,0.76,0.0078
BAL,PMA/Iono,8,-,-,+,-,DEI 11I,HIV+ART>1Yr,0.853,0.0091
BAL,PMA/Iono,8,-,-,+,-,DEI 11K,HIV-,1.66,0.0179
BAL,PMA/Iono,8,-,-,+,-,DEI 11M,HIV+ART>1Yr,0.33,0.0049
BAL,PMA/Iono,8,-,-,+,-,DEI 11N,HIV-,0.09,0.0012
BAL,PMA/Iono,8,-,-,+,-,DEI 11P,HIV+ART>1Yr,1.85,0.0196
BAL,PMA/Iono,8,-,-,+,-,DEI 11Q,HIV-,1.14,0.0165
BAL,PMA/Iono,8,-,-,+,-,DEI 11R,HIV+ART>1Yr,1.84,0.0209
BAL,PMA/Iono,8,-,-,+,-,DEI 11U,HIV-,0.21,0.0025
BAL,PMA/Iono,8,-,-,+,-,DEI 11V,HIV-,0.19,0.0023
BAL,PMA/Iono,8,-,-,+,-,DEI 11Y,HIV-,0.05,0.0006
BAL,PMA/Iono,8,-,-,+,-,DEI 11Z,HIV-,0.12,0.0013
BAL,PMA/Iono,8,-,-,+,-,DEI 13V,HIV-,0.001,0
BAL,PMA/Iono,8,-,-,+,-,DEI 141,HIV-,0.05,0.0007
BAL,PMA/Iono,8,-,-,+,-,DEI 143,HIV-,0.001,0
BAL,PMA/Iono,8,-,-,-,+,DEI 103,HIV-,0.53,0.0323
BAL,PMA/Iono,8,-,-,-,+,DEI 104,HIV-,0.27,0.0029
BAL,PMA/Iono,8,-,-,-,+,DEI 107,HIV-,0.18,0.0019
BAL,PMA/Iono,8,-,-,-,+,DEI 108,HIV-,0.23,0.0039
BAL,PMA/Iono,8,-,-,-,+,DEI 109,HIV-,0.09,0.0011
BAL,PMA/Iono,8,-,-,-,+,DEI 10A,HIV-,0.02,0.0004
BAL,PMA/Iono,8,-,-,-,+,DEI 10E,HIV-,0.38,0.0076
BAL,PMA/Iono,8,-,-,-,+,DEI 10F,HIV-,0.94,0.0105
BAL,PMA/Iono,8,-,-,-,+,DEI 10G,HIV-,2.2,0.0311
BAL,PMA/Iono,8,-,-,-,+,DEI 10H,HIV-,0.57,0.0066
BAL,PMA/Iono,8,-,-,-,+,DEI 10I,HIV-,0.3,0.0032
BAL,PMA/Iono,8,-,-,-,+,DEI 10J,HIV+ART>1Yr,0.55,0.0066
BAL,PMA/Iono,8,-,-,-,+,DEI 10K,HIV+ART>1Yr,0.15,0.0017
BAL,PMA/Iono,8,-,-,-,+,DEI 10L,HIV-,0.95,0.0133
BAL,PMA/Iono,8,-,-,-,+,DEI 10M,HIV-,0.15,0.0018
BAL,PMA/Iono,8,-,-,-,+,DEI 10N,HIV+ART>1Yr,0.14,0.0017
BAL,PMA/Iono,8,-,-,-,+,DEI 10P,HIV+ART>1Yr,0.04,0.0004
BAL,PMA/Iono,8,-,-,-,+,DEI 10Q,HIV-,1.21,0.0165
BAL,PMA/Iono,8,-,-,-,+,DEI 10R,HIV+ART>1Yr,3.78,0.0626
BAL,PMA/Iono,8,-,-,-,+,DEI 10S,HIV-,0.41,0.0108
BAL,PMA/Iono,8,-,-,-,+,DEI 10T,HIV-,0.09,0.001
BAL,PMA/Iono,8,-,-,-,+,DEI 10U,HIV-,0.47,0.0054
BAL,PMA/Iono,8,-,-,-,+,DEI 10V,HIV-,1.4,0.0416
BAL,PMA/Iono,8,-,-,-,+,DEI 10W,HIV-,1.07,0.0128
BAL,PMA/Iono,8,-,-,-,+,DEI 10X,HIV-,0.71,0.0424
BAL,PMA/Iono,8,-,-,-,+,DEI 10Y,HIV-,0.3,0.0047
BAL,PMA/Iono,8,-,-,-,+,DEI 10Z,HIV+ART>1Yr,0.45,0.0094
BAL,PMA/Iono,8,-,-,-,+,DEI 110,HIV-,1.89,0.0225
BAL,PMA/Iono,8,-,-,-,+,DEI 111,HIV+ART>1Yr,0.001,0.0003
BAL,PMA/Iono,8,-,-,-,+,DEI 112,HIV+ART>1Yr,1.53,0.017
BAL,PMA/Iono,8,-,-,-,+,DEI 113,HIV-,0.001,0
BAL,PMA/Iono,8,-,-,-,+,DEI 114,HIV+ART>1Yr,0.65,0.0072
BAL,PMA/Iono,8,-,-,-,+,DEI 115,HIV+ART>1Yr,0.37,0.0045
BAL,PMA/Iono,8,-,-,-,+,DEI 116,HIV+ART>1Yr,0.001,0.0001
BAL,PMA/Iono,8,-,-,-,+,DEI 118,HIV+ART>1Yr,0.13,0.0014
BAL,PMA/Iono,8,-,-,-,+,DEI 119,HIV+ART>1Yr,0.001,0.0001
BAL,PMA/Iono,8,-,-,-,+,DEI 11A,HIV+ART>1Yr,0.21,0.0026
BAL,PMA/Iono,8,-,-,-,+,DEI 11B,HIV-,0.12,0.0014
BAL,PMA/Iono,8,-,-,-,+,DEI 11C,HIV+ART>1Yr,0.47,0.0116
BAL,PMA/Iono,8,-,-,-,+,DEI 11D,HIV+ART>1Yr,1.92,0.0254
BAL,PMA/Iono,8,-,-,-,+,DEI 11G,HIV+ART>1Yr,0.11,0.0011
BAL,PMA/Iono,8,-,-,-,+,DEI 11I,HIV+ART>1Yr,0.03,0.0003
BAL,PMA/Iono,8,-,-,-,+,DEI 11K,HIV-,5.7,0.0614
BAL,PMA/Iono,8,-,-,-,+,DEI 11M,HIV+ART>1Yr,0.11,0.0016
BAL,PMA/Iono,8,-,-,-,+,DEI 11N,HIV-,0.07,0.0009
BAL,PMA/Iono,8,-,-,-,+,DEI 11P,HIV+ART>1Yr,1.47,0.0156
BAL,PMA/Iono,8,-,-,-,+,DEI 11Q,HIV-,0.74,0.0107
BAL,PMA/Iono,8,-,-,-,+,DEI 11R,HIV+ART>1Yr,0.53,0.006
BAL,PMA/Iono,8,-,-,-,+,DEI 11U,HIV-,3.19,0.0377
BAL,PMA/Iono,8,-,-,-,+,DEI 11V,HIV-,1.58,0.0187
BAL,PMA/Iono,8,-,-,-,+,DEI 11Y,HIV-,1.28,0.0158
BAL,PMA/Iono,8,-,-,-,+,DEI 11Z,HIV-,0.121,0.0013
BAL,PMA/Iono,8,-,-,-,+,DEI 13V,HIV-,1.02,0.019
BAL,PMA/Iono,8,-,-,-,+,DEI 141,HIV-,0.52,0.0076
BAL,PMA/Iono,8,-,-,-,+,DEI 143,HIV-,1.54,0.0167
BAL,Spike P,4,+,+,+,+,DEI 103,HIV-,0.05,0.0741
BAL,Spike P,4,+,+,+,+,DEI 104,HIV-,0.02,0.0406
BAL,Spike P,4,+,+,+,+,DEI 107,HIV-,0.08,0.0692
BAL,Spike P,4,+,+,+,+,DEI 108,HIV-,0.044,0.058
BAL,Spike P,4,+,+,+,+,DEI 109,HIV-,0.01,0.0306
BAL,Spike P,4,+,+,+,+,DEI 10A,HIV-,0.001,0.0169
BAL,Spike P,4,+,+,+,+,DEI 10E,HIV-,0.001,0.0011
BAL,Spike P,4,+,+,+,+,DEI 10F,HIV-,0.001,0.0034
BAL,Spike P,4,+,+,+,+,DEI 10G,HIV-,0.09,0.0354
BAL,Spike P,4,+,+,+,+,DEI 10H,HIV-,0.02,0.0301
BAL,Spike P,4,+,+,+,+,DEI 10I,HIV-,0.001,0.0022
BAL,Spike P,4,+,+,+,+,DEI 10J,HIV+ART>1Yr,0.001,0.0016
BAL,Spike P,4,+,+,+,+,DEI 10K,HIV+ART>1Yr,0.101,0.3507
BAL,Spike P,4,+,+,+,+,DEI 10L,HIV-,0.02,0.0468
BAL,Spike P,4,+,+,+,+,DEI 10M,HIV-,0.03,0.0798
BAL,Spike P,4,+,+,+,+,DEI 10N,HIV+ART>1Yr,0.031,0.133
BAL,Spike P,4,+,+,+,+,DEI 10P,HIV+ART>1Yr,0.001,0.0016
BAL,Spike P,4,+,+,+,+,DEI 10Q,HIV-,0.04,0.0316
BAL,Spike P,4,+,+,+,+,DEI 10R,HIV+ART>1Yr,0.01,0.0559
BAL,Spike P,4,+,+,+,+,DEI 10S,HIV-,0.001,0.0167
BAL,Spike P,4,+,+,+,+,DEI 10T,HIV-,0.001,0.0036
BAL,Spike P,4,+,+,+,+,DEI 10U,HIV-,0.001,0.0016
BAL,Spike P,4,+,+,+,+,DEI 10V,HIV-,0.001,0.004
BAL,Spike P,4,+,+,+,+,DEI 10W,HIV-,0.06,0.0862
BAL,Spike P,4,+,+,+,+,DEI 10X,HIV-,2.9,0.8522
BAL,Spike P,4,+,+,+,+,DEI 10Y,HIV-,0.01,0.0189
BAL,Spike P,4,+,+,+,+,DEI 10Z,HIV+ART>1Yr,0.001,0.0018
BAL,Spike P,4,+,+,+,+,DEI 110,HIV-,0.001,0.0004
BAL,Spike P,4,+,+,+,+,DEI 111,HIV+ART>1Yr,0.001,0.0009
BAL,Spike P,4,+,+,+,+,DEI 112,HIV+ART>1Yr,0.05,0.0346
BAL,Spike P,4,+,+,+,+,DEI 113,HIV-,0.001,0.0833
BAL,Spike P,4,+,+,+,+,DEI 114,HIV+ART>1Yr,0.001,0.004
BAL,Spike P,4,+,+,+,+,DEI 115,HIV+ART>1Yr,0.001,0.0012
BAL,Spike P,4,+,+,+,+,DEI 116,HIV+ART>1Yr,1.1,0.4695
BAL,Spike P,4,+,+,+,+,DEI 118,HIV+ART>1Yr,0.001,0.0051
BAL,Spike P,4,+,+,+,+,DEI 119,HIV+ART>1Yr,0.001,0.0003
BAL,Spike P,4,+,+,+,+,DEI 11A,HIV+ART>1Yr,0.001,0.0132
BAL,Spike P,4,+,+,+,+,DEI 11B,HIV-,1.08,0.2755
BAL,Spike P,4,+,+,+,+,DEI 11C,HIV+ART>1Yr,0.03,0.0408
BAL,Spike P,4,+,+,+,+,DEI 11D,HIV+ART>1Yr,0.32,0.1476
BAL,Spike P,4,+,+,+,+,DEI 11G,HIV+ART>1Yr,0.001,0.0033
BAL,Spike P,4,+,+,+,+,DEI 11I,HIV+ART>1Yr,0.001,0.0053
BAL,Spike P,4,+,+,+,+,DEI 11K,HIV-,0.001,0.0043
BAL,Spike P,4,+,+,+,+,DEI 11M,HIV+ART>1Yr,0.001,0.0028
BAL,Spike P,4,+,+,+,+,DEI 11N,HIV-,0.001,0.0127
BAL,Spike P,4,+,+,+,+,DEI 11P,HIV+ART>1Yr,0.001,0.0141
BAL,Spike P,4,+,+,+,+,DEI 11Q,HIV-,0.001,0.0667
BAL,Spike P,4,+,+,+,+,DEI 11R,HIV+ART>1Yr,0.001,0.0046
BAL,Spike P,4,+,+,+,+,DEI 11U,HIV-,0.23,0.3544
BAL,Spike P,4,+,+,+,+,DEI 11V,HIV-,0.001,0.0084
BAL,Spike P,4,+,+,+,+,DEI 11Y,HIV-,0.001,0.0476
BAL,Spike P,4,+,+,+,+,DEI 11Z,HIV-,0.01,0.25
BAL,Spike P,4,+,+,+,+,DEI 13V,HIV-,0.001,0.0833
BAL,Spike P,4,+,+,+,+,DEI 141,HIV-,0.01,0.0629
BAL,Spike P,4,+,+,+,+,DEI 143,HIV-,0.001,0.004
BAL,Spike P,4,+,+,+,-,DEI 103,HIV-,0.09,0.1333
BAL,Spike P,4,+,+,+,-,DEI 104,HIV-,0.01,0.0203
BAL,Spike P,4,+,+,+,-,DEI 107,HIV-,0.001,0.0009
BAL,Spike P,4,+,+,+,-,DEI 108,HIV-,0.06,0.0792
BAL,Spike P,4,+,+,+,-,DEI 109,HIV-,0.1,0.3058
BAL,Spike P,4,+,+,+,-,DEI 10A,HIV-,0.001,0.0169
BAL,Spike P,4,+,+,+,-,DEI 10E,HIV-,0.31,0.3341
BAL,Spike P,4,+,+,+,-,DEI 10F,HIV-,0.001,0.0034
BAL,Spike P,4,+,+,+,-,DEI 10G,HIV-,0.07,0.0275
BAL,Spike P,4,+,+,+,-,DEI 10H,HIV-,0.07,0.1054
BAL,Spike P,4,+,+,+,-,DEI 10I,HIV-,0.001,0.0022
BAL,Spike P,4,+,+,+,-,DEI 10J,HIV+ART>1Yr,0.001,0.0016
BAL,Spike P,4,+,+,+,-,DEI 10K,HIV+ART>1Yr,0.02,0.0694
BAL,Spike P,4,+,+,+,-,DEI 10L,HIV-,0.001,0.0023
BAL,Spike P,4,+,+,+,-,DEI 10M,HIV-,0.11,0.2926
BAL,Spike P,4,+,+,+,-,DEI 10N,HIV+ART>1Yr,0.01,0.0429
BAL,Spike P,4,+,+,+,-,DEI 10P,HIV+ART>1Yr,0.001,0.0016
BAL,Spike P,4,+,+,+,-,DEI 10Q,HIV-,0.05,0.0395
BAL,Spike P,4,+,+,+,-,DEI 10R,HIV+ART>1Yr,0.001,0.0056
BAL,Spike P,4,+,+,+,-,DEI 10S,HIV-,0.02,0.3333
BAL,Spike P,4,+,+,+,-,DEI 10T,HIV-,0.03,0.1083
BAL,Spike P,4,+,+,+,-,DEI 10U,HIV-,0.001,0.0016
BAL,Spike P,4,+,+,+,-,DEI 10V,HIV-,0.05,0.2024
BAL,Spike P,4,+,+,+,-,DEI 10W,HIV-,0.06,0.0862
BAL,Spike P,4,+,+,+,-,DEI 10X,HIV-,0.001,0.0003
BAL,Spike P,4,+,+,+,-,DEI 10Y,HIV-,0.03,0.0567
BAL,Spike P,4,+,+,+,-,DEI 10Z,HIV+ART>1Yr,0.03,0.0539
BAL,Spike P,4,+,+,+,-,DEI 110,HIV-,0.04,0.0164
BAL,Spike P,4,+,+,+,-,DEI 111,HIV+ART>1Yr,0.001,0.0009
BAL,Spike P,4,+,+,+,-,DEI 112,HIV+ART>1Yr,0.001,0.0007
BAL,Spike P,4,+,+,+,-,DEI 113,HIV-,0.001,0.0833
BAL,Spike P,4,+,+,+,-,DEI 114,HIV+ART>1Yr,0.001,0.004
BAL,Spike P,4,+,+,+,-,DEI 115,HIV+ART>1Yr,0.01,0.012
BAL,Spike P,4,+,+,+,-,DEI 116,HIV+ART>1Yr,0.001,0.0004
BAL,Spike P,4,+,+,+,-,DEI 118,HIV+ART>1Yr,0.001,0.0051
BAL,Spike P,4,+,+,+,-,DEI 119,HIV+ART>1Yr,0.001,0.0003
BAL,Spike P,4,+,+,+,-,DEI 11A,HIV+ART>1Yr,0.01,0.1316
BAL,Spike P,4,+,+,+,-,DEI 11B,HIV-,0.4,0.102
BAL,Spike P,4,+,+,+,-,DEI 11C,HIV+ART>1Yr,0.001,0.0014
BAL,Spike P,4,+,+,+,-,DEI 11D,HIV+ART>1Yr,0.64,0.2952
BAL,Spike P,4,+,+,+,-,DEI 11G,HIV+ART>1Yr,0.001,0.0033
BAL,Spike P,4,+,+,+,-,DEI 11I,HIV+ART>1Yr,0.02,0.1058
BAL,Spike P,4,+,+,+,-,DEI 11K,HIV-,0.03,0.1288
BAL,Spike P,4,+,+,+,-,DEI 11M,HIV+ART>1Yr,0.001,0.0028
BAL,Spike P,4,+,+,+,-,DEI 11N,HIV-,0.001,0.0127
BAL,Spike P,4,+,+,+,-,DEI 11P,HIV+ART>1Yr,0.001,0.0141
BAL,Spike P,4,+,+,+,-,DEI 11Q,HIV-,0.001,0.0667
BAL,Spike P,4,+,+,+,-,DEI 11R,HIV+ART>1Yr,0.001,0.0046
BAL,Spike P,4,+,+,+,-,DEI 11U,HIV-,0.001,0.0015
BAL,Spike P,4,+,+,+,-,DEI 11V,HIV-,0.001,0.0084
BAL,Spike P,4,+,+,+,-,DEI 11Y,HIV-,0.001,0.0476
BAL,Spike P,4,+,+,+,-,DEI 11Z,HIV-,0.001,0.025
BAL,Spike P,4,+,+,+,-,DEI 13V,HIV-,0.001,0.0833
BAL,Spike P,4,+,+,+,-,DEI 141,HIV-,0.001,0.0063
BAL,Spike P,4,+,+,+,-,DEI 143,HIV-,0.001,0.004
BAL,Spike P,4,+,+,-,+,DEI 103,HIV-,0.001,0.0015
BAL,Spike P,4,+,+,-,+,DEI 104,HIV-,0.02,0.0406
BAL,Spike P,4,+,+,-,+,DEI 107,HIV-,0.03,0.026
BAL,Spike P,4,+,+,-,+,DEI 108,HIV-,0.01,0.0132
BAL,Spike P,4,+,+,-,+,DEI 109,HIV-,0.001,0.0031
BAL,Spike P,4,+,+,-,+,DEI 10A,HIV-,0.001,0.0169
BAL,Spike P,4,+,+,-,+,DEI 10E,HIV-,0.001,0.0011
BAL,Spike P,4,+,+,-,+,DEI 10F,HIV-,0.02,0.0683
BAL,Spike P,4,+,+,-,+,DEI 10G,HIV-,0.001,0.0004
BAL,Spike P,4,+,+,-,+,DEI 10H,HIV-,0.06,0.0904
BAL,Spike P,4,+,+,-,+,DEI 10I,HIV-,0.29,0.6488
BAL,Spike P,4,+,+,-,+,DEI 10J,HIV+ART>1Yr,0.25,0.3937
BAL,Spike P,4,+,+,-,+,DEI 10K,HIV+ART>1Yr,0.001,0.0035
BAL,Spike P,4,+,+,-,+,DEI 10L,HIV-,0.03,0.0703
BAL,Spike P,4,+,+,-,+,DEI 10M,HIV-,0.1,0.266
BAL,Spike P,4,+,+,-,+,DEI 10N,HIV+ART>1Yr,0.001,0.0043
BAL,Spike P,4,+,+,-,+,DEI 10P,HIV+ART>1Yr,0.1,0.1597
BAL,Spike P,4,+,+,-,+,DEI 10Q,HIV-,0.001,0.0008
BAL,Spike P,4,+,+,-,+,DEI 10R,HIV+ART>1Yr,0.001,0.0056
BAL,Spike P,4,+,+,-,+,DEI 10S,HIV-,0.001,0.0167
BAL,Spike P,4,+,+,-,+,DEI 10T,HIV-,0.01,0.0361
BAL,Spike P,4,+,+,-,+,DEI 10U,HIV-,0.03,0.0493
BAL,Spike P,4,+,+,-,+,DEI 10V,HIV-,0.08,0.3239
BAL,Spike P,4,+,+,-,+,DEI 10W,HIV-,0.11,0.158
BAL,Spike P,4,+,+,-,+,DEI 10X,HIV-,0.17,0.05
BAL,Spike P,4,+,+,-,+,DEI 10Y,HIV-,0.18,0.3403
BAL,Spike P,4,+,+,-,+,DEI 10Z,HIV+ART>1Yr,0.2,0.3591
BAL,Spike P,4,+,+,-,+,DEI 110,HIV-,0.07,0.0287
BAL,Spike P,4,+,+,-,+,DEI 111,HIV+ART>1Yr,0.001,0.0009
BAL,Spike P,4,+,+,-,+,DEI 112,HIV+ART>1Yr,0.13,0.09
BAL,Spike P,4,+,+,-,+,DEI 113,HIV-,0.001,0.0833
BAL,Spike P,4,+,+,-,+,DEI 114,HIV+ART>1Yr,0.001,0.004
BAL,Spike P,4,+,+,-,+,DEI 115,HIV+ART>1Yr,0.001,0.0012
BAL,Spike P,4,+,+,-,+,DEI 116,HIV+ART>1Yr,0.001,0.0004
BAL,Spike P,4,+,+,-,+,DEI 118,HIV+ART>1Yr,0.001,0.0051
BAL,Spike P,4,+,+,-,+,DEI 119,HIV+ART>1Yr,0.001,0.0003
BAL,Spike P,4,+,+,-,+,DEI 11A,HIV+ART>1Yr,0.001,0.0132
BAL,Spike P,4,+,+,-,+,DEI 11B,HIV-,0.98,0.25
BAL,Spike P,4,+,+,-,+,DEI 11C,HIV+ART>1Yr,0.06,0.0816
BAL,Spike P,4,+,+,-,+,DEI 11D,HIV+ART>1Yr,0.001,0.0005
BAL,Spike P,4,+,+,-,+,DEI 11G,HIV+ART>1Yr,0.2,0.6689
BAL,Spike P,4,+,+,-,+,DEI 11I,HIV+ART>1Yr,0.05,0.2646
BAL,Spike P,4,+,+,-,+,DEI 11K,HIV-,0.01,0.0429
BAL,Spike P,4,+,+,-,+,DEI 11M,HIV+ART>1Yr,0.001,0.0028
BAL,Spike P,4,+,+,-,+,DEI 11N,HIV-,0.001,0.0127
BAL,Spike P,4,+,+,-,+,DEI 11P,HIV+ART>1Yr,0.001,0.0141
BAL,Spike P,4,+,+,-,+,DEI 11Q,HIV-,0.001,0.0667
BAL,Spike P,4,+,+,-,+,DEI 11R,HIV+ART>1Yr,0.001,0.0046
BAL,Spike P,4,+,+,-,+,DEI 11U,HIV-,0.001,0.0015
BAL,Spike P,4,+,+,-,+,DEI 11V,HIV-,0.001,0.0084
BAL,Spike P,4,+,+,-,+,DEI 11Y,HIV-,0.001,0.0476
BAL,Spike P,4,+,+,-,+,DEI 11Z,HIV-,0.001,0.025
BAL,Spike P,4,+,+,-,+,DEI 13V,HIV-,0.001,0.0833
BAL,Spike P,4,+,+,-,+,DEI 141,HIV-,0.001,0.0063
BAL,Spike P,4,+,+,-,+,DEI 143,HIV-,0.03,0.1215
BAL,Spike P,4,+,-,+,+,DEI 103,HIV-,0.001,0.0015
BAL,Spike P,4,+,-,+,+,DEI 104,HIV-,0.003,0.0061
BAL,Spike P,4,+,-,+,+,DEI 107,HIV-,0.007,0.0061
BAL,Spike P,4,+,-,+,+,DEI 108,HIV-,0.001,0.0013
BAL,Spike P,4,+,-,+,+,DEI 109,HIV-,0.001,0.0031
BAL,Spike P,4,+,-,+,+,DEI 10A,HIV-,0.001,0.0169
BAL,Spike P,4,+,-,+,+,DEI 10E,HIV-,0.001,0.0011
BAL,Spike P,4,+,-,+,+,DEI 10F,HIV-,0.005,0.0171
BAL,Spike P,4,+,-,+,+,DEI 10G,HIV-,0.001,0.0004
BAL,Spike P,4,+,-,+,+,DEI 10H,HIV-,0.001,0.0015
BAL,Spike P,4,+,-,+,+,DEI 10I,HIV-,0.001,0.0022
BAL,Spike P,4,+,-,+,+,DEI 10J,HIV+ART>1Yr,0.03,0.0472
BAL,Spike P,4,+,-,+,+,DEI 10K,HIV+ART>1Yr,0.001,0.0035
BAL,Spike P,4,+,-,+,+,DEI 10L,HIV-,0.001,0.0023
BAL,Spike P,4,+,-,+,+,DEI 10M,HIV-,0.02,0.0532
BAL,Spike P,4,+,-,+,+,DEI 10N,HIV+ART>1Yr,0.001,0.0043
BAL,Spike P,4,+,-,+,+,DEI 10P,HIV+ART>1Yr,0.001,0.0016
BAL,Spike P,4,+,-,+,+,DEI 10Q,HIV-,0.001,0.0008
BAL,Spike P,4,+,-,+,+,DEI 10R,HIV+ART>1Yr,0.001,0.0056
BAL,Spike P,4,+,-,+,+,DEI 10S,HIV-,0.001,0.0167
BAL,Spike P,4,+,-,+,+,DEI 10T,HIV-,0.001,0.0036
BAL,Spike P,4,+,-,+,+,DEI 10U,HIV-,0.001,0.0016
BAL,Spike P,4,+,-,+,+,DEI 10V,HIV-,0.001,0.004
BAL,Spike P,4,+,-,+,+,DEI 10W,HIV-,0.001,0.0014
BAL,Spike P,4,+,-,+,+,DEI 10X,HIV-,0.041,0.012
BAL,Spike P,4,+,-,+,+,DEI 10Y,HIV-,0.006,0.0113
BAL,Spike P,4,+,-,+,+,DEI 10Z,HIV+ART>1Yr,0.001,0.0018
BAL,Spike P,4,+,-,+,+,DEI 110,HIV-,0.01,0.0041
BAL,Spike P,4,+,-,+,+,DEI 111,HIV+ART>1Yr,0.001,0.0009
BAL,Spike P,4,+,-,+,+,DEI 112,HIV+ART>1Yr,0.001,0.0007
BAL,Spike P,4,+,-,+,+,DEI 113,HIV-,0.001,0.0833
BAL,Spike P,4,+,-,+,+,DEI 114,HIV+ART>1Yr,0.001,0.004
BAL,Spike P,4,+,-,+,+,DEI 115,HIV+ART>1Yr,0.001,0.0012
BAL,Spike P,4,+,-,+,+,DEI 116,HIV+ART>1Yr,0.13,0.0555
BAL,Spike P,4,+,-,+,+,DEI 118,HIV+ART>1Yr,0.001,0.0051
BAL,Spike P,4,+,-,+,+,DEI 119,HIV+ART>1Yr,0.001,0.0003
BAL,Spike P,4,+,-,+,+,DEI 11A,HIV+ART>1Yr,0.001,0.0132
BAL,Spike P,4,+,-,+,+,DEI 11B,HIV-,0.03,0.0077
BAL,Spike P,4,+,-,+,+,DEI 11C,HIV+ART>1Yr,0.03,0.0408
BAL,Spike P,4,+,-,+,+,DEI 11D,HIV+ART>1Yr,0.001,0.0005
BAL,Spike P,4,+,-,+,+,DEI 11G,HIV+ART>1Yr,0.001,0.0033
BAL,Spike P,4,+,-,+,+,DEI 11I,HIV+ART>1Yr,0.001,0.0053
BAL,Spike P,4,+,-,+,+,DEI 11K,HIV-,0.01,0.0429
BAL,Spike P,4,+,-,+,+,DEI 11M,HIV+ART>1Yr,0.001,0.0028
BAL,Spike P,4,+,-,+,+,DEI 11N,HIV-,0.001,0.0127
BAL,Spike P,4,+,-,+,+,DEI 11P,HIV+ART>1Yr,0.001,0.0141
BAL,Spike P,4,+,-,+,+,DEI 11Q,HIV-,0.001,0.0667
BAL,Spike P,4,+,-,+,+,DEI 11R,HIV+ART>1Yr,0.001,0.0046
BAL,Spike P,4,+,-,+,+,DEI 11U,HIV-,0.001,0.0015
BAL,Spike P,4,+,-,+,+,DEI 11V,HIV-,0.001,0.0084
BAL,Spike P,4,+,-,+,+,DEI 11Y,HIV-,0.001,0.0476
BAL,Spike P,4,+,-,+,+,DEI 11Z,HIV-,0.001,0.025
BAL,Spike P,4,+,-,+,+,DEI 13V,HIV-,0.001,0.0833
BAL,Spike P,4,+,-,+,+,DEI 141,HIV-,0.001,0.0063
BAL,Spike P,4,+,-,+,+,DEI 143,HIV-,0.001,0.004
BAL,Spike P,4,+,-,+,-,DEI 103,HIV-,0.01,0.0148
BAL,Spike P,4,+,-,+,-,DEI 104,HIV-,0.01,0.0203
BAL,Spike P,4,+,-,+,-,DEI 107,HIV-,0.007,0.0061
BAL,Spike P,4,+,-,+,-,DEI 108,HIV-,0.07,0.0923
BAL,Spike P,4,+,-,+,-,DEI 109,HIV-,0.001,0.0031
BAL,Spike P,4,+,-,+,-,DEI 10A,HIV-,0.001,0.0169
BAL,Spike P,4,+,-,+,-,DEI 10E,HIV-,0.001,0.0011
BAL,Spike P,4,+,-,+,-,DEI 10F,HIV-,0.001,0.0034
BAL,Spike P,4,+,-,+,-,DEI 10G,HIV-,0.05,0.0197
BAL,Spike P,4,+,-,+,-,DEI 10H,HIV-,0.001,0.0015
BAL,Spike P,4,+,-,+,-,DEI 10I,HIV-,0.001,0.0022
BAL,Spike P,4,+,-,+,-,DEI 10J,HIV+ART>1Yr,0.02,0.0315
BAL,Spike P,4,+,-,+,-,DEI 10K,HIV+ART>1Yr,0.02,0.0694
BAL,Spike P,4,+,-,+,-,DEI 10L,HIV-,0.001,0.0023
BAL,Spike P,4,+,-,+,-,DEI 10M,HIV-,0.001,0.0027
BAL,Spike P,4,+,-,+,-,DEI 10N,HIV+ART>1Yr,0.017,0.073
BAL,Spike P,4,+,-,+,-,DEI 10P,HIV+ART>1Yr,0.001,0.0016
BAL,Spike P,4,+,-,+,-,DEI 10Q,HIV-,0.073,0.0577
BAL,Spike P,4,+,-,+,-,DEI 10R,HIV+ART>1Yr,0.001,0.0056
BAL,Spike P,4,+,-,+,-,DEI 10S,HIV-,0.001,0.0167
BAL,Spike P,4,+,-,+,-,DEI 10T,HIV-,0.001,0.0036
BAL,Spike P,4,+,-,+,-,DEI 10U,HIV-,0.001,0.0016
BAL,Spike P,4,+,-,+,-,DEI 10V,HIV-,0.01,0.0405
BAL,Spike P,4,+,-,+,-,DEI 10W,HIV-,0.001,0.0014
BAL,Spike P,4,+,-,+,-,DEI 10X,HIV-,0.01,0.0029
BAL,Spike P,4,+,-,+,-,DEI 10Y,HIV-,0.01,0.0189
BAL,Spike P,4,+,-,+,-,DEI 10Z,HIV+ART>1Yr,0.001,0.0018
BAL,Spike P,4,+,-,+,-,DEI 110,HIV-,0.17,0.0696
BAL,Spike P,4,+,-,+,-,DEI 111,HIV+ART>1Yr,0.001,0.0009
BAL,Spike P,4,+,-,+,-,DEI 112,HIV+ART>1Yr,0.001,0.0007
BAL,Spike P,4,+,-,+,-,DEI 113,HIV-,0.001,0.0833
BAL,Spike P,4,+,-,+,-,DEI 114,HIV+ART>1Yr,0.01,0.0405
BAL,Spike P,4,+,-,+,-,DEI 115,HIV+ART>1Yr,0.01,0.012
BAL,Spike P,4,+,-,+,-,DEI 116,HIV+ART>1Yr,0.001,0.0004
BAL,Spike P,4,+,-,+,-,DEI 118,HIV+ART>1Yr,0.03,0.1515
BAL,Spike P,4,+,-,+,-,DEI 119,HIV+ART>1Yr,0.001,0.0003
BAL,Spike P,4,+,-,+,-,DEI 11A,HIV+ART>1Yr,0.009,0.1184
BAL,Spike P,4,+,-,+,-,DEI 11B,HIV-,0.05,0.0128
BAL,Spike P,4,+,-,+,-,DEI 11C,HIV+ART>1Yr,0.001,0.0014
BAL,Spike P,4,+,-,+,-,DEI 11D,HIV+ART>1Yr,0.001,0.0005
BAL,Spike P,4,+,-,+,-,DEI 11G,HIV+ART>1Yr,0.001,0.0033
BAL,Spike P,4,+,-,+,-,DEI 11I,HIV+ART>1Yr,0.001,0.0053
BAL,Spike P,4,+,-,+,-,DEI 11K,HIV-,0.001,0.0043
BAL,Spike P,4,+,-,+,-,DEI 11M,HIV+ART>1Yr,0.001,0.0028
BAL,Spike P,4,+,-,+,-,DEI 11N,HIV-,0.001,0.0127
BAL,Spike P,4,+,-,+,-,DEI 11P,HIV+ART>1Yr,0.001,0.0141
BAL,Spike P,4,+,-,+,-,DEI 11Q,HIV-,0.001,0.0667
BAL,Spike P,4,+,-,+,-,DEI 11R,HIV+ART>1Yr,0.001,0.0046
BAL,Spike P,4,+,-,+,-,DEI 11U,HIV-,0.23,0.3544
BAL,Spike P,4,+,-,+,-,DEI 11V,HIV-,0.01,0.084
BAL,Spike P,4,+,-,+,-,DEI 11Y,HIV-,0.001,0.0476
BAL,Spike P,4,+,-,+,-,DEI 11Z,HIV-,0.001,0.025
BAL,Spike P,4,+,-,+,-,DEI 13V,HIV-,0.001,0.0833
BAL,Spike P,4,+,-,+,-,DEI 141,HIV-,0.001,0.0063
BAL,Spike P,4,+,-,+,-,DEI 143,HIV-,0.001,0.004
BAL,Spike P,4,+,-,-,+,DEI 103,HIV-,0.001,0.0015
BAL,Spike P,4,+,-,-,+,DEI 104,HIV-,0.02,0.0406
BAL,Spike P,4,+,-,-,+,DEI 107,HIV-,0.08,0.0692
BAL,Spike P,4,+,-,-,+,DEI 108,HIV-,0.001,0.0013
BAL,Spike P,4,+,-,-,+,DEI 109,HIV-,0.001,0.0031
BAL,Spike P,4,+,-,-,+,DEI 10A,HIV-,0.001,0.0169
BAL,Spike P,4,+,-,-,+,DEI 10E,HIV-,0.001,0.0011
BAL,Spike P,4,+,-,-,+,DEI 10F,HIV-,0.001,0.0034
BAL,Spike P,4,+,-,-,+,DEI 10G,HIV-,0.001,0.0004
BAL,Spike P,4,+,-,-,+,DEI 10H,HIV-,0.001,0.0015
BAL,Spike P,4,+,-,-,+,DEI 10I,HIV-,0.001,0.0022
BAL,Spike P,4,+,-,-,+,DEI 10J,HIV+ART>1Yr,0.08,0.126
BAL,Spike P,4,+,-,-,+,DEI 10K,HIV+ART>1Yr,0.001,0.0035
BAL,Spike P,4,+,-,-,+,DEI 10L,HIV-,0.001,0.0023
BAL,Spike P,4,+,-,-,+,DEI 10M,HIV-,0.001,0.0027
BAL,Spike P,4,+,-,-,+,DEI 10N,HIV+ART>1Yr,0.001,0.0043
BAL,Spike P,4,+,-,-,+,DEI 10P,HIV+ART>1Yr,0.001,0.0016
BAL,Spike P,4,+,-,-,+,DEI 10Q,HIV-,0.001,0.0008
BAL,Spike P,4,+,-,-,+,DEI 10R,HIV+ART>1Yr,0.03,0.1676
BAL,Spike P,4,+,-,-,+,DEI 10S,HIV-,0.001,0.0167
BAL,Spike P,4,+,-,-,+,DEI 10T,HIV-,0.003,0.0108
BAL,Spike P,4,+,-,-,+,DEI 10U,HIV-,0.01,0.0164
BAL,Spike P,4,+,-,-,+,DEI 10V,HIV-,0.001,0.004
BAL,Spike P,4,+,-,-,+,DEI 10W,HIV-,0.001,0.0014
BAL,Spike P,4,+,-,-,+,DEI 10X,HIV-,0.001,0.0003
BAL,Spike P,4,+,-,-,+,DEI 10Y,HIV-,0.001,0.0019
BAL,Spike P,4,+,-,-,+,DEI 10Z,HIV+ART>1Yr,0.001,0.0018
BAL,Spike P,4,+,-,-,+,DEI 110,HIV-,0.33,0.1352
BAL,Spike P,4,+,-,-,+,DEI 111,HIV+ART>1Yr,0.001,0.0009
BAL,Spike P,4,+,-,-,+,DEI 112,HIV+ART>1Yr,0.01,0.0069
BAL,Spike P,4,+,-,-,+,DEI 113,HIV-,0.001,0.0833
BAL,Spike P,4,+,-,-,+,DEI 114,HIV+ART>1Yr,0.01,0.0405
BAL,Spike P,4,+,-,-,+,DEI 115,HIV+ART>1Yr,0.05,0.0599
BAL,Spike P,4,+,-,-,+,DEI 116,HIV+ART>1Yr,0.01,0.0043
BAL,Spike P,4,+,-,-,+,DEI 118,HIV+ART>1Yr,0.001,0.0051
BAL,Spike P,4,+,-,-,+,DEI 119,HIV+ART>1Yr,0.001,0.0003
BAL,Spike P,4,+,-,-,+,DEI 11A,HIV+ART>1Yr,0.02,0.2632
BAL,Spike P,4,+,-,-,+,DEI 11B,HIV-,0.03,0.0077
BAL,Spike P,4,+,-,-,+,DEI 11C,HIV+ART>1Yr,0.001,0.0014
BAL,Spike P,4,+,-,-,+,DEI 11D,HIV+ART>1Yr,0.001,0.0005
BAL,Spike P,4,+,-,-,+,DEI 11G,HIV+ART>1Yr,0.001,0.0033
BAL,Spike P,4,+,-,-,+,DEI 11I,HIV+ART>1Yr,0.001,0.0053
BAL,Spike P,4,+,-,-,+,DEI 11K,HIV-,0.02,0.0858
BAL,Spike P,4,+,-,-,+,DEI 11M,HIV+ART>1Yr,0.001,0.0028
BAL,Spike P,4,+,-,-,+,DEI 11N,HIV-,0.004,0.0506
BAL,Spike P,4,+,-,-,+,DEI 11P,HIV+ART>1Yr,0.001,0.0141
BAL,Spike P,4,+,-,-,+,DEI 11Q,HIV-,0.004,0.2667
BAL,Spike P,4,+,-,-,+,DEI 11R,HIV+ART>1Yr,0.04,0.1835
BAL,Spike P,4,+,-,-,+,DEI 11U,HIV-,0.001,0.0015
BAL,Spike P,4,+,-,-,+,DEI 11V,HIV-,0.05,0.4202
BAL,Spike P,4,+,-,-,+,DEI 11Y,HIV-,0.001,0.0476
BAL,Spike P,4,+,-,-,+,DEI 11Z,HIV-,0.001,0.025
BAL,Spike P,4,+,-,-,+,DEI 13V,HIV-,0.001,0.0833
BAL,Spike P,4,+,-,-,+,DEI 141,HIV-,0.001,0.0063
BAL,Spike P,4,+,-,-,+,DEI 143,HIV-,0.001,0.004
BAL,Spike P,4,-,+,+,+,DEI 103,HIV-,0.2,0.2963
BAL,Spike P,4,-,+,+,+,DEI 104,HIV-,0.13,0.2637
BAL,Spike P,4,-,+,+,+,DEI 107,HIV-,0.11,0.0952
BAL,Spike P,4,-,+,+,+,DEI 108,HIV-,0.07,0.0923
BAL,Spike P,4,-,+,+,+,DEI 109,HIV-,0.02,0.0612
BAL,Spike P,4,-,+,+,+,DEI 10A,HIV-,0.03,0.5085
BAL,Spike P,4,-,+,+,+,DEI 10E,HIV-,0.12,0.1293
BAL,Spike P,4,-,+,+,+,DEI 10F,HIV-,0.001,0.0034
BAL,Spike P,4,-,+,+,+,DEI 10G,HIV-,0.33,0.1298
BAL,Spike P,4,-,+,+,+,DEI 10H,HIV-,0.14,0.2108
BAL,Spike P,4,-,+,+,+,DEI 10I,HIV-,0.01,0.0224
BAL,Spike P,4,-,+,+,+,DEI 10J,HIV+ART>1Yr,0.07,0.1102
BAL,Spike P,4,-,+,+,+,DEI 10K,HIV+ART>1Yr,0.08,0.2778
BAL,Spike P,4,-,+,+,+,DEI 10L,HIV-,0.03,0.0703
BAL,Spike P,4,-,+,+,+,DEI 10M,HIV-,0.1,0.266
BAL,Spike P,4,-,+,+,+,DEI 10N,HIV+ART>1Yr,0.001,0.0043
BAL,Spike P,4,-,+,+,+,DEI 10P,HIV+ART>1Yr,0.19,0.3035
BAL,Spike P,4,-,+,+,+,DEI 10Q,HIV-,0.04,0.0316
BAL,Spike P,4,-,+,+,+,DEI 10R,HIV+ART>1Yr,0.13,0.7263
BAL,Spike P,4,-,+,+,+,DEI 10S,HIV-,0.001,0.0167
BAL,Spike P,4,-,+,+,+,DEI 10T,HIV-,0.06,0.2166
BAL,Spike P,4,-,+,+,+,DEI 10U,HIV-,0.001,0.0016
BAL,Spike P,4,-,+,+,+,DEI 10V,HIV-,0.001,0.004
BAL,Spike P,4,-,+,+,+,DEI 10W,HIV-,0.03,0.0431
BAL,Spike P,4,-,+,+,+,DEI 10X,HIV-,0.08,0.0235
BAL,Spike P,4,-,+,+,+,DEI 10Y,HIV-,0.05,0.0945
BAL,Spike P,4,-,+,+,+,DEI 10Z,HIV+ART>1Yr,0.001,0.0018
BAL,Spike P,4,-,+,+,+,DEI 110,HIV-,0.13,0.0533
BAL,Spike P,4,-,+,+,+,DEI 111,HIV+ART>1Yr,0.001,0.0009
BAL,Spike P,4,-,+,+,+,DEI 112,HIV+ART>1Yr,0.35,0.2422
BAL,Spike P,4,-,+,+,+,DEI 113,HIV-,0.001,0.0833
BAL,Spike P,4,-,+,+,+,DEI 114,HIV+ART>1Yr,0.001,0.004
BAL,Spike P,4,-,+,+,+,DEI 115,HIV+ART>1Yr,0.001,0.0012
BAL,Spike P,4,-,+,+,+,DEI 116,HIV+ART>1Yr,0.001,0.0004
BAL,Spike P,4,-,+,+,+,DEI 118,HIV+ART>1Yr,0.06,0.303
BAL,Spike P,4,-,+,+,+,DEI 119,HIV+ART>1Yr,2.1,0.6652
BAL,Spike P,4,-,+,+,+,DEI 11A,HIV+ART>1Yr,0.001,0.0132
BAL,Spike P,4,-,+,+,+,DEI 11B,HIV-,0.36,0.0918
BAL,Spike P,4,-,+,+,+,DEI 11C,HIV+ART>1Yr,0.05,0.068
BAL,Spike P,4,-,+,+,+,DEI 11D,HIV+ART>1Yr,0.001,0.0005
BAL,Spike P,4,-,+,+,+,DEI 11G,HIV+ART>1Yr,0.08,0.2676
BAL,Spike P,4,-,+,+,+,DEI 11I,HIV+ART>1Yr,0.001,0.0053
BAL,Spike P,4,-,+,+,+,DEI 11K,HIV-,0.04,0.1717
BAL,Spike P,4,-,+,+,+,DEI 11M,HIV+ART>1Yr,0.001,0.0028
BAL,Spike P,4,-,+,+,+,DEI 11N,HIV-,0.01,0.1266
BAL,Spike P,4,-,+,+,+,DEI 11P,HIV+ART>1Yr,0.06,0.8451
BAL,Spike P,4,-,+,+,+,DEI 11Q,HIV-,0.001,0.0667
BAL,Spike P,4,-,+,+,+,DEI 11R,HIV+ART>1Yr,0.001,0.0046
BAL,Spike P,4,-,+,+,+,DEI 11U,HIV-,0.001,0.0015
BAL,Spike P,4,-,+,+,+,DEI 11V,HIV-,0.001,0.0084
BAL,Spike P,4,-,+,+,+,DEI 11Y,HIV-,0.001,0.0476
BAL,Spike P,4,-,+,+,+,DEI 11Z,HIV-,0.02,0.5
BAL,Spike P,4,-,+,+,+,DEI 13V,HIV-,0.001,0.0833
BAL,Spike P,4,-,+,+,+,DEI 141,HIV-,0.11,0.6918
BAL,Spike P,4,-,+,+,+,DEI 143,HIV-,0.04,0.1619
BAL,Spike P,4,-,+,+,-,DEI 103,HIV-,0.19,0.2815
BAL,Spike P,4,-,+,+,-,DEI 104,HIV-,0.03,0.0609
BAL,Spike P,4,-,+,+,-,DEI 107,HIV-,0.001,0.0009
BAL,Spike P,4,-,+,+,-,DEI 108,HIV-,0.06,0.0792
BAL,Spike P,4,-,+,+,-,DEI 109,HIV-,0.001,0.0031
BAL,Spike P,4,-,+,+,-,DEI 10A,HIV-,0.001,0.0169
BAL,Spike P,4,-,+,+,-,DEI 10E,HIV-,0.001,0.0011
BAL,Spike P,4,-,+,+,-,DEI 10F,HIV-,0.001,0.0034
BAL,Spike P,4,-,+,+,-,DEI 10G,HIV-,0.13,0.0511
BAL,Spike P,4,-,+,+,-,DEI 10H,HIV-,0.16,0.241
BAL,Spike P,4,-,+,+,-,DEI 10I,HIV-,0.001,0.0022
BAL,Spike P,4,-,+,+,-,DEI 10J,HIV+ART>1Yr,0.06,0.0945
BAL,Spike P,4,-,+,+,-,DEI 10K,HIV+ART>1Yr,0.001,0.0035
BAL,Spike P,4,-,+,+,-,DEI 10L,HIV-,0.001,0.0023
BAL,Spike P,4,-,+,+,-,DEI 10M,HIV-,0.001,0.0027
BAL,Spike P,4,-,+,+,-,DEI 10N,HIV+ART>1Yr,0.001,0.0043
BAL,Spike P,4,-,+,+,-,DEI 10P,HIV+ART>1Yr,0.03,0.0479
BAL,Spike P,4,-,+,+,-,DEI 10Q,HIV-,0.49,0.387
BAL,Spike P,4,-,+,+,-,DEI 10R,HIV+ART>1Yr,0.001,0.0056
BAL,Spike P,4,-,+,+,-,DEI 10S,HIV-,0.001,0.0167
BAL,Spike P,4,-,+,+,-,DEI 10T,HIV-,0.06,0.2166
BAL,Spike P,4,-,+,+,-,DEI 10U,HIV-,0.001,0.0016
BAL,Spike P,4,-,+,+,-,DEI 10V,HIV-,0.001,0.004
BAL,Spike P,4,-,+,+,-,DEI 10W,HIV-,0.06,0.0862
BAL,Spike P,4,-,+,+,-,DEI 10X,HIV-,0.05,0.0147
BAL,Spike P,4,-,+,+,-,DEI 10Y,HIV-,0.07,0.1323
BAL,Spike P,4,-,+,+,-,DEI 10Z,HIV+ART>1Yr,0.001,0.0018
BAL,Spike P,4,-,+,+,-,DEI 110,HIV-,0.1,0.041
BAL,Spike P,4,-,+,+,-,DEI 111,HIV+ART>1Yr,0.001,0.0009
BAL,Spike P,4,-,+,+,-,DEI 112,HIV+ART>1Yr,0.001,0.0007
BAL,Spike P,4,-,+,+,-,DEI 113,HIV-,0.001,0.0833
BAL,Spike P,4,-,+,+,-,DEI 114,HIV+ART>1Yr,0.001,0.004
BAL,Spike P,4,-,+,+,-,DEI 115,HIV+ART>1Yr,0.12,0.1437
BAL,Spike P,4,-,+,+,-,DEI 116,HIV+ART>1Yr,0.001,0.0004
BAL,Spike P,4,-,+,+,-,DEI 118,HIV+ART>1Yr,0.06,0.303
BAL,Spike P,4,-,+,+,-,DEI 119,HIV+ART>1Yr,0.001,0.0003
BAL,Spike P,4,-,+,+,-,DEI 11A,HIV+ART>1Yr,0.01,0.1316
BAL,Spike P,4,-,+,+,-,DEI 11B,HIV-,0.17,0.0434
BAL,Spike P,4,-,+,+,-,DEI 11C,HIV+ART>1Yr,0.001,0.0014
BAL,Spike P,4,-,+,+,-,DEI 11D,HIV+ART>1Yr,0.001,0.0005
BAL,Spike P,4,-,+,+,-,DEI 11G,HIV+ART>1Yr,0.001,0.0033
BAL,Spike P,4,-,+,+,-,DEI 11I,HIV+ART>1Yr,0.001,0.0053
BAL,Spike P,4,-,+,+,-,DEI 11K,HIV-,0.06,0.2575
BAL,Spike P,4,-,+,+,-,DEI 11M,HIV+ART>1Yr,0.001,0.0028
BAL,Spike P,4,-,+,+,-,DEI 11N,HIV-,0.05,0.6329
BAL,Spike P,4,-,+,+,-,DEI 11P,HIV+ART>1Yr,0.001,0.0141
BAL,Spike P,4,-,+,+,-,DEI 11Q,HIV-,0.001,0.0667
BAL,Spike P,4,-,+,+,-,DEI 11R,HIV+ART>1Yr,0.04,0.1835
BAL,Spike P,4,-,+,+,-,DEI 11U,HIV-,0.001,0.0015
BAL,Spike P,4,-,+,+,-,DEI 11V,HIV-,0.001,0.0084
BAL,Spike P,4,-,+,+,-,DEI 11Y,HIV-,0.001,0.0476
BAL,Spike P,4,-,+,+,-,DEI 11Z,HIV-,0.001,0.025
BAL,Spike P,4,-,+,+,-,DEI 13V,HIV-,0.001,0.0833
BAL,Spike P,4,-,+,+,-,DEI 141,HIV-,0.001,0.0063
BAL,Spike P,4,-,+,+,-,DEI 143,HIV-,0.03,0.1215
BAL,Spike P,4,-,+,-,+,DEI 103,HIV-,0.04,0.0593
BAL,Spike P,4,-,+,-,+,DEI 104,HIV-,0.04,0.0811
BAL,Spike P,4,-,+,-,+,DEI 107,HIV-,0.29,0.2509
BAL,Spike P,4,-,+,-,+,DEI 108,HIV-,0.42,0.5541
BAL,Spike P,4,-,+,-,+,DEI 109,HIV-,0.09,0.2752
BAL,Spike P,4,-,+,-,+,DEI 10A,HIV-,0.001,0.0169
BAL,Spike P,4,-,+,-,+,DEI 10E,HIV-,0.001,0.0011
BAL,Spike P,4,-,+,-,+,DEI 10F,HIV-,0.24,0.8191
BAL,Spike P,4,-,+,-,+,DEI 10G,HIV-,1.16,0.4562
BAL,Spike P,4,-,+,-,+,DEI 10H,HIV-,0.07,0.1054
BAL,Spike P,4,-,+,-,+,DEI 10I,HIV-,0.1,0.2237
BAL,Spike P,4,-,+,-,+,DEI 10J,HIV+ART>1Yr,0.12,0.189
BAL,Spike P,4,-,+,-,+,DEI 10K,HIV+ART>1Yr,0.001,0.0035
BAL,Spike P,4,-,+,-,+,DEI 10L,HIV-,0.31,0.726
BAL,Spike P,4,-,+,-,+,DEI 10M,HIV-,0.01,0.0266
BAL,Spike P,4,-,+,-,+,DEI 10N,HIV+ART>1Yr,0.04,0.1717
BAL,Spike P,4,-,+,-,+,DEI 10P,HIV+ART>1Yr,0.03,0.0479
BAL,Spike P,4,-,+,-,+,DEI 10Q,HIV-,0.04,0.0316
BAL,Spike P,4,-,+,-,+,DEI 10R,HIV+ART>1Yr,0.001,0.0056
BAL,Spike P,4,-,+,-,+,DEI 10S,HIV-,0.001,0.0167
BAL,Spike P,4,-,+,-,+,DEI 10T,HIV-,0.04,0.1444
BAL,Spike P,4,-,+,-,+,DEI 10U,HIV-,0.09,0.148
BAL,Spike P,4,-,+,-,+,DEI 10V,HIV-,0.03,0.1215
BAL,Spike P,4,-,+,-,+,DEI 10W,HIV-,0.37,0.5316
BAL,Spike P,4,-,+,-,+,DEI 10X,HIV-,0.09,0.0264
BAL,Spike P,4,-,+,-,+,DEI 10Y,HIV-,0.16,0.3025
BAL,Spike P,4,-,+,-,+,DEI 10Z,HIV+ART>1Yr,0.14,0.2513
BAL,Spike P,4,-,+,-,+,DEI 110,HIV-,0.73,0.2991
BAL,Spike P,4,-,+,-,+,DEI 111,HIV+ART>1Yr,0.001,0.0009
BAL,Spike P,4,-,+,-,+,DEI 112,HIV+ART>1Yr,0.73,0.5052
BAL,Spike P,4,-,+,-,+,DEI 113,HIV-,0.001,0.0833
BAL,Spike P,4,-,+,-,+,DEI 114,HIV+ART>1Yr,0.001,0.004
BAL,Spike P,4,-,+,-,+,DEI 115,HIV+ART>1Yr,0.45,0.5389
BAL,Spike P,4,-,+,-,+,DEI 116,HIV+ART>1Yr,0.001,0.0004
BAL,Spike P,4,-,+,-,+,DEI 118,HIV+ART>1Yr,0.001,0.0051
BAL,Spike P,4,-,+,-,+,DEI 119,HIV+ART>1Yr,0.18,0.057
BAL,Spike P,4,-,+,-,+,DEI 11A,HIV+ART>1Yr,0.001,0.0132
BAL,Spike P,4,-,+,-,+,DEI 11B,HIV-,0.64,0.1633
BAL,Spike P,4,-,+,-,+,DEI 11C,HIV+ART>1Yr,0.28,0.381
BAL,Spike P,4,-,+,-,+,DEI 11D,HIV+ART>1Yr,0.001,0.0005
BAL,Spike P,4,-,+,-,+,DEI 11G,HIV+ART>1Yr,0.001,0.0033
BAL,Spike P,4,-,+,-,+,DEI 11I,HIV+ART>1Yr,0.001,0.0053
BAL,Spike P,4,-,+,-,+,DEI 11K,HIV-,0.04,0.1717
BAL,Spike P,4,-,+,-,+,DEI 11M,HIV+ART>1Yr,0.2,0.5571
BAL,Spike P,4,-,+,-,+,DEI 11N,HIV-,0.001,0.0127
BAL,Spike P,4,-,+,-,+,DEI 11P,HIV+ART>1Yr,0.001,0.0141
BAL,Spike P,4,-,+,-,+,DEI 11Q,HIV-,0.001,0.0667
BAL,Spike P,4,-,+,-,+,DEI 11R,HIV+ART>1Yr,0.001,0.0046
BAL,Spike P,4,-,+,-,+,DEI 11U,HIV-,0.001,0.0015
BAL,Spike P,4,-,+,-,+,DEI 11V,HIV-,0.001,0.0084
BAL,Spike P,4,-,+,-,+,DEI 11Y,HIV-,0.001,0.0476
BAL,Spike P,4,-,+,-,+,DEI 11Z,HIV-,0.001,0.025
BAL,Spike P,4,-,+,-,+,DEI 13V,HIV-,0.001,0.0833
BAL,Spike P,4,-,+,-,+,DEI 141,HIV-,0.001,0.0063
BAL,Spike P,4,-,+,-,+,DEI 143,HIV-,0.12,0.4858
BAL,Spike P,4,-,-,+,+,DEI 103,HIV-,0.001,0.0015
BAL,Spike P,4,-,-,+,+,DEI 104,HIV-,0.11,0.2231
BAL,Spike P,4,-,-,+,+,DEI 107,HIV-,0.16,0.1384
BAL,Spike P,4,-,-,+,+,DEI 108,HIV-,0.02,0.0264
BAL,Spike P,4,-,-,+,+,DEI 109,HIV-,0.001,0.0031
BAL,Spike P,4,-,-,+,+,DEI 10A,HIV-,0.01,0.1695
BAL,Spike P,4,-,-,+,+,DEI 10E,HIV-,0.07,0.0754
BAL,Spike P,4,-,-,+,+,DEI 10F,HIV-,0.02,0.0683
BAL,Spike P,4,-,-,+,+,DEI 10G,HIV-,0.21,0.0826
BAL,Spike P,4,-,-,+,+,DEI 10H,HIV-,0.08,0.1205
BAL,Spike P,4,-,-,+,+,DEI 10I,HIV-,0.01,0.0224
BAL,Spike P,4,-,-,+,+,DEI 10J,HIV+ART>1Yr,0.001,0.0016
BAL,Spike P,4,-,-,+,+,DEI 10K,HIV+ART>1Yr,0.06,0.2083
BAL,Spike P,4,-,-,+,+,DEI 10L,HIV-,0.001,0.0023
BAL,Spike P,4,-,-,+,+,DEI 10M,HIV-,0.001,0.0027
BAL,Spike P,4,-,-,+,+,DEI 10N,HIV+ART>1Yr,0.03,0.1288
BAL,Spike P,4,-,-,+,+,DEI 10P,HIV+ART>1Yr,0.001,0.0016
BAL,Spike P,4,-,-,+,+,DEI 10Q,HIV-,0.05,0.0395
BAL,Spike P,4,-,-,+,+,DEI 10R,HIV+ART>1Yr,0.001,0.0056
BAL,Spike P,4,-,-,+,+,DEI 10S,HIV-,0.001,0.0167
BAL,Spike P,4,-,-,+,+,DEI 10T,HIV-,0.001,0.0036
BAL,Spike P,4,-,-,+,+,DEI 10U,HIV-,0.001,0.0016
BAL,Spike P,4,-,-,+,+,DEI 10V,HIV-,0.001,0.004
BAL,Spike P,4,-,-,+,+,DEI 10W,HIV-,0.001,0.0014
BAL,Spike P,4,-,-,+,+,DEI 10X,HIV-,0.024,0.0071
BAL,Spike P,4,-,-,+,+,DEI 10Y,HIV-,0.001,0.0019
BAL,Spike P,4,-,-,+,+,DEI 10Z,HIV+ART>1Yr,0.001,0.0018
BAL,Spike P,4,-,-,+,+,DEI 110,HIV-,0.04,0.0164
BAL,Spike P,4,-,-,+,+,DEI 111,HIV+ART>1Yr,0.8,0.6897
BAL,Spike P,4,-,-,+,+,DEI 112,HIV+ART>1Yr,0.02,0.0138
BAL,Spike P,4,-,-,+,+,DEI 113,HIV-,0.001,0.0833
BAL,Spike P,4,-,-,+,+,DEI 114,HIV+ART>1Yr,0.03,0.1215
BAL,Spike P,4,-,-,+,+,DEI 115,HIV+ART>1Yr,0.07,0.0838
BAL,Spike P,4,-,-,+,+,DEI 116,HIV+ART>1Yr,1,0.4268
BAL,Spike P,4,-,-,+,+,DEI 118,HIV+ART>1Yr,0.04,0.202
BAL,Spike P,4,-,-,+,+,DEI 119,HIV+ART>1Yr,0.7,0.2217
BAL,Spike P,4,-,-,+,+,DEI 11A,HIV+ART>1Yr,0.001,0.0132
BAL,Spike P,4,-,-,+,+,DEI 11B,HIV-,0.04,0.0102
BAL,Spike P,4,-,-,+,+,DEI 11C,HIV+ART>1Yr,0.08,0.1088
BAL,Spike P,4,-,-,+,+,DEI 11D,HIV+ART>1Yr,0.64,0.2952
BAL,Spike P,4,-,-,+,+,DEI 11G,HIV+ART>1Yr,0.001,0.0033
BAL,Spike P,4,-,-,+,+,DEI 11I,HIV+ART>1Yr,0.001,0.0053
BAL,Spike P,4,-,-,+,+,DEI 11K,HIV-,0.01,0.0429
BAL,Spike P,4,-,-,+,+,DEI 11M,HIV+ART>1Yr,0.04,0.1114
BAL,Spike P,4,-,-,+,+,DEI 11N,HIV-,0.007,0.0886
BAL,Spike P,4,-,-,+,+,DEI 11P,HIV+ART>1Yr,0.001,0.0141
BAL,Spike P,4,-,-,+,+,DEI 11Q,HIV-,0.001,0.0667
BAL,Spike P,4,-,-,+,+,DEI 11R,HIV+ART>1Yr,0.001,0.0046
BAL,Spike P,4,-,-,+,+,DEI 11U,HIV-,0.001,0.0015
BAL,Spike P,4,-,-,+,+,DEI 11V,HIV-,0.001,0.0084
BAL,Spike P,4,-,-,+,+,DEI 11Y,HIV-,0.001,0.0476
BAL,Spike P,4,-,-,+,+,DEI 11Z,HIV-,0.001,0.025
BAL,Spike P,4,-,-,+,+,DEI 13V,HIV-,0.001,0.0833
BAL,Spike P,4,-,-,+,+,DEI 141,HIV-,0.001,0.0063
BAL,Spike P,4,-,-,+,+,DEI 143,HIV-,0.001,0.004
BAL,Spike P,4,-,-,+,-,DEI 103,HIV-,0.09,0.1333
BAL,Spike P,4,-,-,+,-,DEI 104,HIV-,0.04,0.0811
BAL,Spike P,4,-,-,+,-,DEI 107,HIV-,0.03,0.026
BAL,Spike P,4,-,-,+,-,DEI 108,HIV-,0.001,0.0013
BAL,Spike P,4,-,-,+,-,DEI 109,HIV-,0.001,0.0031
BAL,Spike P,4,-,-,+,-,DEI 10A,HIV-,0.01,0.1695
BAL,Spike P,4,-,-,+,-,DEI 10E,HIV-,0.001,0.0011
BAL,Spike P,4,-,-,+,-,DEI 10F,HIV-,0.001,0.0034
BAL,Spike P,4,-,-,+,-,DEI 10G,HIV-,0.14,0.0551
BAL,Spike P,4,-,-,+,-,DEI 10H,HIV-,0.06,0.0904
BAL,Spike P,4,-,-,+,-,DEI 10I,HIV-,0.001,0.0022
BAL,Spike P,4,-,-,+,-,DEI 10J,HIV+ART>1Yr,0.001,0.0016
BAL,Spike P,4,-,-,+,-,DEI 10K,HIV+ART>1Yr,0.001,0.0035
BAL,Spike P,4,-,-,+,-,DEI 10L,HIV-,0.001,0.0023
BAL,Spike P,4,-,-,+,-,DEI 10M,HIV-,0.001,0.0027
BAL,Spike P,4,-,-,+,-,DEI 10N,HIV+ART>1Yr,0.03,0.1288
BAL,Spike P,4,-,-,+,-,DEI 10P,HIV+ART>1Yr,0.05,0.0799
BAL,Spike P,4,-,-,+,-,DEI 10Q,HIV-,0.11,0.0869
BAL,Spike P,4,-,-,+,-,DEI 10R,HIV+ART>1Yr,0.001,0.0056
BAL,Spike P,4,-,-,+,-,DEI 10S,HIV-,0.001,0.0167
BAL,Spike P,4,-,-,+,-,DEI 10T,HIV-,0.05,0.1805
BAL,Spike P,4,-,-,+,-,DEI 10U,HIV-,0.001,0.0016
BAL,Spike P,4,-,-,+,-,DEI 10V,HIV-,0.07,0.2834
BAL,Spike P,4,-,-,+,-,DEI 10W,HIV-,0.001,0.0014
BAL,Spike P,4,-,-,+,-,DEI 10X,HIV-,0.006,0.0018
BAL,Spike P,4,-,-,+,-,DEI 10Y,HIV-,0.001,0.0019
BAL,Spike P,4,-,-,+,-,DEI 10Z,HIV+ART>1Yr,0.14,0.2513
BAL,Spike P,4,-,-,+,-,DEI 110,HIV-,0.36,0.1475
BAL,Spike P,4,-,-,+,-,DEI 111,HIV+ART>1Yr,0.001,0.0009
BAL,Spike P,4,-,-,+,-,DEI 112,HIV+ART>1Yr,0.001,0.0007
BAL,Spike P,4,-,-,+,-,DEI 113,HIV-,0.001,0.0833
BAL,Spike P,4,-,-,+,-,DEI 114,HIV+ART>1Yr,0.02,0.081
BAL,Spike P,4,-,-,+,-,DEI 115,HIV+ART>1Yr,0.12,0.1437
BAL,Spike P,4,-,-,+,-,DEI 116,HIV+ART>1Yr,0.007,0.003
BAL,Spike P,4,-,-,+,-,DEI 118,HIV+ART>1Yr,0.001,0.0051
BAL,Spike P,4,-,-,+,-,DEI 119,HIV+ART>1Yr,0.03,0.0095
BAL,Spike P,4,-,-,+,-,DEI 11A,HIV+ART>1Yr,0.02,0.2632
BAL,Spike P,4,-,-,+,-,DEI 11B,HIV-,0.05,0.0128
BAL,Spike P,4,-,-,+,-,DEI 11C,HIV+ART>1Yr,0.001,0.0014
BAL,Spike P,4,-,-,+,-,DEI 11D,HIV+ART>1Yr,0.001,0.0005
BAL,Spike P,4,-,-,+,-,DEI 11G,HIV+ART>1Yr,0.01,0.0334
BAL,Spike P,4,-,-,+,-,DEI 11I,HIV+ART>1Yr,0.001,0.0053
BAL,Spike P,4,-,-,+,-,DEI 11K,HIV-,0.001,0.0043
BAL,Spike P,4,-,-,+,-,DEI 11M,HIV+ART>1Yr,0.001,0.0028
BAL,Spike P,4,-,-,+,-,DEI 11N,HIV-,0.001,0.0127
BAL,Spike P,4,-,-,+,-,DEI 11P,HIV+ART>1Yr,0.001,0.0141
BAL,Spike P,4,-,-,+,-,DEI 11Q,HIV-,0.001,0.0667
BAL,Spike P,4,-,-,+,-,DEI 11R,HIV+ART>1Yr,0.09,0.4128
BAL,Spike P,4,-,-,+,-,DEI 11U,HIV-,0.001,0.0015
BAL,Spike P,4,-,-,+,-,DEI 11V,HIV-,0.05,0.4202
BAL,Spike P,4,-,-,+,-,DEI 11Y,HIV-,0.01,0.4762
BAL,Spike P,4,-,-,+,-,DEI 11Z,HIV-,0.001,0.025
BAL,Spike P,4,-,-,+,-,DEI 13V,HIV-,0.001,0.0833
BAL,Spike P,4,-,-,+,-,DEI 141,HIV-,0.001,0.0063
BAL,Spike P,4,-,-,+,-,DEI 143,HIV-,0.001,0.004
BAL,Spike P,4,-,-,-,+,DEI 103,HIV-,0.001,0.0015
BAL,Spike P,4,-,-,-,+,DEI 104,HIV-,0.06,0.1217
BAL,Spike P,4,-,-,-,+,DEI 107,HIV-,0.36,0.3114
BAL,Spike P,4,-,-,-,+,DEI 108,HIV-,0.001,0.0013
BAL,Spike P,4,-,-,-,+,DEI 109,HIV-,0.1,0.3058
BAL,Spike P,4,-,-,-,+,DEI 10A,HIV-,0.001,0.0169
BAL,Spike P,4,-,-,-,+,DEI 10E,HIV-,0.42,0.4526
BAL,Spike P,4,-,-,-,+,DEI 10F,HIV-,0.001,0.0034
BAL,Spike P,4,-,-,-,+,DEI 10G,HIV-,0.36,0.1416
BAL,Spike P,4,-,-,-,+,DEI 10H,HIV-,0.001,0.0015
BAL,Spike P,4,-,-,-,+,DEI 10I,HIV-,0.03,0.0671
BAL,Spike P,4,-,-,-,+,DEI 10J,HIV+ART>1Yr,0.001,0.0016
BAL,Spike P,4,-,-,-,+,DEI 10K,HIV+ART>1Yr,0.001,0.0035
BAL,Spike P,4,-,-,-,+,DEI 10L,HIV-,0.03,0.0703
BAL,Spike P,4,-,-,-,+,DEI 10M,HIV-,0.001,0.0027
BAL,Spike P,4,-,-,-,+,DEI 10N,HIV+ART>1Yr,0.07,0.3004
BAL,Spike P,4,-,-,-,+,DEI 10P,HIV+ART>1Yr,0.22,0.3514
BAL,Spike P,4,-,-,-,+,DEI 10Q,HIV-,0.37,0.2923
BAL,Spike P,4,-,-,-,+,DEI 10R,HIV+ART>1Yr,0.001,0.0056
BAL,Spike P,4,-,-,-,+,DEI 10S,HIV-,0.03,0.5
BAL,Spike P,4,-,-,-,+,DEI 10T,HIV-,0.02,0.0722
BAL,Spike P,4,-,-,-,+,DEI 10U,HIV-,0.47,0.773
BAL,Spike P,4,-,-,-,+,DEI 10V,HIV-,0.001,0.004
BAL,Spike P,4,-,-,-,+,DEI 10W,HIV-,0.001,0.0014
BAL,Spike P,4,-,-,-,+,DEI 10X,HIV-,0.03,0.0088
BAL,Spike P,4,-,-,-,+,DEI 10Y,HIV-,0.01,0.0189
BAL,Spike P,4,-,-,-,+,DEI 10Z,HIV+ART>1Yr,0.04,0.0718
BAL,Spike P,4,-,-,-,+,DEI 110,HIV-,0.46,0.1884
BAL,Spike P,4,-,-,-,+,DEI 111,HIV+ART>1Yr,0.35,0.3017
BAL,Spike P,4,-,-,-,+,DEI 112,HIV+ART>1Yr,0.15,0.1038
BAL,Spike P,4,-,-,-,+,DEI 113,HIV-,0.001,0.0833
BAL,Spike P,4,-,-,-,+,DEI 114,HIV+ART>1Yr,0.17,0.6883
BAL,Spike P,4,-,-,-,+,DEI 115,HIV+ART>1Yr,0.001,0.0012
BAL,Spike P,4,-,-,-,+,DEI 116,HIV+ART>1Yr,0.09,0.0384
BAL,Spike P,4,-,-,-,+,DEI 118,HIV+ART>1Yr,0.001,0.0051
BAL,Spike P,4,-,-,-,+,DEI 119,HIV+ART>1Yr,0.14,0.0443
BAL,Spike P,4,-,-,-,+,DEI 11A,HIV+ART>1Yr,0.001,0.0132
BAL,Spike P,4,-,-,-,+,DEI 11B,HIV-,0.09,0.023
BAL,Spike P,4,-,-,-,+,DEI 11C,HIV+ART>1Yr,0.2,0.2721
BAL,Spike P,4,-,-,-,+,DEI 11D,HIV+ART>1Yr,0.56,0.2583
BAL,Spike P,4,-,-,-,+,DEI 11G,HIV+ART>1Yr,0.001,0.0033
BAL,Spike P,4,-,-,-,+,DEI 11I,HIV+ART>1Yr,0.11,0.582
BAL,Spike P,4,-,-,-,+,DEI 11K,HIV-,0.01,0.0429
BAL,Spike P,4,-,-,-,+,DEI 11M,HIV+ART>1Yr,0.11,0.3064
BAL,Spike P,4,-,-,-,+,DEI 11N,HIV-,0.001,0.0127
BAL,Spike P,4,-,-,-,+,DEI 11P,HIV+ART>1Yr,0.001,0.0141
BAL,Spike P,4,-,-,-,+,DEI 11Q,HIV-,0.001,0.0667
BAL,Spike P,4,-,-,-,+,DEI 11R,HIV+ART>1Yr,0.04,0.1835
BAL,Spike P,4,-,-,-,+,DEI 11U,HIV-,0.18,0.2773
BAL,Spike P,4,-,-,-,+,DEI 11V,HIV-,0.001,0.0084
BAL,Spike P,4,-,-,-,+,DEI 11Y,HIV-,0.001,0.0476
BAL,Spike P,4,-,-,-,+,DEI 11Z,HIV-,0.001,0.025
BAL,Spike P,4,-,-,-,+,DEI 13V,HIV-,0.001,0.0833
BAL,Spike P,4,-,-,-,+,DEI 141,HIV-,0.03,0.1887
BAL,Spike P,4,-,-,-,+,DEI 143,HIV-,0.02,0.081
BAL,Spike P,8,+,+,+,+,DEI 103,HIV-,0.001,0.0014
BAL,Spike P,8,+,+,+,+,DEI 104,HIV-,0.001,0.005
BAL,Spike P,8,+,+,+,+,DEI 107,HIV-,0.001,0.0012
BAL,Spike P,8,+,+,+,+,DEI 108,HIV-,0.01,0.0535
BAL,Spike P,8,+,+,+,+,DEI 109,HIV-,0.19,0.0687
BAL,Spike P,8,+,+,+,+,DEI 10A,HIV-,0.03,0.4286
BAL,Spike P,8,+,+,+,+,DEI 10E,HIV-,0.001,0.0036
BAL,Spike P,8,+,+,+,+,DEI 10F,HIV-,0.001,0.0192
BAL,Spike P,8,+,+,+,+,DEI 10G,HIV-,0.16,0.1072
BAL,Spike P,8,+,+,+,+,DEI 10H,HIV-,0.42,0.272
BAL,Spike P,8,+,+,+,+,DEI 10I,HIV-,0.001,0.0046
BAL,Spike P,8,+,+,+,+,DEI 10J,HIV+ART>1Yr,0.03,0.2326
BAL,Spike P,8,+,+,+,+,DEI 10K,HIV+ART>1Yr,0.001,0.0588
BAL,Spike P,8,+,+,+,+,DEI 10L,HIV-,0.001,0.0068
BAL,Spike P,8,+,+,+,+,DEI 10M,HIV-,0.01,0.0143
BAL,Spike P,8,+,+,+,+,DEI 10N,HIV+ART>1Yr,0.001,0.0196
BAL,Spike P,8,+,+,+,+,DEI 10P,HIV+ART>1Yr,0.001,0.0167
BAL,Spike P,8,+,+,+,+,DEI 10Q,HIV-,0.19,0.0781
BAL,Spike P,8,+,+,+,+,DEI 10R,HIV+ART>1Yr,0.001,0.0071
BAL,Spike P,8,+,+,+,+,DEI 10S,HIV-,0.03,0.2727
BAL,Spike P,8,+,+,+,+,DEI 10T,HIV-,0.001,0.0075
BAL,Spike P,8,+,+,+,+,DEI 10U,HIV-,0.001,0.0128
BAL,Spike P,8,+,+,+,+,DEI 10V,HIV-,0.01,0.1031
BAL,Spike P,8,+,+,+,+,DEI 10W,HIV-,0.08,0.0836
BAL,Spike P,8,+,+,+,+,DEI 10X,HIV-,2.33,0.5597
BAL,Spike P,8,+,+,+,+,DEI 10Y,HIV-,0.06,0.0732
BAL,Spike P,8,+,+,+,+,DEI 10Z,HIV+ART>1Yr,0.1,0.0864
BAL,Spike P,8,+,+,+,+,DEI 110,HIV-,0.21,0.1447
BAL,Spike P,8,+,+,+,+,DEI 111,HIV+ART>1Yr,0.02,0.0121
BAL,Spike P,8,+,+,+,+,DEI 112,HIV+ART>1Yr,0.001,0.003
BAL,Spike P,8,+,+,+,+,DEI 113,HIV-,0.001,0.0141
BAL,Spike P,8,+,+,+,+,DEI 114,HIV+ART>1Yr,0.05,0.0842
BAL,Spike P,8,+,+,+,+,DEI 115,HIV+ART>1Yr,0.001,0.0032
BAL,Spike P,8,+,+,+,+,DEI 116,HIV+ART>1Yr,0.001,0.0008
BAL,Spike P,8,+,+,+,+,DEI 118,HIV+ART>1Yr,0.001,0.0714
BAL,Spike P,8,+,+,+,+,DEI 119,HIV+ART>1Yr,0.001,0.0005
BAL,Spike P,8,+,+,+,+,DEI 11A,HIV+ART>1Yr,0.03,0.3704
BAL,Spike P,8,+,+,+,+,DEI 11B,HIV-,2.03,0.4926
BAL,Spike P,8,+,+,+,+,DEI 11C,HIV+ART>1Yr,0.001,0.0017
BAL,Spike P,8,+,+,+,+,DEI 11D,HIV+ART>1Yr,0.59,0.5587
BAL,Spike P,8,+,+,+,+,DEI 11G,HIV+ART>1Yr,0.04,0.2778
BAL,Spike P,8,+,+,+,+,DEI 11I,HIV+ART>1Yr,0.02,0.4
BAL,Spike P,8,+,+,+,+,DEI 11K,HIV-,0.11,0.6918
BAL,Spike P,8,+,+,+,+,DEI 11M,HIV+ART>1Yr,0.001,0.01
BAL,Spike P,8,+,+,+,+,DEI 11N,HIV-,0.001,0.0147
BAL,Spike P,8,+,+,+,+,DEI 11P,HIV+ART>1Yr,0.001,0.0068
BAL,Spike P,8,+,+,+,+,DEI 11Q,HIV-,0.001,0.0476
BAL,Spike P,8,+,+,+,+,DEI 11R,HIV+ART>1Yr,0.001,0.0065
BAL,Spike P,8,+,+,+,+,DEI 11U,HIV-,0.001,0.002
BAL,Spike P,8,+,+,+,+,DEI 11V,HIV-,0.001,0.0833
BAL,Spike P,8,+,+,+,+,DEI 11Y,HIV-,0.02,0.1835
BAL,Spike P,8,+,+,+,+,DEI 11Z,HIV-,0.001,0.0526
BAL,Spike P,8,+,+,+,+,DEI 13V,HIV-,0.001,0.0833
BAL,Spike P,8,+,+,+,+,DEI 141,HIV-,0.001,0.0156
BAL,Spike P,8,+,+,+,+,DEI 143,HIV-,0.09,0.0764
BAL,Spike P,8,+,+,+,-,DEI 103,HIV-,0.03,0.0414
BAL,Spike P,8,+,+,+,-,DEI 104,HIV-,0.001,0.005
BAL,Spike P,8,+,+,+,-,DEI 107,HIV-,0.001,0.0012
BAL,Spike P,8,+,+,+,-,DEI 108,HIV-,0.01,0.0535
BAL,Spike P,8,+,+,+,-,DEI 109,HIV-,1.18,0.4266
BAL,Spike P,8,+,+,+,-,DEI 10A,HIV-,0.001,0.0143
BAL,Spike P,8,+,+,+,-,DEI 10E,HIV-,0.12,0.4364
BAL,Spike P,8,+,+,+,-,DEI 10F,HIV-,0.001,0.0192
BAL,Spike P,8,+,+,+,-,DEI 10G,HIV-,0.22,0.1475
BAL,Spike P,8,+,+,+,-,DEI 10H,HIV-,0.38,0.2461
BAL,Spike P,8,+,+,+,-,DEI 10I,HIV-,0.02,0.0913
BAL,Spike P,8,+,+,+,-,DEI 10J,HIV+ART>1Yr,0.001,0.0078
BAL,Spike P,8,+,+,+,-,DEI 10K,HIV+ART>1Yr,0.001,0.0588
BAL,Spike P,8,+,+,+,-,DEI 10L,HIV-,0.02,0.1351
BAL,Spike P,8,+,+,+,-,DEI 10M,HIV-,0.03,0.0428
BAL,Spike P,8,+,+,+,-,DEI 10N,HIV+ART>1Yr,0.01,0.1961
BAL,Spike P,8,+,+,+,-,DEI 10P,HIV+ART>1Yr,0.001,0.0167
BAL,Spike P,8,+,+,+,-,DEI 10Q,HIV-,0.47,0.1931
BAL,Spike P,8,+,+,+,-,DEI 10R,HIV+ART>1Yr,0.001,0.0071
BAL,Spike P,8,+,+,+,-,DEI 10S,HIV-,0.001,0.0091
BAL,Spike P,8,+,+,+,-,DEI 10T,HIV-,0.1,0.7519
BAL,Spike P,8,+,+,+,-,DEI 10U,HIV-,0.001,0.0128
BAL,Spike P,8,+,+,+,-,DEI 10V,HIV-,0.001,0.0103
BAL,Spike P,8,+,+,+,-,DEI 10W,HIV-,0.08,0.0836
BAL,Spike P,8,+,+,+,-,DEI 10X,HIV-,0.07,0.0168
BAL,Spike P,8,+,+,+,-,DEI 10Y,HIV-,0.27,0.3293
BAL,Spike P,8,+,+,+,-,DEI 10Z,HIV+ART>1Yr,0.001,0.0009
BAL,Spike P,8,+,+,+,-,DEI 110,HIV-,0.32,0.2205
BAL,Spike P,8,+,+,+,-,DEI 111,HIV+ART>1Yr,0.001,0.0006
BAL,Spike P,8,+,+,+,-,DEI 112,HIV+ART>1Yr,0.06,0.178
BAL,Spike P,8,+,+,+,-,DEI 113,HIV-,0.001,0.0141
BAL,Spike P,8,+,+,+,-,DEI 114,HIV+ART>1Yr,0.27,0.4545
BAL,Spike P,8,+,+,+,-,DEI 115,HIV+ART>1Yr,0.03,0.0946
BAL,Spike P,8,+,+,+,-,DEI 116,HIV+ART>1Yr,0.014,0.0107
BAL,Spike P,8,+,+,+,-,DEI 118,HIV+ART>1Yr,0.001,0.0714
BAL,Spike P,8,+,+,+,-,DEI 119,HIV+ART>1Yr,0.001,0.0005
BAL,Spike P,8,+,+,+,-,DEI 11A,HIV+ART>1Yr,0.001,0.0123
BAL,Spike P,8,+,+,+,-,DEI 11B,HIV-,0.18,0.0437
BAL,Spike P,8,+,+,+,-,DEI 11C,HIV+ART>1Yr,0.26,0.4506
BAL,Spike P,8,+,+,+,-,DEI 11D,HIV+ART>1Yr,0.06,0.0568
BAL,Spike P,8,+,+,+,-,DEI 11G,HIV+ART>1Yr,0.001,0.0069
BAL,Spike P,8,+,+,+,-,DEI 11I,HIV+ART>1Yr,0.001,0.02
BAL,Spike P,8,+,+,+,-,DEI 11K,HIV-,0.02,0.1258
BAL,Spike P,8,+,+,+,-,DEI 11M,HIV+ART>1Yr,0.001,0.01
BAL,Spike P,8,+,+,+,-,DEI 11N,HIV-,0.001,0.0147
BAL,Spike P,8,+,+,+,-,DEI 11P,HIV+ART>1Yr,0.03,0.2027
BAL,Spike P,8,+,+,+,-,DEI 11Q,HIV-,0.001,0.0476
BAL,Spike P,8,+,+,+,-,DEI 11R,HIV+ART>1Yr,0.08,0.5229
BAL,Spike P,8,+,+,+,-,DEI 11U,HIV-,0.001,0.002
BAL,Spike P,8,+,+,+,-,DEI 11V,HIV-,0.001,0.0833
BAL,Spike P,8,+,+,+,-,DEI 11Y,HIV-,0.03,0.2752
BAL,Spike P,8,+,+,+,-,DEI 11Z,HIV-,0.001,0.0526
BAL,Spike P,8,+,+,+,-,DEI 13V,HIV-,0.001,0.0833
BAL,Spike P,8,+,+,+,-,DEI 141,HIV-,0.001,0.0156
BAL,Spike P,8,+,+,+,-,DEI 143,HIV-,0.63,0.5348
BAL,Spike P,8,+,+,-,+,DEI 103,HIV-,0.06,0.0829
BAL,Spike P,8,+,+,-,+,DEI 104,HIV-,0.04,0.2
BAL,Spike P,8,+,+,-,+,DEI 107,HIV-,0.38,0.4444
BAL,Spike P,8,+,+,-,+,DEI 108,HIV-,0.08,0.4278
BAL,Spike P,8,+,+,-,+,DEI 109,HIV-,1.09,0.3941
BAL,Spike P,8,+,+,-,+,DEI 10A,HIV-,0.001,0.0143
BAL,Spike P,8,+,+,-,+,DEI 10E,HIV-,0.001,0.0036
BAL,Spike P,8,+,+,-,+,DEI 10F,HIV-,0.001,0.0192
BAL,Spike P,8,+,+,-,+,DEI 10G,HIV-,0.5,0.3351
BAL,Spike P,8,+,+,-,+,DEI 10H,HIV-,0.2,0.1295
BAL,Spike P,8,+,+,-,+,DEI 10I,HIV-,0.16,0.7306
BAL,Spike P,8,+,+,-,+,DEI 10J,HIV+ART>1Yr,0.001,0.0078
BAL,Spike P,8,+,+,-,+,DEI 10K,HIV+ART>1Yr,0.001,0.0588
BAL,Spike P,8,+,+,-,+,DEI 10L,HIV-,0.1,0.6757
BAL,Spike P,8,+,+,-,+,DEI 10M,HIV-,0.43,0.6134
BAL,Spike P,8,+,+,-,+,DEI 10N,HIV+ART>1Yr,0.001,0.0196
BAL,Spike P,8,+,+,-,+,DEI 10P,HIV+ART>1Yr,0.001,0.0167
BAL,Spike P,8,+,+,-,+,DEI 10Q,HIV-,0.65,0.2671
BAL,Spike P,8,+,+,-,+,DEI 10R,HIV+ART>1Yr,0.001,0.0071
BAL,Spike P,8,+,+,-,+,DEI 10S,HIV-,0.001,0.0091
BAL,Spike P,8,+,+,-,+,DEI 10T,HIV-,0.001,0.0075
BAL,Spike P,8,+,+,-,+,DEI 10U,HIV-,0.001,0.0128
BAL,Spike P,8,+,+,-,+,DEI 10V,HIV-,0.001,0.0103
BAL,Spike P,8,+,+,-,+,DEI 10W,HIV-,0.27,0.2821
BAL,Spike P,8,+,+,-,+,DEI 10X,HIV-,0.92,0.221
BAL,Spike P,8,+,+,-,+,DEI 10Y,HIV-,0.22,0.2683
BAL,Spike P,8,+,+,-,+,DEI 10Z,HIV+ART>1Yr,0.24,0.2074
BAL,Spike P,8,+,+,-,+,DEI 110,HIV-,0.39,0.2688
BAL,Spike P,8,+,+,-,+,DEI 111,HIV+ART>1Yr,0.001,0.0006
BAL,Spike P,8,+,+,-,+,DEI 112,HIV+ART>1Yr,0.15,0.4451
BAL,Spike P,8,+,+,-,+,DEI 113,HIV-,0.06,0.8451
BAL,Spike P,8,+,+,-,+,DEI 114,HIV+ART>1Yr,0.14,0.2357
BAL,Spike P,8,+,+,-,+,DEI 115,HIV+ART>1Yr,0.12,0.3785
BAL,Spike P,8,+,+,-,+,DEI 116,HIV+ART>1Yr,0.43,0.3285
BAL,Spike P,8,+,+,-,+,DEI 118,HIV+ART>1Yr,0.001,0.0714
BAL,Spike P,8,+,+,-,+,DEI 119,HIV+ART>1Yr,0.001,0.0005
BAL,Spike P,8,+,+,-,+,DEI 11A,HIV+ART>1Yr,0.02,0.2469
BAL,Spike P,8,+,+,-,+,DEI 11B,HIV-,1.69,0.4101
BAL,Spike P,8,+,+,-,+,DEI 11C,HIV+ART>1Yr,0.001,0.0017
BAL,Spike P,8,+,+,-,+,DEI 11D,HIV+ART>1Yr,0.25,0.2367
BAL,Spike P,8,+,+,-,+,DEI 11G,HIV+ART>1Yr,0.07,0.4861
BAL,Spike P,8,+,+,-,+,DEI 11I,HIV+ART>1Yr,0.001,0.02
BAL,Spike P,8,+,+,-,+,DEI 11K,HIV-,0.001,0.0063
BAL,Spike P,8,+,+,-,+,DEI 11M,HIV+ART>1Yr,0.001,0.01
BAL,Spike P,8,+,+,-,+,DEI 11N,HIV-,0.001,0.0147
BAL,Spike P,8,+,+,-,+,DEI 11P,HIV+ART>1Yr,0.07,0.473
BAL,Spike P,8,+,+,-,+,DEI 11Q,HIV-,0.001,0.0476
BAL,Spike P,8,+,+,-,+,DEI 11R,HIV+ART>1Yr,0.03,0.1961
BAL,Spike P,8,+,+,-,+,DEI 11U,HIV-,0.001,0.002
BAL,Spike P,8,+,+,-,+,DEI 11V,HIV-,0.001,0.0833
BAL,Spike P,8,+,+,-,+,DEI 11Y,HIV-,0.001,0.0092
BAL,Spike P,8,+,+,-,+,DEI 11Z,HIV-,0.001,0.0526
BAL,Spike P,8,+,+,-,+,DEI 13V,HIV-,0.001,0.0833
BAL,Spike P,8,+,+,-,+,DEI 141,HIV-,0.001,0.0156
BAL,Spike P,8,+,+,-,+,DEI 143,HIV-,0.36,0.3056
BAL,Spike P,8,+,-,+,+,DEI 103,HIV-,0.001,0.0014
BAL,Spike P,8,+,-,+,+,DEI 104,HIV-,0.01,0.05
BAL,Spike P,8,+,-,+,+,DEI 107,HIV-,0.02,0.0234
BAL,Spike P,8,+,-,+,+,DEI 108,HIV-,0.001,0.0053
BAL,Spike P,8,+,-,+,+,DEI 109,HIV-,0.001,0.0004
BAL,Spike P,8,+,-,+,+,DEI 10A,HIV-,0.001,0.0143
BAL,Spike P,8,+,-,+,+,DEI 10E,HIV-,0.05,0.1818
BAL,Spike P,8,+,-,+,+,DEI 10F,HIV-,0.003,0.0577
BAL,Spike P,8,+,-,+,+,DEI 10G,HIV-,0.001,0.0007
BAL,Spike P,8,+,-,+,+,DEI 10H,HIV-,0.07,0.0453
BAL,Spike P,8,+,-,+,+,DEI 10I,HIV-,0.001,0.0046
BAL,Spike P,8,+,-,+,+,DEI 10J,HIV+ART>1Yr,0.001,0.0078
BAL,Spike P,8,+,-,+,+,DEI 10K,HIV+ART>1Yr,0.001,0.0588
BAL,Spike P,8,+,-,+,+,DEI 10L,HIV-,0.001,0.0068
BAL,Spike P,8,+,-,+,+,DEI 10M,HIV-,0.001,0.0014
BAL,Spike P,8,+,-,+,+,DEI 10N,HIV+ART>1Yr,0.001,0.0196
BAL,Spike P,8,+,-,+,+,DEI 10P,HIV+ART>1Yr,0.001,0.0167
BAL,Spike P,8,+,-,+,+,DEI 10Q,HIV-,0.053,0.0218
BAL,Spike P,8,+,-,+,+,DEI 10R,HIV+ART>1Yr,0.001,0.0071
BAL,Spike P,8,+,-,+,+,DEI 10S,HIV-,0.001,0.0091
BAL,Spike P,8,+,-,+,+,DEI 10T,HIV-,0.001,0.0075
BAL,Spike P,8,+,-,+,+,DEI 10U,HIV-,0.001,0.0128
BAL,Spike P,8,+,-,+,+,DEI 10V,HIV-,0.02,0.2062
BAL,Spike P,8,+,-,+,+,DEI 10W,HIV-,0.001,0.001
BAL,Spike P,8,+,-,+,+,DEI 10X,HIV-,0.2,0.048
BAL,Spike P,8,+,-,+,+,DEI 10Y,HIV-,0.014,0.0171
BAL,Spike P,8,+,-,+,+,DEI 10Z,HIV+ART>1Yr,0.12,0.1037
BAL,Spike P,8,+,-,+,+,DEI 110,HIV-,0.001,0.0007
BAL,Spike P,8,+,-,+,+,DEI 111,HIV+ART>1Yr,0.001,0.0006
BAL,Spike P,8,+,-,+,+,DEI 112,HIV+ART>1Yr,0.01,0.0297
BAL,Spike P,8,+,-,+,+,DEI 113,HIV-,0.001,0.0141
BAL,Spike P,8,+,-,+,+,DEI 114,HIV+ART>1Yr,0.01,0.0168
BAL,Spike P,8,+,-,+,+,DEI 115,HIV+ART>1Yr,0.001,0.0032
BAL,Spike P,8,+,-,+,+,DEI 116,HIV+ART>1Yr,0.001,0.0008
BAL,Spike P,8,+,-,+,+,DEI 118,HIV+ART>1Yr,0.001,0.0714
BAL,Spike P,8,+,-,+,+,DEI 119,HIV+ART>1Yr,1.12,0.5098
BAL,Spike P,8,+,-,+,+,DEI 11A,HIV+ART>1Yr,0.004,0.0494
BAL,Spike P,8,+,-,+,+,DEI 11B,HIV-,0.04,0.0097
BAL,Spike P,8,+,-,+,+,DEI 11C,HIV+ART>1Yr,0.001,0.0017
BAL,Spike P,8,+,-,+,+,DEI 11D,HIV+ART>1Yr,0.001,0.0009
BAL,Spike P,8,+,-,+,+,DEI 11G,HIV+ART>1Yr,0.006,0.0417
BAL,Spike P,8,+,-,+,+,DEI 11I,HIV+ART>1Yr,0.01,0.2
BAL,Spike P,8,+,-,+,+,DEI 11K,HIV-,0.001,0.0063
BAL,Spike P,8,+,-,+,+,DEI 11M,HIV+ART>1Yr,0.001,0.01
BAL,Spike P,8,+,-,+,+,DEI 11N,HIV-,0.001,0.0147
BAL,Spike P,8,+,-,+,+,DEI 11P,HIV+ART>1Yr,0.001,0.0068
BAL,Spike P,8,+,-,+,+,DEI 11Q,HIV-,0.001,0.0476
BAL,Spike P,8,+,-,+,+,DEI 11R,HIV+ART>1Yr,0.001,0.0065
BAL,Spike P,8,+,-,+,+,DEI 11U,HIV-,0.001,0.002
BAL,Spike P,8,+,-,+,+,DEI 11V,HIV-,0.001,0.0833
BAL,Spike P,8,+,-,+,+,DEI 11Y,HIV-,0.001,0.0092
BAL,Spike P,8,+,-,+,+,DEI 11Z,HIV-,0.001,0.0526
BAL,Spike P,8,+,-,+,+,DEI 13V,HIV-,0.001,0.0833
BAL,Spike P,8,+,-,+,+,DEI 141,HIV-,0.001,0.0156
BAL,Spike P,8,+,-,+,+,DEI 143,HIV-,0.001,0.0008
BAL,Spike P,8,+,-,+,-,DEI 103,HIV-,0.001,0.0014
BAL,Spike P,8,+,-,+,-,DEI 104,HIV-,0.01,0.05
BAL,Spike P,8,+,-,+,-,DEI 107,HIV-,0.001,0.0012
BAL,Spike P,8,+,-,+,-,DEI 108,HIV-,0.001,0.0053
BAL,Spike P,8,+,-,+,-,DEI 109,HIV-,0.08,0.0289
BAL,Spike P,8,+,-,+,-,DEI 10A,HIV-,0.001,0.0143
BAL,Spike P,8,+,-,+,-,DEI 10E,HIV-,0.02,0.0727
BAL,Spike P,8,+,-,+,-,DEI 10F,HIV-,0.001,0.0192
BAL,Spike P,8,+,-,+,-,DEI 10G,HIV-,0.01,0.0067
BAL,Spike P,8,+,-,+,-,DEI 10H,HIV-,0.14,0.0907
BAL,Spike P,8,+,-,+,-,DEI 10I,HIV-,0.001,0.0046
BAL,Spike P,8,+,-,+,-,DEI 10J,HIV+ART>1Yr,0.001,0.0078
BAL,Spike P,8,+,-,+,-,DEI 10K,HIV+ART>1Yr,0.006,0.3529
BAL,Spike P,8,+,-,+,-,DEI 10L,HIV-,0.001,0.0068
BAL,Spike P,8,+,-,+,-,DEI 10M,HIV-,0.012,0.0171
BAL,Spike P,8,+,-,+,-,DEI 10N,HIV+ART>1Yr,0.004,0.0784
BAL,Spike P,8,+,-,+,-,DEI 10P,HIV+ART>1Yr,0.001,0.0167
BAL,Spike P,8,+,-,+,-,DEI 10Q,HIV-,0.08,0.0329
BAL,Spike P,8,+,-,+,-,DEI 10R,HIV+ART>1Yr,0.001,0.0071
BAL,Spike P,8,+,-,+,-,DEI 10S,HIV-,0.001,0.0091
BAL,Spike P,8,+,-,+,-,DEI 10T,HIV-,0.001,0.0075
BAL,Spike P,8,+,-,+,-,DEI 10U,HIV-,0.001,0.0128
BAL,Spike P,8,+,-,+,-,DEI 10V,HIV-,0.02,0.2062
BAL,Spike P,8,+,-,+,-,DEI 10W,HIV-,0.001,0.001
BAL,Spike P,8,+,-,+,-,DEI 10X,HIV-,0.001,0.0002
BAL,Spike P,8,+,-,+,-,DEI 10Y,HIV-,0.005,0.0061
BAL,Spike P,8,+,-,+,-,DEI 10Z,HIV+ART>1Yr,0.001,0.0009
BAL,Spike P,8,+,-,+,-,DEI 110,HIV-,0.02,0.0138
BAL,Spike P,8,+,-,+,-,DEI 111,HIV+ART>1Yr,0.001,0.0006
BAL,Spike P,8,+,-,+,-,DEI 112,HIV+ART>1Yr,0.001,0.003
BAL,Spike P,8,+,-,+,-,DEI 113,HIV-,0.001,0.0141
BAL,Spike P,8,+,-,+,-,DEI 114,HIV+ART>1Yr,0.001,0.0017
BAL,Spike P,8,+,-,+,-,DEI 115,HIV+ART>1Yr,0.001,0.0032
BAL,Spike P,8,+,-,+,-,DEI 116,HIV+ART>1Yr,0.001,0.0008
BAL,Spike P,8,+,-,+,-,DEI 118,HIV+ART>1Yr,0.003,0.2143
BAL,Spike P,8,+,-,+,-,DEI 119,HIV+ART>1Yr,0.001,0.0005
BAL,Spike P,8,+,-,+,-,DEI 11A,HIV+ART>1Yr,0.001,0.0123
BAL,Spike P,8,+,-,+,-,DEI 11B,HIV-,0.01,0.0024
BAL,Spike P,8,+,-,+,-,DEI 11C,HIV+ART>1Yr,0.001,0.0017
BAL,Spike P,8,+,-,+,-,DEI 11D,HIV+ART>1Yr,0.05,0.0473
BAL,Spike P,8,+,-,+,-,DEI 11G,HIV+ART>1Yr,0.001,0.0069
BAL,Spike P,8,+,-,+,-,DEI 11I,HIV+ART>1Yr,0.001,0.02
BAL,Spike P,8,+,-,+,-,DEI 11K,HIV-,0.001,0.0063
BAL,Spike P,8,+,-,+,-,DEI 11M,HIV+ART>1Yr,0.01,0.1
BAL,Spike P,8,+,-,+,-,DEI 11N,HIV-,0.02,0.2941
BAL,Spike P,8,+,-,+,-,DEI 11P,HIV+ART>1Yr,0.02,0.1351
BAL,Spike P,8,+,-,+,-,DEI 11Q,HIV-,0.001,0.0476
BAL,Spike P,8,+,-,+,-,DEI 11R,HIV+ART>1Yr,0.02,0.1307
BAL,Spike P,8,+,-,+,-,DEI 11U,HIV-,0.001,0.002
BAL,Spike P,8,+,-,+,-,DEI 11V,HIV-,0.001,0.0833
BAL,Spike P,8,+,-,+,-,DEI 11Y,HIV-,0.001,0.0092
BAL,Spike P,8,+,-,+,-,DEI 11Z,HIV-,0.001,0.0526
BAL,Spike P,8,+,-,+,-,DEI 13V,HIV-,0.001,0.0833
BAL,Spike P,8,+,-,+,-,DEI 141,HIV-,0.034,0.5312
BAL,Spike P,8,+,-,+,-,DEI 143,HIV-,0.001,0.0008
BAL,Spike P,8,+,-,-,+,DEI 103,HIV-,0.03,0.0414
BAL,Spike P,8,+,-,-,+,DEI 104,HIV-,0.02,0.1
BAL,Spike P,8,+,-,-,+,DEI 107,HIV-,0.03,0.0351
BAL,Spike P,8,+,-,-,+,DEI 108,HIV-,0.02,0.107
BAL,Spike P,8,+,-,-,+,DEI 109,HIV-,0.08,0.0289
BAL,Spike P,8,+,-,-,+,DEI 10A,HIV-,0.001,0.0143
BAL,Spike P,8,+,-,-,+,DEI 10E,HIV-,0.03,0.1091
BAL,Spike P,8,+,-,-,+,DEI 10F,HIV-,0.001,0.0192
BAL,Spike P,8,+,-,-,+,DEI 10G,HIV-,0.05,0.0335
BAL,Spike P,8,+,-,-,+,DEI 10H,HIV-,0.001,0.0006
BAL,Spike P,8,+,-,-,+,DEI 10I,HIV-,0.001,0.0046
BAL,Spike P,8,+,-,-,+,DEI 10J,HIV+ART>1Yr,0.001,0.0078
BAL,Spike P,8,+,-,-,+,DEI 10K,HIV+ART>1Yr,0.001,0.0588
BAL,Spike P,8,+,-,-,+,DEI 10L,HIV-,0.001,0.0068
BAL,Spike P,8,+,-,-,+,DEI 10M,HIV-,0.03,0.0428
BAL,Spike P,8,+,-,-,+,DEI 10N,HIV+ART>1Yr,0.001,0.0196
BAL,Spike P,8,+,-,-,+,DEI 10P,HIV+ART>1Yr,0.02,0.3333
BAL,Spike P,8,+,-,-,+,DEI 10Q,HIV-,0.13,0.0534
BAL,Spike P,8,+,-,-,+,DEI 10R,HIV+ART>1Yr,0.001,0.0071
BAL,Spike P,8,+,-,-,+,DEI 10S,HIV-,0.001,0.0091
BAL,Spike P,8,+,-,-,+,DEI 10T,HIV-,0.001,0.0075
BAL,Spike P,8,+,-,-,+,DEI 10U,HIV-,0.03,0.3846
BAL,Spike P,8,+,-,-,+,DEI 10V,HIV-,0.02,0.2062
BAL,Spike P,8,+,-,-,+,DEI 10W,HIV-,0.01,0.0104
BAL,Spike P,8,+,-,-,+,DEI 10X,HIV-,0.02,0.0048
BAL,Spike P,8,+,-,-,+,DEI 10Y,HIV-,0.04,0.0488
BAL,Spike P,8,+,-,-,+,DEI 10Z,HIV+ART>1Yr,0.001,0.0009
BAL,Spike P,8,+,-,-,+,DEI 110,HIV-,0.02,0.0138
BAL,Spike P,8,+,-,-,+,DEI 111,HIV+ART>1Yr,0.001,0.0006
BAL,Spike P,8,+,-,-,+,DEI 112,HIV+ART>1Yr,0.001,0.003
BAL,Spike P,8,+,-,-,+,DEI 113,HIV-,0.001,0.0141
BAL,Spike P,8,+,-,-,+,DEI 114,HIV+ART>1Yr,0.01,0.0168
BAL,Spike P,8,+,-,-,+,DEI 115,HIV+ART>1Yr,0.001,0.0032
BAL,Spike P,8,+,-,-,+,DEI 116,HIV+ART>1Yr,0.02,0.0153
BAL,Spike P,8,+,-,-,+,DEI 118,HIV+ART>1Yr,0.001,0.0714
BAL,Spike P,8,+,-,-,+,DEI 119,HIV+ART>1Yr,0.001,0.0005
BAL,Spike P,8,+,-,-,+,DEI 11A,HIV+ART>1Yr,0.001,0.0123
BAL,Spike P,8,+,-,-,+,DEI 11B,HIV-,0.01,0.0024
BAL,Spike P,8,+,-,-,+,DEI 11C,HIV+ART>1Yr,0.09,0.156
BAL,Spike P,8,+,-,-,+,DEI 11D,HIV+ART>1Yr,0.001,0.0009
BAL,Spike P,8,+,-,-,+,DEI 11G,HIV+ART>1Yr,0.001,0.0069
BAL,Spike P,8,+,-,-,+,DEI 11I,HIV+ART>1Yr,0.001,0.02
BAL,Spike P,8,+,-,-,+,DEI 11K,HIV-,0.001,0.0063
BAL,Spike P,8,+,-,-,+,DEI 11M,HIV+ART>1Yr,0.001,0.01
BAL,Spike P,8,+,-,-,+,DEI 11N,HIV-,0.01,0.1471
BAL,Spike P,8,+,-,-,+,DEI 11P,HIV+ART>1Yr,0.02,0.1351
BAL,Spike P,8,+,-,-,+,DEI 11Q,HIV-,0.001,0.0476
BAL,Spike P,8,+,-,-,+,DEI 11R,HIV+ART>1Yr,0.001,0.0065
BAL,Spike P,8,+,-,-,+,DEI 11U,HIV-,0.001,0.002
BAL,Spike P,8,+,-,-,+,DEI 11V,HIV-,0.001,0.0833
BAL,Spike P,8,+,-,-,+,DEI 11Y,HIV-,0.001,0.0092
BAL,Spike P,8,+,-,-,+,DEI 11Z,HIV-,0.001,0.0526
BAL,Spike P,8,+,-,-,+,DEI 13V,HIV-,0.001,0.0833
BAL,Spike P,8,+,-,-,+,DEI 141,HIV-,0.001,0.0156
BAL,Spike P,8,+,-,-,+,DEI 143,HIV-,0.001,0.0008
BAL,Spike P,8,-,+,+,+,DEI 103,HIV-,0.12,0.1657
BAL,Spike P,8,-,+,+,+,DEI 104,HIV-,0.031,0.155
BAL,Spike P,8,-,+,+,+,DEI 107,HIV-,0.05,0.0585
BAL,Spike P,8,-,+,+,+,DEI 108,HIV-,0.06,0.3209
BAL,Spike P,8,-,+,+,+,DEI 109,HIV-,0.001,0.0004
BAL,Spike P,8,-,+,+,+,DEI 10A,HIV-,0.001,0.0143
BAL,Spike P,8,-,+,+,+,DEI 10E,HIV-,0.001,0.0036
BAL,Spike P,8,-,+,+,+,DEI 10F,HIV-,0.001,0.0192
BAL,Spike P,8,-,+,+,+,DEI 10G,HIV-,0.05,0.0335
BAL,Spike P,8,-,+,+,+,DEI 10H,HIV-,0.09,0.0583
BAL,Spike P,8,-,+,+,+,DEI 10I,HIV-,0.03,0.137
BAL,Spike P,8,-,+,+,+,DEI 10J,HIV+ART>1Yr,0.001,0.0078
BAL,Spike P,8,-,+,+,+,DEI 10K,HIV+ART>1Yr,0.001,0.0588
BAL,Spike P,8,-,+,+,+,DEI 10L,HIV-,0.001,0.0068
BAL,Spike P,8,-,+,+,+,DEI 10M,HIV-,0.001,0.0014
BAL,Spike P,8,-,+,+,+,DEI 10N,HIV+ART>1Yr,0.01,0.1961
BAL,Spike P,8,-,+,+,+,DEI 10P,HIV+ART>1Yr,0.001,0.0167
BAL,Spike P,8,-,+,+,+,DEI 10Q,HIV-,0.12,0.0493
BAL,Spike P,8,-,+,+,+,DEI 10R,HIV+ART>1Yr,0.001,0.0071
BAL,Spike P,8,-,+,+,+,DEI 10S,HIV-,0.001,0.0091
BAL,Spike P,8,-,+,+,+,DEI 10T,HIV-,0.006,0.0451
BAL,Spike P,8,-,+,+,+,DEI 10U,HIV-,0.001,0.0128
BAL,Spike P,8,-,+,+,+,DEI 10V,HIV-,0.001,0.0103
BAL,Spike P,8,-,+,+,+,DEI 10W,HIV-,0.03,0.0313
BAL,Spike P,8,-,+,+,+,DEI 10X,HIV-,0.18,0.0432
BAL,Spike P,8,-,+,+,+,DEI 10Y,HIV-,0.02,0.0244
BAL,Spike P,8,-,+,+,+,DEI 10Z,HIV+ART>1Yr,0.001,0.0009
BAL,Spike P,8,-,+,+,+,DEI 110,HIV-,0.01,0.0069
BAL,Spike P,8,-,+,+,+,DEI 111,HIV+ART>1Yr,0.17,0.1025
BAL,Spike P,8,-,+,+,+,DEI 112,HIV+ART>1Yr,0.09,0.2671
BAL,Spike P,8,-,+,+,+,DEI 113,HIV-,0.001,0.0141
BAL,Spike P,8,-,+,+,+,DEI 114,HIV+ART>1Yr,0.01,0.0168
BAL,Spike P,8,-,+,+,+,DEI 115,HIV+ART>1Yr,0.03,0.0946
BAL,Spike P,8,-,+,+,+,DEI 116,HIV+ART>1Yr,0.5,0.382
BAL,Spike P,8,-,+,+,+,DEI 118,HIV+ART>1Yr,0.001,0.0714
BAL,Spike P,8,-,+,+,+,DEI 119,HIV+ART>1Yr,0.7,0.3186
BAL,Spike P,8,-,+,+,+,DEI 11A,HIV+ART>1Yr,0.01,0.1235
BAL,Spike P,8,-,+,+,+,DEI 11B,HIV-,0.04,0.0097
BAL,Spike P,8,-,+,+,+,DEI 11C,HIV+ART>1Yr,0.001,0.0017
BAL,Spike P,8,-,+,+,+,DEI 11D,HIV+ART>1Yr,0.05,0.0473
BAL,Spike P,8,-,+,+,+,DEI 11G,HIV+ART>1Yr,0.02,0.1389
BAL,Spike P,8,-,+,+,+,DEI 11I,HIV+ART>1Yr,0.001,0.02
BAL,Spike P,8,-,+,+,+,DEI 11K,HIV-,0.001,0.0063
BAL,Spike P,8,-,+,+,+,DEI 11M,HIV+ART>1Yr,0.001,0.01
BAL,Spike P,8,-,+,+,+,DEI 11N,HIV-,0.001,0.0147
BAL,Spike P,8,-,+,+,+,DEI 11P,HIV+ART>1Yr,0.001,0.0068
BAL,Spike P,8,-,+,+,+,DEI 11Q,HIV-,0.001,0.0476
BAL,Spike P,8,-,+,+,+,DEI 11R,HIV+ART>1Yr,0.011,0.0719
BAL,Spike P,8,-,+,+,+,DEI 11U,HIV-,0.001,0.002
BAL,Spike P,8,-,+,+,+,DEI 11V,HIV-,0.001,0.0833
BAL,Spike P,8,-,+,+,+,DEI 11Y,HIV-,0.001,0.0092
BAL,Spike P,8,-,+,+,+,DEI 11Z,HIV-,0.001,0.0526
BAL,Spike P,8,-,+,+,+,DEI 13V,HIV-,0.001,0.0833
BAL,Spike P,8,-,+,+,+,DEI 141,HIV-,0.001,0.0156
BAL,Spike P,8,-,+,+,+,DEI 143,HIV-,0.09,0.0764
BAL,Spike P,8,-,+,+,-,DEI 103,HIV-,0.31,0.4282
BAL,Spike P,8,-,+,+,-,DEI 104,HIV-,0.01,0.05
BAL,Spike P,8,-,+,+,-,DEI 107,HIV-,0.02,0.0234
BAL,Spike P,8,-,+,+,-,DEI 108,HIV-,0.001,0.0053
BAL,Spike P,8,-,+,+,-,DEI 109,HIV-,0.001,0.0004
BAL,Spike P,8,-,+,+,-,DEI 10A,HIV-,0.03,0.4286
BAL,Spike P,8,-,+,+,-,DEI 10E,HIV-,0.02,0.0727
BAL,Spike P,8,-,+,+,-,DEI 10F,HIV-,0.001,0.0192
BAL,Spike P,8,-,+,+,-,DEI 10G,HIV-,0.25,0.1676
BAL,Spike P,8,-,+,+,-,DEI 10H,HIV-,0.14,0.0907
BAL,Spike P,8,-,+,+,-,DEI 10I,HIV-,0.001,0.0046
BAL,Spike P,8,-,+,+,-,DEI 10J,HIV+ART>1Yr,0.001,0.0078
BAL,Spike P,8,-,+,+,-,DEI 10K,HIV+ART>1Yr,0.001,0.0588
BAL,Spike P,8,-,+,+,-,DEI 10L,HIV-,0.01,0.0676
BAL,Spike P,8,-,+,+,-,DEI 10M,HIV-,0.001,0.0014
BAL,Spike P,8,-,+,+,-,DEI 10N,HIV+ART>1Yr,0.01,0.1961
BAL,Spike P,8,-,+,+,-,DEI 10P,HIV+ART>1Yr,0.001,0.0167
BAL,Spike P,8,-,+,+,-,DEI 10Q,HIV-,0.45,0.1849
BAL,Spike P,8,-,+,+,-,DEI 10R,HIV+ART>1Yr,0.001,0.0071
BAL,Spike P,8,-,+,+,-,DEI 10S,HIV-,0.07,0.6364
BAL,Spike P,8,-,+,+,-,DEI 10T,HIV-,0.001,0.0075
BAL,Spike P,8,-,+,+,-,DEI 10U,HIV-,0.001,0.0128
BAL,Spike P,8,-,+,+,-,DEI 10V,HIV-,0.001,0.0103
BAL,Spike P,8,-,+,+,-,DEI 10W,HIV-,0.17,0.1776
BAL,Spike P,8,-,+,+,-,DEI 10X,HIV-,0.001,0.0002
BAL,Spike P,8,-,+,+,-,DEI 10Y,HIV-,0.04,0.0488
BAL,Spike P,8,-,+,+,-,DEI 10Z,HIV+ART>1Yr,0.001,0.0009
BAL,Spike P,8,-,+,+,-,DEI 110,HIV-,0.21,0.1447
BAL,Spike P,8,-,+,+,-,DEI 111,HIV+ART>1Yr,0.001,0.0006
BAL,Spike P,8,-,+,+,-,DEI 112,HIV+ART>1Yr,0.02,0.0593
BAL,Spike P,8,-,+,+,-,DEI 113,HIV-,0.001,0.0141
BAL,Spike P,8,-,+,+,-,DEI 114,HIV+ART>1Yr,0.05,0.0842
BAL,Spike P,8,-,+,+,-,DEI 115,HIV+ART>1Yr,0.001,0.0032
BAL,Spike P,8,-,+,+,-,DEI 116,HIV+ART>1Yr,0.001,0.0008
BAL,Spike P,8,-,+,+,-,DEI 118,HIV+ART>1Yr,0.001,0.0714
BAL,Spike P,8,-,+,+,-,DEI 119,HIV+ART>1Yr,0.001,0.0005
BAL,Spike P,8,-,+,+,-,DEI 11A,HIV+ART>1Yr,0.01,0.1235
BAL,Spike P,8,-,+,+,-,DEI 11B,HIV-,0.001,0.0002
BAL,Spike P,8,-,+,+,-,DEI 11C,HIV+ART>1Yr,0.001,0.0017
BAL,Spike P,8,-,+,+,-,DEI 11D,HIV+ART>1Yr,0.001,0.0009
BAL,Spike P,8,-,+,+,-,DEI 11G,HIV+ART>1Yr,0.001,0.0069
BAL,Spike P,8,-,+,+,-,DEI 11I,HIV+ART>1Yr,0.001,0.02
BAL,Spike P,8,-,+,+,-,DEI 11K,HIV-,0.001,0.0063
BAL,Spike P,8,-,+,+,-,DEI 11M,HIV+ART>1Yr,0.001,0.01
BAL,Spike P,8,-,+,+,-,DEI 11N,HIV-,0.001,0.0147
BAL,Spike P,8,-,+,+,-,DEI 11P,HIV+ART>1Yr,0.001,0.0068
BAL,Spike P,8,-,+,+,-,DEI 11Q,HIV-,0.001,0.0476
BAL,Spike P,8,-,+,+,-,DEI 11R,HIV+ART>1Yr,0.001,0.0065
BAL,Spike P,8,-,+,+,-,DEI 11U,HIV-,0.001,0.002
BAL,Spike P,8,-,+,+,-,DEI 11V,HIV-,0.001,0.0833
BAL,Spike P,8,-,+,+,-,DEI 11Y,HIV-,0.05,0.4587
BAL,Spike P,8,-,+,+,-,DEI 11Z,HIV-,0.001,0.0526
BAL,Spike P,8,-,+,+,-,DEI 13V,HIV-,0.001,0.0833
BAL,Spike P,8,-,+,+,-,DEI 141,HIV-,0.001,0.0156
BAL,Spike P,8,-,+,+,-,DEI 143,HIV-,0.001,0.0008
BAL,Spike P,8,-,+,-,+,DEI 103,HIV-,0.001,0.0014
BAL,Spike P,8,-,+,-,+,DEI 104,HIV-,0.03,0.15
BAL,Spike P,8,-,+,-,+,DEI 107,HIV-,0.001,0.0012
BAL,Spike P,8,-,+,-,+,DEI 108,HIV-,0.001,0.0053
BAL,Spike P,8,-,+,-,+,DEI 109,HIV-,0.001,0.0004
BAL,Spike P,8,-,+,-,+,DEI 10A,HIV-,0.001,0.0143
BAL,Spike P,8,-,+,-,+,DEI 10E,HIV-,0.001,0.0036
BAL,Spike P,8,-,+,-,+,DEI 10F,HIV-,0.01,0.1923
BAL,Spike P,8,-,+,-,+,DEI 10G,HIV-,0.18,0.1206
BAL,Spike P,8,-,+,-,+,DEI 10H,HIV-,0.001,0.0006
BAL,Spike P,8,-,+,-,+,DEI 10I,HIV-,0.001,0.0046
BAL,Spike P,8,-,+,-,+,DEI 10J,HIV+ART>1Yr,0.001,0.0078
BAL,Spike P,8,-,+,-,+,DEI 10K,HIV+ART>1Yr,0.001,0.0588
BAL,Spike P,8,-,+,-,+,DEI 10L,HIV-,0.001,0.0068
BAL,Spike P,8,-,+,-,+,DEI 10M,HIV-,0.18,0.2568
BAL,Spike P,8,-,+,-,+,DEI 10N,HIV+ART>1Yr,0.001,0.0196
BAL,Spike P,8,-,+,-,+,DEI 10P,HIV+ART>1Yr,0.001,0.0167
BAL,Spike P,8,-,+,-,+,DEI 10Q,HIV-,0.21,0.0863
BAL,Spike P,8,-,+,-,+,DEI 10R,HIV+ART>1Yr,0.07,0.5
BAL,Spike P,8,-,+,-,+,DEI 10S,HIV-,0.001,0.0091
BAL,Spike P,8,-,+,-,+,DEI 10T,HIV-,0.001,0.0075
BAL,Spike P,8,-,+,-,+,DEI 10U,HIV-,0.02,0.2564
BAL,Spike P,8,-,+,-,+,DEI 10V,HIV-,0.001,0.0103
BAL,Spike P,8,-,+,-,+,DEI 10W,HIV-,0.23,0.2403
BAL,Spike P,8,-,+,-,+,DEI 10X,HIV-,0.33,0.0793
BAL,Spike P,8,-,+,-,+,DEI 10Y,HIV-,0.12,0.1463
BAL,Spike P,8,-,+,-,+,DEI 10Z,HIV+ART>1Yr,0.001,0.0009
BAL,Spike P,8,-,+,-,+,DEI 110,HIV-,0.06,0.0414
BAL,Spike P,8,-,+,-,+,DEI 111,HIV+ART>1Yr,0.04,0.0241
BAL,Spike P,8,-,+,-,+,DEI 112,HIV+ART>1Yr,0.001,0.003
BAL,Spike P,8,-,+,-,+,DEI 113,HIV-,0.001,0.0141
BAL,Spike P,8,-,+,-,+,DEI 114,HIV+ART>1Yr,0.05,0.0842
BAL,Spike P,8,-,+,-,+,DEI 115,HIV+ART>1Yr,0.001,0.0032
BAL,Spike P,8,-,+,-,+,DEI 116,HIV+ART>1Yr,0.15,0.1146
BAL,Spike P,8,-,+,-,+,DEI 118,HIV+ART>1Yr,0.001,0.0714
BAL,Spike P,8,-,+,-,+,DEI 119,HIV+ART>1Yr,0.23,0.1047
BAL,Spike P,8,-,+,-,+,DEI 11A,HIV+ART>1Yr,0.001,0.0123
BAL,Spike P,8,-,+,-,+,DEI 11B,HIV-,0.1,0.0243
BAL,Spike P,8,-,+,-,+,DEI 11C,HIV+ART>1Yr,0.04,0.0693
BAL,Spike P,8,-,+,-,+,DEI 11D,HIV+ART>1Yr,0.001,0.0009
BAL,Spike P,8,-,+,-,+,DEI 11G,HIV+ART>1Yr,0.001,0.0069
BAL,Spike P,8,-,+,-,+,DEI 11I,HIV+ART>1Yr,0.001,0.02
BAL,Spike P,8,-,+,-,+,DEI 11K,HIV-,0.02,0.1258
BAL,Spike P,8,-,+,-,+,DEI 11M,HIV+ART>1Yr,0.08,0.8
BAL,Spike P,8,-,+,-,+,DEI 11N,HIV-,0.02,0.2941
BAL,Spike P,8,-,+,-,+,DEI 11P,HIV+ART>1Yr,0.001,0.0068
BAL,Spike P,8,-,+,-,+,DEI 11Q,HIV-,0.001,0.0476
BAL,Spike P,8,-,+,-,+,DEI 11R,HIV+ART>1Yr,0.001,0.0065
BAL,Spike P,8,-,+,-,+,DEI 11U,HIV-,0.35,0.6863
BAL,Spike P,8,-,+,-,+,DEI 11V,HIV-,0.001,0.0833
BAL,Spike P,8,-,+,-,+,DEI 11Y,HIV-,0.001,0.0092
BAL,Spike P,8,-,+,-,+,DEI 11Z,HIV-,0.001,0.0526
BAL,Spike P,8,-,+,-,+,DEI 13V,HIV-,0.001,0.0833
BAL,Spike P,8,-,+,-,+,DEI 141,HIV-,0.001,0.0156
BAL,Spike P,8,-,+,-,+,DEI 143,HIV-,0.001,0.0008
BAL,Spike P,8,-,-,+,+,DEI 103,HIV-,0.03,0.0414
BAL,Spike P,8,-,-,+,+,DEI 104,HIV-,0.017,0.085
BAL,Spike P,8,-,-,+,+,DEI 107,HIV-,0.03,0.0351
BAL,Spike P,8,-,-,+,+,DEI 108,HIV-,0.001,0.0053
BAL,Spike P,8,-,-,+,+,DEI 109,HIV-,0.001,0.0004
BAL,Spike P,8,-,-,+,+,DEI 10A,HIV-,0.001,0.0143
BAL,Spike P,8,-,-,+,+,DEI 10E,HIV-,0.02,0.0727
BAL,Spike P,8,-,-,+,+,DEI 10F,HIV-,0.001,0.0192
BAL,Spike P,8,-,-,+,+,DEI 10G,HIV-,0.04,0.0268
BAL,Spike P,8,-,-,+,+,DEI 10H,HIV-,0.091,0.0589
BAL,Spike P,8,-,-,+,+,DEI 10I,HIV-,0.001,0.0046
BAL,Spike P,8,-,-,+,+,DEI 10J,HIV+ART>1Yr,0.001,0.0078
BAL,Spike P,8,-,-,+,+,DEI 10K,HIV+ART>1Yr,0.001,0.0588
BAL,Spike P,8,-,-,+,+,DEI 10L,HIV-,0.01,0.0676
BAL,Spike P,8,-,-,+,+,DEI 10M,HIV-,0.004,0.0057
BAL,Spike P,8,-,-,+,+,DEI 10N,HIV+ART>1Yr,0.001,0.0196
BAL,Spike P,8,-,-,+,+,DEI 10P,HIV+ART>1Yr,0.03,0.5
BAL,Spike P,8,-,-,+,+,DEI 10Q,HIV-,0.001,0.0004
BAL,Spike P,8,-,-,+,+,DEI 10R,HIV+ART>1Yr,0.001,0.0071
BAL,Spike P,8,-,-,+,+,DEI 10S,HIV-,0.001,0.0091
BAL,Spike P,8,-,-,+,+,DEI 10T,HIV-,0.006,0.0451
BAL,Spike P,8,-,-,+,+,DEI 10U,HIV-,0.001,0.0128
BAL,Spike P,8,-,-,+,+,DEI 10V,HIV-,0.001,0.0103
BAL,Spike P,8,-,-,+,+,DEI 10W,HIV-,0.024,0.0251
BAL,Spike P,8,-,-,+,+,DEI 10X,HIV-,0.05,0.012
BAL,Spike P,8,-,-,+,+,DEI 10Y,HIV-,0.001,0.0012
BAL,Spike P,8,-,-,+,+,DEI 10Z,HIV+ART>1Yr,0.23,0.1988
BAL,Spike P,8,-,-,+,+,DEI 110,HIV-,0.05,0.0345
BAL,Spike P,8,-,-,+,+,DEI 111,HIV+ART>1Yr,0.001,0.0006
BAL,Spike P,8,-,-,+,+,DEI 112,HIV+ART>1Yr,0.001,0.003
BAL,Spike P,8,-,-,+,+,DEI 113,HIV-,0.001,0.0141
BAL,Spike P,8,-,-,+,+,DEI 114,HIV+ART>1Yr,0.001,0.0017
BAL,Spike P,8,-,-,+,+,DEI 115,HIV+ART>1Yr,0.001,0.0032
BAL,Spike P,8,-,-,+,+,DEI 116,HIV+ART>1Yr,0.18,0.1375
BAL,Spike P,8,-,-,+,+,DEI 118,HIV+ART>1Yr,0.001,0.0714
BAL,Spike P,8,-,-,+,+,DEI 119,HIV+ART>1Yr,0.001,0.0005
BAL,Spike P,8,-,-,+,+,DEI 11A,HIV+ART>1Yr,0.001,0.0123
BAL,Spike P,8,-,-,+,+,DEI 11B,HIV-,0.008,0.0019
BAL,Spike P,8,-,-,+,+,DEI 11C,HIV+ART>1Yr,0.001,0.0017
BAL,Spike P,8,-,-,+,+,DEI 11D,HIV+ART>1Yr,0.001,0.0009
BAL,Spike P,8,-,-,+,+,DEI 11G,HIV+ART>1Yr,0.001,0.0069
BAL,Spike P,8,-,-,+,+,DEI 11I,HIV+ART>1Yr,0.01,0.2
BAL,Spike P,8,-,-,+,+,DEI 11K,HIV-,0.001,0.0063
BAL,Spike P,8,-,-,+,+,DEI 11M,HIV+ART>1Yr,0.001,0.01
BAL,Spike P,8,-,-,+,+,DEI 11N,HIV-,0.001,0.0147
BAL,Spike P,8,-,-,+,+,DEI 11P,HIV+ART>1Yr,0.001,0.0068
BAL,Spike P,8,-,-,+,+,DEI 11Q,HIV-,0.001,0.0476
BAL,Spike P,8,-,-,+,+,DEI 11R,HIV+ART>1Yr,0.005,0.0327
BAL,Spike P,8,-,-,+,+,DEI 11U,HIV-,0.001,0.002
BAL,Spike P,8,-,-,+,+,DEI 11V,HIV-,0.001,0.0833
BAL,Spike P,8,-,-,+,+,DEI 11Y,HIV-,0.001,0.0092
BAL,Spike P,8,-,-,+,+,DEI 11Z,HIV-,0.001,0.0526
BAL,Spike P,8,-,-,+,+,DEI 13V,HIV-,0.001,0.0833
BAL,Spike P,8,-,-,+,+,DEI 141,HIV-,0.001,0.0156
BAL,Spike P,8,-,-,+,+,DEI 143,HIV-,0.001,0.0008
BAL,Spike P,8,-,-,+,-,DEI 103,HIV-,0.05,0.0691
BAL,Spike P,8,-,-,+,-,DEI 104,HIV-,0.02,0.1
BAL,Spike P,8,-,-,+,-,DEI 107,HIV-,0.001,0.0012
BAL,Spike P,8,-,-,+,-,DEI 108,HIV-,0.001,0.0053
BAL,Spike P,8,-,-,+,-,DEI 109,HIV-,0.14,0.0506
BAL,Spike P,8,-,-,+,-,DEI 10A,HIV-,0.001,0.0143
BAL,Spike P,8,-,-,+,-,DEI 10E,HIV-,0.001,0.0036
BAL,Spike P,8,-,-,+,-,DEI 10F,HIV-,0.001,0.0192
BAL,Spike P,8,-,-,+,-,DEI 10G,HIV-,0.03,0.0201
BAL,Spike P,8,-,-,+,-,DEI 10H,HIV-,0.001,0.0006
BAL,Spike P,8,-,-,+,-,DEI 10I,HIV-,0.001,0.0046
BAL,Spike P,8,-,-,+,-,DEI 10J,HIV+ART>1Yr,0.04,0.3101
BAL,Spike P,8,-,-,+,-,DEI 10K,HIV+ART>1Yr,0.001,0.0588
BAL,Spike P,8,-,-,+,-,DEI 10L,HIV-,0.001,0.0068
BAL,Spike P,8,-,-,+,-,DEI 10M,HIV-,0.001,0.0014
BAL,Spike P,8,-,-,+,-,DEI 10N,HIV+ART>1Yr,0.01,0.1961
BAL,Spike P,8,-,-,+,-,DEI 10P,HIV+ART>1Yr,0.001,0.0167
BAL,Spike P,8,-,-,+,-,DEI 10Q,HIV-,0.04,0.0164
BAL,Spike P,8,-,-,+,-,DEI 10R,HIV+ART>1Yr,0.06,0.4286
BAL,Spike P,8,-,-,+,-,DEI 10S,HIV-,0.001,0.0091
BAL,Spike P,8,-,-,+,-,DEI 10T,HIV-,0.013,0.0977
BAL,Spike P,8,-,-,+,-,DEI 10U,HIV-,0.01,0.1282
BAL,Spike P,8,-,-,+,-,DEI 10V,HIV-,0.02,0.2062
BAL,Spike P,8,-,-,+,-,DEI 10W,HIV-,0.001,0.001
BAL,Spike P,8,-,-,+,-,DEI 10X,HIV-,0.001,0.0002
BAL,Spike P,8,-,-,+,-,DEI 10Y,HIV-,0.01,0.0122
BAL,Spike P,8,-,-,+,-,DEI 10Z,HIV+ART>1Yr,0.001,0.0009
BAL,Spike P,8,-,-,+,-,DEI 110,HIV-,0.07,0.0482
BAL,Spike P,8,-,-,+,-,DEI 111,HIV+ART>1Yr,0.001,0.0006
BAL,Spike P,8,-,-,+,-,DEI 112,HIV+ART>1Yr,0.001,0.003
BAL,Spike P,8,-,-,+,-,DEI 113,HIV-,0.001,0.0141
BAL,Spike P,8,-,-,+,-,DEI 114,HIV+ART>1Yr,0.001,0.0017
BAL,Spike P,8,-,-,+,-,DEI 115,HIV+ART>1Yr,0.06,0.1893
BAL,Spike P,8,-,-,+,-,DEI 116,HIV+ART>1Yr,0.001,0.0008
BAL,Spike P,8,-,-,+,-,DEI 118,HIV+ART>1Yr,0.001,0.0714
BAL,Spike P,8,-,-,+,-,DEI 119,HIV+ART>1Yr,0.07,0.0319
BAL,Spike P,8,-,-,+,-,DEI 11A,HIV+ART>1Yr,0.001,0.0123
BAL,Spike P,8,-,-,+,-,DEI 11B,HIV-,0.002,0.0005
BAL,Spike P,8,-,-,+,-,DEI 11C,HIV+ART>1Yr,0.05,0.0867
BAL,Spike P,8,-,-,+,-,DEI 11D,HIV+ART>1Yr,0.05,0.0473
BAL,Spike P,8,-,-,+,-,DEI 11G,HIV+ART>1Yr,0.001,0.0069
BAL,Spike P,8,-,-,+,-,DEI 11I,HIV+ART>1Yr,0.002,0.04
BAL,Spike P,8,-,-,+,-,DEI 11K,HIV-,0.001,0.0063
BAL,Spike P,8,-,-,+,-,DEI 11M,HIV+ART>1Yr,0.001,0.01
BAL,Spike P,8,-,-,+,-,DEI 11N,HIV-,0.001,0.0147
BAL,Spike P,8,-,-,+,-,DEI 11P,HIV+ART>1Yr,0.001,0.0068
BAL,Spike P,8,-,-,+,-,DEI 11Q,HIV-,0.01,0.4762
BAL,Spike P,8,-,-,+,-,DEI 11R,HIV+ART>1Yr,0.001,0.0065
BAL,Spike P,8,-,-,+,-,DEI 11U,HIV-,0.001,0.002
BAL,Spike P,8,-,-,+,-,DEI 11V,HIV-,0.001,0.0833
BAL,Spike P,8,-,-,+,-,DEI 11Y,HIV-,0.001,0.0092
BAL,Spike P,8,-,-,+,-,DEI 11Z,HIV-,0.008,0.4211
BAL,Spike P,8,-,-,+,-,DEI 13V,HIV-,0.001,0.0833
BAL,Spike P,8,-,-,+,-,DEI 141,HIV-,0.001,0.0156
BAL,Spike P,8,-,-,+,-,DEI 143,HIV-,0.001,0.0008
BAL,Spike P,8,-,-,-,+,DEI 103,HIV-,0.09,0.1243
BAL,Spike P,8,-,-,-,+,DEI 104,HIV-,0.01,0.05
BAL,Spike P,8,-,-,-,+,DEI 107,HIV-,0.32,0.3743
BAL,Spike P,8,-,-,-,+,DEI 108,HIV-,0.001,0.0053
BAL,Spike P,8,-,-,-,+,DEI 109,HIV-,0.001,0.0004
BAL,Spike P,8,-,-,-,+,DEI 10A,HIV-,0.001,0.0143
BAL,Spike P,8,-,-,-,+,DEI 10E,HIV-,0.01,0.0364
BAL,Spike P,8,-,-,-,+,DEI 10F,HIV-,0.03,0.5769
BAL,Spike P,8,-,-,-,+,DEI 10G,HIV-,0.001,0.0007
BAL,Spike P,8,-,-,-,+,DEI 10H,HIV-,0.01,0.0065
BAL,Spike P,8,-,-,-,+,DEI 10I,HIV-,0.001,0.0046
BAL,Spike P,8,-,-,-,+,DEI 10J,HIV+ART>1Yr,0.05,0.3876
BAL,Spike P,8,-,-,-,+,DEI 10K,HIV+ART>1Yr,0.001,0.0588
BAL,Spike P,8,-,-,-,+,DEI 10L,HIV-,0.001,0.0068
BAL,Spike P,8,-,-,-,+,DEI 10M,HIV-,0.001,0.0014
BAL,Spike P,8,-,-,-,+,DEI 10N,HIV+ART>1Yr,0.001,0.0196
BAL,Spike P,8,-,-,-,+,DEI 10P,HIV+ART>1Yr,0.001,0.0167
BAL,Spike P,8,-,-,-,+,DEI 10Q,HIV-,0.04,0.0164
BAL,Spike P,8,-,-,-,+,DEI 10R,HIV+ART>1Yr,0.001,0.0071
BAL,Spike P,8,-,-,-,+,DEI 10S,HIV-,0.001,0.0091
BAL,Spike P,8,-,-,-,+,DEI 10T,HIV-,0.001,0.0075
BAL,Spike P,8,-,-,-,+,DEI 10U,HIV-,0.01,0.1282
BAL,Spike P,8,-,-,-,+,DEI 10V,HIV-,0.001,0.0103
BAL,Spike P,8,-,-,-,+,DEI 10W,HIV-,0.06,0.0627
BAL,Spike P,8,-,-,-,+,DEI 10X,HIV-,0.06,0.0144
BAL,Spike P,8,-,-,-,+,DEI 10Y,HIV-,0.02,0.0244
BAL,Spike P,8,-,-,-,+,DEI 10Z,HIV+ART>1Yr,0.46,0.3976
BAL,Spike P,8,-,-,-,+,DEI 110,HIV-,0.09,0.062
BAL,Spike P,8,-,-,-,+,DEI 111,HIV+ART>1Yr,1.42,0.8565
BAL,Spike P,8,-,-,-,+,DEI 112,HIV+ART>1Yr,0.001,0.003
BAL,Spike P,8,-,-,-,+,DEI 113,HIV-,0.001,0.0141
BAL,Spike P,8,-,-,-,+,DEI 114,HIV+ART>1Yr,0.001,0.0017
BAL,Spike P,8,-,-,-,+,DEI 115,HIV+ART>1Yr,0.07,0.2208
BAL,Spike P,8,-,-,-,+,DEI 116,HIV+ART>1Yr,0.01,0.0076
BAL,Spike P,8,-,-,-,+,DEI 118,HIV+ART>1Yr,0.001,0.0714
BAL,Spike P,8,-,-,-,+,DEI 119,HIV+ART>1Yr,0.07,0.0319
BAL,Spike P,8,-,-,-,+,DEI 11A,HIV+ART>1Yr,0.001,0.0123
BAL,Spike P,8,-,-,-,+,DEI 11B,HIV-,0.01,0.0024
BAL,Spike P,8,-,-,-,+,DEI 11C,HIV+ART>1Yr,0.13,0.2253
BAL,Spike P,8,-,-,-,+,DEI 11D,HIV+ART>1Yr,0.001,0.0009
BAL,Spike P,8,-,-,-,+,DEI 11G,HIV+ART>1Yr,0.001,0.0069
BAL,Spike P,8,-,-,-,+,DEI 11I,HIV+ART>1Yr,0.001,0.02
BAL,Spike P,8,-,-,-,+,DEI 11K,HIV-,0.001,0.0063
BAL,Spike P,8,-,-,-,+,DEI 11M,HIV+ART>1Yr,0.001,0.01
BAL,Spike P,8,-,-,-,+,DEI 11N,HIV-,0.01,0.1471
BAL,Spike P,8,-,-,-,+,DEI 11P,HIV+ART>1Yr,0.001,0.0068
BAL,Spike P,8,-,-,-,+,DEI 11Q,HIV-,0.001,0.0476
BAL,Spike P,8,-,-,-,+,DEI 11R,HIV+ART>1Yr,0.001,0.0065
BAL,Spike P,8,-,-,-,+,DEI 11U,HIV-,0.15,0.2941
BAL,Spike P,8,-,-,-,+,DEI 11V,HIV-,0.001,0.0833
BAL,Spike P,8,-,-,-,+,DEI 11Y,HIV-,0.001,0.0092
BAL,Spike P,8,-,-,-,+,DEI 11Z,HIV-,0.001,0.0526
BAL,Spike P,8,-,-,-,+,DEI 13V,HIV-,0.001,0.0833
BAL,Spike P,8,-,-,-,+,DEI 141,HIV-,0.02,0.3125
BAL,Spike P,8,-,-,-,+,DEI 143,HIV-,0.001,0.0008
BAL,NP,4,+,+,+,+,DEI 107,HIV-,0.001,0.0022
BAL,NP,4,+,+,+,+,DEI 108,HIV-,0.124,0.1879
BAL,NP,4,+,+,+,+,DEI 109,HIV-,0.001,0.0011
BAL,NP,4,+,+,+,+,DEI 10A,HIV-,0.001,0.0102
BAL,NP,4,+,+,+,+,DEI 10E,HIV-,0.001,0.001
BAL,NP,4,+,+,+,+,DEI 10F,HIV-,0.001,0.0101
BAL,NP,4,+,+,+,+,DEI 10G,HIV-,0.1,0.0502
BAL,NP,4,+,+,+,+,DEI 10H,HIV-,0.01,0.0202
BAL,NP,4,+,+,+,+,DEI 10I,HIV-,0.1,0.2907
BAL,NP,4,+,+,+,+,DEI 10J,HIV+ART>1Yr,0.02,0.0166
BAL,NP,4,+,+,+,+,DEI 10K,HIV+ART>1Yr,0.091,0.1949
BAL,NP,4,+,+,+,+,DEI 10L,HIV-,0.78,0.3502
BAL,NP,4,+,+,+,+,DEI 10M,HIV-,0.08,0.1322
BAL,NP,4,+,+,+,+,DEI 10N,HIV+ART>1Yr,0.071,0.1543
BAL,NP,4,+,+,+,+,DEI 10P,HIV+ART>1Yr,0.02,0.0421
BAL,NP,4,+,+,+,+,DEI 10Q,HIV-,0.02,0.2247
BAL,NP,4,+,+,+,+,DEI 10R,HIV+ART>1Yr,0.001,0.006
BAL,NP,4,+,+,+,+,DEI 10S,HIV-,0.02,0.0216
BAL,NP,4,+,+,+,+,DEI 10T,HIV-,0.183,0.0522
BAL,NP,4,+,+,+,+,DEI 10U,HIV-,0.09,0.2059
BAL,NP,4,+,+,+,+,DEI 10V,HIV-,0.001,0.0167
BAL,NP,4,+,+,+,+,DEI 10W,HIV-,0.01,0.0568
BAL,NP,4,+,+,+,+,DEI 10X,HIV-,2.8,0.8914
BAL,NP,4,+,+,+,+,DEI 10Y,HIV-,0.25,0.0866
BAL,NP,4,+,+,+,+,DEI 10Z,HIV+ART>1Yr,1.3,0.4874
BAL,NP,4,+,+,+,+,DEI 110,HIV-,0.1,0.0483
BAL,NP,4,+,+,+,+,DEI 111,HIV+ART>1Yr,0.001,0.0006
BAL,NP,4,+,+,+,+,DEI 112,HIV+ART>1Yr,0.04,0.0443
BAL,NP,4,+,+,+,+,DEI 113,HIV-,0.001,0.0039
BAL,NP,4,+,+,+,+,DEI 114,HIV+ART>1Yr,0.001,0.02
BAL,NP,4,+,+,+,+,DEI 115,HIV+ART>1Yr,0.001,0.0022
BAL,NP,4,+,+,+,+,DEI 116,HIV+ART>1Yr,0.4,0.64
BAL,NP,4,+,+,+,+,DEI 118,HIV+ART>1Yr,0.01,0.011
BAL,NP,4,+,+,+,+,DEI 119,HIV+ART>1Yr,0.001,0.0003
BAL,NP,4,+,+,+,+,DEI 11A,HIV+ART>1Yr,0.001,0.0833
BAL,NP,4,+,+,+,+,DEI 11B,HIV-,0.001,0.0101
BAL,NP,4,+,+,+,+,DEI 11C,HIV+ART>1Yr,0.02,0.0242
BAL,NP,4,+,+,+,+,DEI 11D,HIV+ART>1Yr,0.001,0.0012
BAL,NP,4,+,+,+,+,DEI 11G,HIV+ART>1Yr,0.04,0.1227
BAL,NP,4,+,+,+,+,DEI 11I,HIV+ART>1Yr,0.001,0.0011
BAL,NP,4,+,+,+,+,DEI 11K,HIV-,0.001,0.0027
BAL,NP,4,+,+,+,+,DEI 11M,HIV+ART>1Yr,0.001,0.0014
BAL,NP,4,+,+,+,+,DEI 11N,HIV-,0.001,0.0323
BAL,NP,4,+,+,+,+,DEI 11P,HIV+ART>1Yr,0.001,0.0833
BAL,NP,4,+,+,+,+,DEI 11Q,HIV-,0.001,0.0667
BAL,NP,4,+,+,+,+,DEI 11R,HIV+ART>1Yr,0.001,0.0064
BAL,NP,4,+,+,+,+,DEI 11U,HIV-,0.001,0.0008
BAL,NP,4,+,+,+,+,DEI 11V,HIV-,0.04,0.0546
BAL,NP,4,+,+,+,+,DEI 11Y,HIV-,0.001,0.025
BAL,NP,4,+,+,+,+,DEI 11Z,HIV-,0.05,0.1004
BAL,NP,4,+,+,+,+,DEI 13V,HIV-,0.001,0.0714
BAL,NP,4,+,+,+,+,DEI 13W,HIV-,0.001,0.0024
BAL,NP,4,+,+,+,+,DEI 141,HIV-,0.04,0.0559
BAL,NP,4,+,+,+,+,DEI 143,HIV-,0.03,0.1685
BAL,NP,4,+,+,+,-,DEI 107,HIV-,0.001,0.0022
BAL,NP,4,+,+,+,-,DEI 108,HIV-,0.03,0.0455
BAL,NP,4,+,+,+,-,DEI 109,HIV-,0.13,0.1389
BAL,NP,4,+,+,+,-,DEI 10A,HIV-,0.001,0.0102
BAL,NP,4,+,+,+,-,DEI 10E,HIV-,0.37,0.3537
BAL,NP,4,+,+,+,-,DEI 10F,HIV-,0.001,0.0101
BAL,NP,4,+,+,+,-,DEI 10G,HIV-,0.001,0.0005
BAL,NP,4,+,+,+,-,DEI 10H,HIV-,0.03,0.0605
BAL,NP,4,+,+,+,-,DEI 10I,HIV-,0.03,0.0872
BAL,NP,4,+,+,+,-,DEI 10J,HIV+ART>1Yr,0.001,0.0008
BAL,NP,4,+,+,+,-,DEI 10K,HIV+ART>1Yr,0.01,0.0214
BAL,NP,4,+,+,+,-,DEI 10L,HIV-,0.001,0.0004
BAL,NP,4,+,+,+,-,DEI 10M,HIV-,0.13,0.2149
BAL,NP,4,+,+,+,-,DEI 10N,HIV+ART>1Yr,0.09,0.1957
BAL,NP,4,+,+,+,-,DEI 10P,HIV+ART>1Yr,0.001,0.0021
BAL,NP,4,+,+,+,-,DEI 10Q,HIV-,0.001,0.0112
BAL,NP,4,+,+,+,-,DEI 10R,HIV+ART>1Yr,0.001,0.006
BAL,NP,4,+,+,+,-,DEI 10S,HIV-,0.11,0.1189
BAL,NP,4,+,+,+,-,DEI 10T,HIV-,0.34,0.0969
BAL,NP,4,+,+,+,-,DEI 10U,HIV-,0.03,0.0686
BAL,NP,4,+,+,+,-,DEI 10V,HIV-,0.001,0.0167
BAL,NP,4,+,+,+,-,DEI 10W,HIV-,0.05,0.2841
BAL,NP,4,+,+,+,-,DEI 10X,HIV-,0.001,0.0003
BAL,NP,4,+,+,+,-,DEI 10Y,HIV-,0.06,0.0208
BAL,NP,4,+,+,+,-,DEI 10Z,HIV+ART>1Yr,0.001,0.0004
BAL,NP,4,+,+,+,-,DEI 110,HIV-,0.07,0.0338
BAL,NP,4,+,+,+,-,DEI 111,HIV+ART>1Yr,0.001,0.0006
BAL,NP,4,+,+,+,-,DEI 112,HIV+ART>1Yr,0.001,0.0011
BAL,NP,4,+,+,+,-,DEI 113,HIV-,0.04,0.1544
BAL,NP,4,+,+,+,-,DEI 114,HIV+ART>1Yr,0.001,0.02
BAL,NP,4,+,+,+,-,DEI 115,HIV+ART>1Yr,0.001,0.0022
BAL,NP,4,+,+,+,-,DEI 116,HIV+ART>1Yr,0.007,0.0112
BAL,NP,4,+,+,+,-,DEI 118,HIV+ART>1Yr,0.1,0.1095
BAL,NP,4,+,+,+,-,DEI 119,HIV+ART>1Yr,0.001,0.0003
BAL,NP,4,+,+,+,-,DEI 11A,HIV+ART>1Yr,0.001,0.0833
BAL,NP,4,+,+,+,-,DEI 11B,HIV-,0.001,0.0101
BAL,NP,4,+,+,+,-,DEI 11C,HIV+ART>1Yr,0.02,0.0242
BAL,NP,4,+,+,+,-,DEI 11D,HIV+ART>1Yr,0.001,0.0012
BAL,NP,4,+,+,+,-,DEI 11G,HIV+ART>1Yr,0.06,0.184
BAL,NP,4,+,+,+,-,DEI 11I,HIV+ART>1Yr,0.02,0.0212
BAL,NP,4,+,+,+,-,DEI 11K,HIV-,0.001,0.0027
BAL,NP,4,+,+,+,-,DEI 11M,HIV+ART>1Yr,0.02,0.028
BAL,NP,4,+,+,+,-,DEI 11N,HIV-,0.001,0.0323
BAL,NP,4,+,+,+,-,DEI 11P,HIV+ART>1Yr,0.001,0.0833
BAL,NP,4,+,+,+,-,DEI 11Q,HIV-,0.001,0.0667
BAL,NP,4,+,+,+,-,DEI 11R,HIV+ART>1Yr,0.001,0.0064
BAL,NP,4,+,+,+,-,DEI 11U,HIV-,0.46,0.3777
BAL,NP,4,+,+,+,-,DEI 11V,HIV-,0.001,0.0014
BAL,NP,4,+,+,+,-,DEI 11Y,HIV-,0.001,0.025
BAL,NP,4,+,+,+,-,DEI 11Z,HIV-,0.02,0.0402
BAL,NP,4,+,+,+,-,DEI 13V,HIV-,0.001,0.0714
BAL,NP,4,+,+,+,-,DEI 13W,HIV-,0.001,0.0024
BAL,NP,4,+,+,+,-,DEI 141,HIV-,0.001,0.0014
BAL,NP,4,+,+,+,-,DEI 143,HIV-,0.09,0.5056
BAL,NP,4,+,+,-,+,DEI 107,HIV-,0.001,0.0022
BAL,NP,4,+,+,-,+,DEI 108,HIV-,0.001,0.0015
BAL,NP,4,+,+,-,+,DEI 109,HIV-,0.001,0.0011
BAL,NP,4,+,+,-,+,DEI 10A,HIV-,0.001,0.0102
BAL,NP,4,+,+,-,+,DEI 10E,HIV-,0.21,0.2008
BAL,NP,4,+,+,-,+,DEI 10F,HIV-,0.001,0.0101
BAL,NP,4,+,+,-,+,DEI 10G,HIV-,0.34,0.1706
BAL,NP,4,+,+,-,+,DEI 10H,HIV-,0.02,0.0403
BAL,NP,4,+,+,-,+,DEI 10I,HIV-,0.001,0.0029
BAL,NP,4,+,+,-,+,DEI 10J,HIV+ART>1Yr,0.02,0.0166
BAL,NP,4,+,+,-,+,DEI 10K,HIV+ART>1Yr,0.15,0.3212
BAL,NP,4,+,+,-,+,DEI 10L,HIV-,0.44,0.1976
BAL,NP,4,+,+,-,+,DEI 10M,HIV-,0.001,0.0017
BAL,NP,4,+,+,-,+,DEI 10N,HIV+ART>1Yr,0.05,0.1087
BAL,NP,4,+,+,-,+,DEI 10P,HIV+ART>1Yr,0.31,0.6526
BAL,NP,4,+,+,-,+,DEI 10Q,HIV-,0.02,0.2247
BAL,NP,4,+,+,-,+,DEI 10R,HIV+ART>1Yr,0.01,0.0595
BAL,NP,4,+,+,-,+,DEI 10S,HIV-,0.001,0.0011
BAL,NP,4,+,+,-,+,DEI 10T,HIV-,0.55,0.1567
BAL,NP,4,+,+,-,+,DEI 10U,HIV-,0.21,0.4805
BAL,NP,4,+,+,-,+,DEI 10V,HIV-,0.001,0.0167
BAL,NP,4,+,+,-,+,DEI 10W,HIV-,0.07,0.3977
BAL,NP,4,+,+,-,+,DEI 10X,HIV-,0.07,0.0223
BAL,NP,4,+,+,-,+,DEI 10Y,HIV-,0.62,0.2148
BAL,NP,4,+,+,-,+,DEI 10Z,HIV+ART>1Yr,0.01,0.0037
BAL,NP,4,+,+,-,+,DEI 110,HIV-,0.19,0.0917
BAL,NP,4,+,+,-,+,DEI 111,HIV+ART>1Yr,0.001,0.0006
BAL,NP,4,+,+,-,+,DEI 112,HIV+ART>1Yr,0.09,0.0997
BAL,NP,4,+,+,-,+,DEI 113,HIV-,0.001,0.0039
BAL,NP,4,+,+,-,+,DEI 114,HIV+ART>1Yr,0.001,0.02
BAL,NP,4,+,+,-,+,DEI 115,HIV+ART>1Yr,0.001,0.0022
BAL,NP,4,+,+,-,+,DEI 116,HIV+ART>1Yr,0.001,0.0016
BAL,NP,4,+,+,-,+,DEI 118,HIV+ART>1Yr,0.001,0.0011
BAL,NP,4,+,+,-,+,DEI 119,HIV+ART>1Yr,0.23,0.077
BAL,NP,4,+,+,-,+,DEI 11A,HIV+ART>1Yr,0.001,0.0833
BAL,NP,4,+,+,-,+,DEI 11B,HIV-,0.001,0.0101
BAL,NP,4,+,+,-,+,DEI 11C,HIV+ART>1Yr,0.27,0.3269
BAL,NP,4,+,+,-,+,DEI 11D,HIV+ART>1Yr,0.32,0.3956
BAL,NP,4,+,+,-,+,DEI 11G,HIV+ART>1Yr,0.08,0.2454
BAL,NP,4,+,+,-,+,DEI 11I,HIV+ART>1Yr,0.07,0.0742
BAL,NP,4,+,+,-,+,DEI 11K,HIV-,0.02,0.0546
BAL,NP,4,+,+,-,+,DEI 11M,HIV+ART>1Yr,0.03,0.042
BAL,NP,4,+,+,-,+,DEI 11N,HIV-,0.001,0.0323
BAL,NP,4,+,+,-,+,DEI 11P,HIV+ART>1Yr,0.001,0.0833
BAL,NP,4,+,+,-,+,DEI 11Q,HIV-,0.001,0.0667
BAL,NP,4,+,+,-,+,DEI 11R,HIV+ART>1Yr,0.001,0.0064
BAL,NP,4,+,+,-,+,DEI 11U,HIV-,0.2,0.1642
BAL,NP,4,+,+,-,+,DEI 11V,HIV-,0.03,0.0409
BAL,NP,4,+,+,-,+,DEI 11Y,HIV-,0.001,0.025
BAL,NP,4,+,+,-,+,DEI 11Z,HIV-,0.11,0.2209
BAL,NP,4,+,+,-,+,DEI 13V,HIV-,0.001,0.0714
BAL,NP,4,+,+,-,+,DEI 13W,HIV-,0.001,0.0024
BAL,NP,4,+,+,-,+,DEI 141,HIV-,0.07,0.0978
BAL,NP,4,+,+,-,+,DEI 143,HIV-,0.001,0.0056
BAL,NP,4,+,-,+,+,DEI 107,HIV-,0.04,0.0883
BAL,NP,4,+,-,+,+,DEI 108,HIV-,0.001,0.0015
BAL,NP,4,+,-,+,+,DEI 109,HIV-,0.001,0.0011
BAL,NP,4,+,-,+,+,DEI 10A,HIV-,0.001,0.0102
BAL,NP,4,+,-,+,+,DEI 10E,HIV-,0.01,0.0096
BAL,NP,4,+,-,+,+,DEI 10F,HIV-,0.001,0.0101
BAL,NP,4,+,-,+,+,DEI 10G,HIV-,0.02,0.01
BAL,NP,4,+,-,+,+,DEI 10H,HIV-,0.01,0.0202
BAL,NP,4,+,-,+,+,DEI 10I,HIV-,0.05,0.1453
BAL,NP,4,+,-,+,+,DEI 10J,HIV+ART>1Yr,0.001,0.0008
BAL,NP,4,+,-,+,+,DEI 10K,HIV+ART>1Yr,0.02,0.0428
BAL,NP,4,+,-,+,+,DEI 10L,HIV-,0.011,0.0049
BAL,NP,4,+,-,+,+,DEI 10M,HIV-,0.03,0.0496
BAL,NP,4,+,-,+,+,DEI 10N,HIV+ART>1Yr,0.001,0.0022
BAL,NP,4,+,-,+,+,DEI 10P,HIV+ART>1Yr,0.02,0.0421
BAL,NP,4,+,-,+,+,DEI 10Q,HIV-,0.001,0.0112
BAL,NP,4,+,-,+,+,DEI 10R,HIV+ART>1Yr,0.001,0.006
BAL,NP,4,+,-,+,+,DEI 10S,HIV-,0.001,0.0011
BAL,NP,4,+,-,+,+,DEI 10T,HIV-,0.02,0.0057
BAL,NP,4,+,-,+,+,DEI 10U,HIV-,0.05,0.1144
BAL,NP,4,+,-,+,+,DEI 10V,HIV-,0.001,0.0167
BAL,NP,4,+,-,+,+,DEI 10W,HIV-,0.001,0.0057
BAL,NP,4,+,-,+,+,DEI 10X,HIV-,0.041,0.0131
BAL,NP,4,+,-,+,+,DEI 10Y,HIV-,0.037,0.0128
BAL,NP,4,+,-,+,+,DEI 10Z,HIV+ART>1Yr,0.001,0.0004
BAL,NP,4,+,-,+,+,DEI 110,HIV-,0.04,0.0193
BAL,NP,4,+,-,+,+,DEI 111,HIV+ART>1Yr,0.24,0.1548
BAL,NP,4,+,-,+,+,DEI 112,HIV+ART>1Yr,0.02,0.0221
BAL,NP,4,+,-,+,+,DEI 113,HIV-,0.001,0.0039
BAL,NP,4,+,-,+,+,DEI 114,HIV+ART>1Yr,0.001,0.02
BAL,NP,4,+,-,+,+,DEI 115,HIV+ART>1Yr,0.02,0.0448
BAL,NP,4,+,-,+,+,DEI 116,HIV+ART>1Yr,0.001,0.0016
BAL,NP,4,+,-,+,+,DEI 118,HIV+ART>1Yr,0.001,0.0011
BAL,NP,4,+,-,+,+,DEI 119,HIV+ART>1Yr,0.001,0.0003
BAL,NP,4,+,-,+,+,DEI 11A,HIV+ART>1Yr,0.001,0.0833
BAL,NP,4,+,-,+,+,DEI 11B,HIV-,0.001,0.0101
BAL,NP,4,+,-,+,+,DEI 11C,HIV+ART>1Yr,0.001,0.0012
BAL,NP,4,+,-,+,+,DEI 11D,HIV+ART>1Yr,0.001,0.0012
BAL,NP,4,+,-,+,+,DEI 11G,HIV+ART>1Yr,0.01,0.0307
BAL,NP,4,+,-,+,+,DEI 11I,HIV+ART>1Yr,0.001,0.0011
BAL,NP,4,+,-,+,+,DEI 11K,HIV-,0.001,0.0027
BAL,NP,4,+,-,+,+,DEI 11M,HIV+ART>1Yr,0.001,0.0014
BAL,NP,4,+,-,+,+,DEI 11N,HIV-,0.001,0.0323
BAL,NP,4,+,-,+,+,DEI 11P,HIV+ART>1Yr,0.001,0.0833
BAL,NP,4,+,-,+,+,DEI 11Q,HIV-,0.001,0.0667
BAL,NP,4,+,-,+,+,DEI 11R,HIV+ART>1Yr,0.001,0.0064
BAL,NP,4,+,-,+,+,DEI 11U,HIV-,0.001,0.0008
BAL,NP,4,+,-,+,+,DEI 11V,HIV-,0.01,0.0136
BAL,NP,4,+,-,+,+,DEI 11Y,HIV-,0.001,0.025
BAL,NP,4,+,-,+,+,DEI 11Z,HIV-,0.001,0.002
BAL,NP,4,+,-,+,+,DEI 13V,HIV-,0.001,0.0714
BAL,NP,4,+,-,+,+,DEI 13W,HIV-,0.001,0.0024
BAL,NP,4,+,-,+,+,DEI 141,HIV-,0.001,0.0014
BAL,NP,4,+,-,+,+,DEI 143,HIV-,0.001,0.0056
BAL,NP,4,+,-,+,-,DEI 107,HIV-,0.007,0.0155
BAL,NP,4,+,-,+,-,DEI 108,HIV-,0.05,0.0758
BAL,NP,4,+,-,+,-,DEI 109,HIV-,0.001,0.0011
BAL,NP,4,+,-,+,-,DEI 10A,HIV-,0.001,0.0102
BAL,NP,4,+,-,+,-,DEI 10E,HIV-,0.001,0.001
BAL,NP,4,+,-,+,-,DEI 10F,HIV-,0.001,0.0101
BAL,NP,4,+,-,+,-,DEI 10G,HIV-,0.001,0.0005
BAL,NP,4,+,-,+,-,DEI 10H,HIV-,0.001,0.002
BAL,NP,4,+,-,+,-,DEI 10I,HIV-,0.02,0.0581
BAL,NP,4,+,-,+,-,DEI 10J,HIV+ART>1Yr,0.02,0.0166
BAL,NP,4,+,-,+,-,DEI 10K,HIV+ART>1Yr,0.001,0.0021
BAL,NP,4,+,-,+,-,DEI 10L,HIV-,0.001,0.0004
BAL,NP,4,+,-,+,-,DEI 10M,HIV-,0.001,0.0017
BAL,NP,4,+,-,+,-,DEI 10N,HIV+ART>1Yr,0.007,0.0152
BAL,NP,4,+,-,+,-,DEI 10P,HIV+ART>1Yr,0.001,0.0021
BAL,NP,4,+,-,+,-,DEI 10Q,HIV-,0.001,0.0112
BAL,NP,4,+,-,+,-,DEI 10R,HIV+ART>1Yr,0.001,0.006
BAL,NP,4,+,-,+,-,DEI 10S,HIV-,0.03,0.0324
BAL,NP,4,+,-,+,-,DEI 10T,HIV-,0.003,0.0009
BAL,NP,4,+,-,+,-,DEI 10U,HIV-,0.002,0.0046
BAL,NP,4,+,-,+,-,DEI 10V,HIV-,0.001,0.0167
BAL,NP,4,+,-,+,-,DEI 10W,HIV-,0.001,0.0057
BAL,NP,4,+,-,+,-,DEI 10X,HIV-,0.01,0.0032
BAL,NP,4,+,-,+,-,DEI 10Y,HIV-,0.01,0.0035
BAL,NP,4,+,-,+,-,DEI 10Z,HIV+ART>1Yr,0.02,0.0075
BAL,NP,4,+,-,+,-,DEI 110,HIV-,0.21,0.1014
BAL,NP,4,+,-,+,-,DEI 111,HIV+ART>1Yr,0.001,0.0006
BAL,NP,4,+,-,+,-,DEI 112,HIV+ART>1Yr,0.001,0.0011
BAL,NP,4,+,-,+,-,DEI 113,HIV-,0.001,0.0039
BAL,NP,4,+,-,+,-,DEI 114,HIV+ART>1Yr,0.001,0.02
BAL,NP,4,+,-,+,-,DEI 115,HIV+ART>1Yr,0.01,0.0224
BAL,NP,4,+,-,+,-,DEI 116,HIV+ART>1Yr,0.001,0.0016
BAL,NP,4,+,-,+,-,DEI 118,HIV+ART>1Yr,0.03,0.0329
BAL,NP,4,+,-,+,-,DEI 119,HIV+ART>1Yr,0.001,0.0003
BAL,NP,4,+,-,+,-,DEI 11A,HIV+ART>1Yr,0.001,0.0833
BAL,NP,4,+,-,+,-,DEI 11B,HIV-,0.001,0.0101
BAL,NP,4,+,-,+,-,DEI 11C,HIV+ART>1Yr,0.001,0.0012
BAL,NP,4,+,-,+,-,DEI 11D,HIV+ART>1Yr,0.001,0.0012
BAL,NP,4,+,-,+,-,DEI 11G,HIV+ART>1Yr,0.02,0.0613
BAL,NP,4,+,-,+,-,DEI 11I,HIV+ART>1Yr,0.001,0.0011
BAL,NP,4,+,-,+,-,DEI 11K,HIV-,0.001,0.0027
BAL,NP,4,+,-,+,-,DEI 11M,HIV+ART>1Yr,0.001,0.0014
BAL,NP,4,+,-,+,-,DEI 11N,HIV-,0.001,0.0323
BAL,NP,4,+,-,+,-,DEI 11P,HIV+ART>1Yr,0.001,0.0833
BAL,NP,4,+,-,+,-,DEI 11Q,HIV-,0.001,0.0667
BAL,NP,4,+,-,+,-,DEI 11R,HIV+ART>1Yr,0.001,0.0064
BAL,NP,4,+,-,+,-,DEI 11U,HIV-,0.001,0.0008
BAL,NP,4,+,-,+,-,DEI 11V,HIV-,0.05,0.0682
BAL,NP,4,+,-,+,-,DEI 11Y,HIV-,0.001,0.025
BAL,NP,4,+,-,+,-,DEI 11Z,HIV-,0.001,0.002
BAL,NP,4,+,-,+,-,DEI 13V,HIV-,0.001,0.0714
BAL,NP,4,+,-,+,-,DEI 13W,HIV-,0.001,0.0024
BAL,NP,4,+,-,+,-,DEI 141,HIV-,0.001,0.0014
BAL,NP,4,+,-,+,-,DEI 143,HIV-,0.001,0.0056
BAL,NP,4,+,-,-,+,DEI 107,HIV-,0.04,0.0883
BAL,NP,4,+,-,-,+,DEI 108,HIV-,0.001,0.0015
BAL,NP,4,+,-,-,+,DEI 109,HIV-,0.001,0.0011
BAL,NP,4,+,-,-,+,DEI 10A,HIV-,0.03,0.3061
BAL,NP,4,+,-,-,+,DEI 10E,HIV-,0.001,0.001
BAL,NP,4,+,-,-,+,DEI 10F,HIV-,0.01,0.101
BAL,NP,4,+,-,-,+,DEI 10G,HIV-,0.001,0.0005
BAL,NP,4,+,-,-,+,DEI 10H,HIV-,0.001,0.002
BAL,NP,4,+,-,-,+,DEI 10I,HIV-,0.08,0.2326
BAL,NP,4,+,-,-,+,DEI 10J,HIV+ART>1Yr,0.13,0.108
BAL,NP,4,+,-,-,+,DEI 10K,HIV+ART>1Yr,0.001,0.0021
BAL,NP,4,+,-,-,+,DEI 10L,HIV-,0.001,0.0004
BAL,NP,4,+,-,-,+,DEI 10M,HIV-,0.02,0.0331
BAL,NP,4,+,-,-,+,DEI 10N,HIV+ART>1Yr,0.001,0.0022
BAL,NP,4,+,-,-,+,DEI 10P,HIV+ART>1Yr,0.01,0.0211
BAL,NP,4,+,-,-,+,DEI 10Q,HIV-,0.001,0.0112
BAL,NP,4,+,-,-,+,DEI 10R,HIV+ART>1Yr,0.06,0.3571
BAL,NP,4,+,-,-,+,DEI 10S,HIV-,0.001,0.0011
BAL,NP,4,+,-,-,+,DEI 10T,HIV-,0.073,0.0208
BAL,NP,4,+,-,-,+,DEI 10U,HIV-,0.001,0.0023
BAL,NP,4,+,-,-,+,DEI 10V,HIV-,0.001,0.0167
BAL,NP,4,+,-,-,+,DEI 10W,HIV-,0.001,0.0057
BAL,NP,4,+,-,-,+,DEI 10X,HIV-,0.001,0.0003
BAL,NP,4,+,-,-,+,DEI 10Y,HIV-,0.01,0.0035
BAL,NP,4,+,-,-,+,DEI 10Z,HIV+ART>1Yr,0.001,0.0004
BAL,NP,4,+,-,-,+,DEI 110,HIV-,0.19,0.0917
BAL,NP,4,+,-,-,+,DEI 111,HIV+ART>1Yr,0.001,0.0006
BAL,NP,4,+,-,-,+,DEI 112,HIV+ART>1Yr,0.02,0.0221
BAL,NP,4,+,-,-,+,DEI 113,HIV-,0.08,0.3089
BAL,NP,4,+,-,-,+,DEI 114,HIV+ART>1Yr,0.01,0.2
BAL,NP,4,+,-,-,+,DEI 115,HIV+ART>1Yr,0.001,0.0022
BAL,NP,4,+,-,-,+,DEI 116,HIV+ART>1Yr,0.001,0.0016
BAL,NP,4,+,-,-,+,DEI 118,HIV+ART>1Yr,0.13,0.1424
BAL,NP,4,+,-,-,+,DEI 119,HIV+ART>1Yr,0.001,0.0003
BAL,NP,4,+,-,-,+,DEI 11A,HIV+ART>1Yr,0.001,0.0833
BAL,NP,4,+,-,-,+,DEI 11B,HIV-,0.001,0.0101
BAL,NP,4,+,-,-,+,DEI 11C,HIV+ART>1Yr,0.001,0.0012
BAL,NP,4,+,-,-,+,DEI 11D,HIV+ART>1Yr,0.001,0.0012
BAL,NP,4,+,-,-,+,DEI 11G,HIV+ART>1Yr,0.001,0.0031
BAL,NP,4,+,-,-,+,DEI 11I,HIV+ART>1Yr,0.03,0.0318
BAL,NP,4,+,-,-,+,DEI 11K,HIV-,0.03,0.082
BAL,NP,4,+,-,-,+,DEI 11M,HIV+ART>1Yr,0.001,0.0014
BAL,NP,4,+,-,-,+,DEI 11N,HIV-,0.001,0.0323
BAL,NP,4,+,-,-,+,DEI 11P,HIV+ART>1Yr,0.001,0.0833
BAL,NP,4,+,-,-,+,DEI 11Q,HIV-,0.001,0.0667
BAL,NP,4,+,-,-,+,DEI 11R,HIV+ART>1Yr,0.001,0.0064
BAL,NP,4,+,-,-,+,DEI 11U,HIV-,0.001,0.0008
BAL,NP,4,+,-,-,+,DEI 11V,HIV-,0.11,0.1501
BAL,NP,4,+,-,-,+,DEI 11Y,HIV-,0.001,0.025
BAL,NP,4,+,-,-,+,DEI 11Z,HIV-,0.004,0.008
BAL,NP,4,+,-,-,+,DEI 13V,HIV-,0.001,0.0714
BAL,NP,4,+,-,-,+,DEI 13W,HIV-,0.001,0.0024
BAL,NP,4,+,-,-,+,DEI 141,HIV-,0.001,0.0014
BAL,NP,4,+,-,-,+,DEI 143,HIV-,0.001,0.0056
BAL,NP,4,-,+,+,+,DEI 107,HIV-,0.17,0.3753
BAL,NP,4,-,+,+,+,DEI 108,HIV-,0.34,0.5152
BAL,NP,4,-,+,+,+,DEI 109,HIV-,0.16,0.1709
BAL,NP,4,-,+,+,+,DEI 10A,HIV-,0.03,0.3061
BAL,NP,4,-,+,+,+,DEI 10E,HIV-,0.15,0.1434
BAL,NP,4,-,+,+,+,DEI 10F,HIV-,0.01,0.101
BAL,NP,4,-,+,+,+,DEI 10G,HIV-,0.08,0.0401
BAL,NP,4,-,+,+,+,DEI 10H,HIV-,0.35,0.7056
BAL,NP,4,-,+,+,+,DEI 10I,HIV-,0.03,0.0872
BAL,NP,4,-,+,+,+,DEI 10J,HIV+ART>1Yr,0.25,0.2076
BAL,NP,4,-,+,+,+,DEI 10K,HIV+ART>1Yr,0.001,0.0021
BAL,NP,4,-,+,+,+,DEI 10L,HIV-,0.42,0.1886
BAL,NP,4,-,+,+,+,DEI 10M,HIV-,0.22,0.3636
BAL,NP,4,-,+,+,+,DEI 10N,HIV+ART>1Yr,0.04,0.087
BAL,NP,4,-,+,+,+,DEI 10P,HIV+ART>1Yr,0.001,0.0021
BAL,NP,4,-,+,+,+,DEI 10Q,HIV-,0.04,0.4494
BAL,NP,4,-,+,+,+,DEI 10R,HIV+ART>1Yr,0.04,0.2381
BAL,NP,4,-,+,+,+,DEI 10S,HIV-,0.001,0.0011
BAL,NP,4,-,+,+,+,DEI 10T,HIV-,0.47,0.1339
BAL,NP,4,-,+,+,+,DEI 10U,HIV-,0.001,0.0023
BAL,NP,4,-,+,+,+,DEI 10V,HIV-,0.001,0.0167
BAL,NP,4,-,+,+,+,DEI 10W,HIV-,0.001,0.0057
BAL,NP,4,-,+,+,+,DEI 10X,HIV-,0.07,0.0223
BAL,NP,4,-,+,+,+,DEI 10Y,HIV-,0.4,0.1386
BAL,NP,4,-,+,+,+,DEI 10Z,HIV+ART>1Yr,0.9,0.3375
BAL,NP,4,-,+,+,+,DEI 110,HIV-,0.1,0.0483
BAL,NP,4,-,+,+,+,DEI 111,HIV+ART>1Yr,0.001,0.0006
BAL,NP,4,-,+,+,+,DEI 112,HIV+ART>1Yr,0.25,0.2769
BAL,NP,4,-,+,+,+,DEI 113,HIV-,0.001,0.0039
BAL,NP,4,-,+,+,+,DEI 114,HIV+ART>1Yr,0.001,0.02
BAL,NP,4,-,+,+,+,DEI 115,HIV+ART>1Yr,0.001,0.0022
BAL,NP,4,-,+,+,+,DEI 116,HIV+ART>1Yr,0.001,0.0016
BAL,NP,4,-,+,+,+,DEI 118,HIV+ART>1Yr,0.19,0.2081
BAL,NP,4,-,+,+,+,DEI 119,HIV+ART>1Yr,2,0.6696
BAL,NP,4,-,+,+,+,DEI 11A,HIV+ART>1Yr,0.001,0.0833
BAL,NP,4,-,+,+,+,DEI 11B,HIV-,0.02,0.202
BAL,NP,4,-,+,+,+,DEI 11C,HIV+ART>1Yr,0.06,0.0726
BAL,NP,4,-,+,+,+,DEI 11D,HIV+ART>1Yr,0.001,0.0012
BAL,NP,4,-,+,+,+,DEI 11G,HIV+ART>1Yr,0.11,0.3374
BAL,NP,4,-,+,+,+,DEI 11I,HIV+ART>1Yr,0.09,0.0953
BAL,NP,4,-,+,+,+,DEI 11K,HIV-,0.15,0.4098
BAL,NP,4,-,+,+,+,DEI 11M,HIV+ART>1Yr,0.001,0.0014
BAL,NP,4,-,+,+,+,DEI 11N,HIV-,0.02,0.6452
BAL,NP,4,-,+,+,+,DEI 11P,HIV+ART>1Yr,0.001,0.0833
BAL,NP,4,-,+,+,+,DEI 11Q,HIV-,0.001,0.0667
BAL,NP,4,-,+,+,+,DEI 11R,HIV+ART>1Yr,0.001,0.0064
BAL,NP,4,-,+,+,+,DEI 11U,HIV-,0.001,0.0008
BAL,NP,4,-,+,+,+,DEI 11V,HIV-,0.001,0.0014
BAL,NP,4,-,+,+,+,DEI 11Y,HIV-,0.02,0.5
BAL,NP,4,-,+,+,+,DEI 11Z,HIV-,0.01,0.0201
BAL,NP,4,-,+,+,+,DEI 13V,HIV-,0.001,0.0714
BAL,NP,4,-,+,+,+,DEI 13W,HIV-,0.001,0.0024
BAL,NP,4,-,+,+,+,DEI 141,HIV-,0.05,0.0698
BAL,NP,4,-,+,+,+,DEI 143,HIV-,0.03,0.1685
BAL,NP,4,-,+,+,-,DEI 107,HIV-,0.001,0.0022
BAL,NP,4,-,+,+,-,DEI 108,HIV-,0.001,0.0015
BAL,NP,4,-,+,+,-,DEI 109,HIV-,0.09,0.0962
BAL,NP,4,-,+,+,-,DEI 10A,HIV-,0.001,0.0102
BAL,NP,4,-,+,+,-,DEI 10E,HIV-,0.001,0.001
BAL,NP,4,-,+,+,-,DEI 10F,HIV-,0.001,0.0101
BAL,NP,4,-,+,+,-,DEI 10G,HIV-,0.21,0.1054
BAL,NP,4,-,+,+,-,DEI 10H,HIV-,0.001,0.002
BAL,NP,4,-,+,+,-,DEI 10I,HIV-,0.01,0.0291
BAL,NP,4,-,+,+,-,DEI 10J,HIV+ART>1Yr,0.02,0.0166
BAL,NP,4,-,+,+,-,DEI 10K,HIV+ART>1Yr,0.001,0.0021
BAL,NP,4,-,+,+,-,DEI 10L,HIV-,0.001,0.0004
BAL,NP,4,-,+,+,-,DEI 10M,HIV-,0.001,0.0017
BAL,NP,4,-,+,+,-,DEI 10N,HIV+ART>1Yr,0.02,0.0435
BAL,NP,4,-,+,+,-,DEI 10P,HIV+ART>1Yr,0.001,0.0021
BAL,NP,4,-,+,+,-,DEI 10Q,HIV-,0.001,0.0112
BAL,NP,4,-,+,+,-,DEI 10R,HIV+ART>1Yr,0.001,0.006
BAL,NP,4,-,+,+,-,DEI 10S,HIV-,0.27,0.2919
BAL,NP,4,-,+,+,-,DEI 10T,HIV-,0.35,0.0997
BAL,NP,4,-,+,+,-,DEI 10U,HIV-,0.02,0.0458
BAL,NP,4,-,+,+,-,DEI 10V,HIV-,0.001,0.0167
BAL,NP,4,-,+,+,-,DEI 10W,HIV-,0.02,0.1136
BAL,NP,4,-,+,+,-,DEI 10X,HIV-,0.04,0.0127
BAL,NP,4,-,+,+,-,DEI 10Y,HIV-,0.2,0.0693
BAL,NP,4,-,+,+,-,DEI 10Z,HIV+ART>1Yr,0.001,0.0004
BAL,NP,4,-,+,+,-,DEI 110,HIV-,0.22,0.1062
BAL,NP,4,-,+,+,-,DEI 111,HIV+ART>1Yr,0.001,0.0006
BAL,NP,4,-,+,+,-,DEI 112,HIV+ART>1Yr,0.05,0.0554
BAL,NP,4,-,+,+,-,DEI 113,HIV-,0.001,0.0039
BAL,NP,4,-,+,+,-,DEI 114,HIV+ART>1Yr,0.001,0.02
BAL,NP,4,-,+,+,-,DEI 115,HIV+ART>1Yr,0.001,0.0022
BAL,NP,4,-,+,+,-,DEI 116,HIV+ART>1Yr,0.001,0.0016
BAL,NP,4,-,+,+,-,DEI 118,HIV+ART>1Yr,0.24,0.2629
BAL,NP,4,-,+,+,-,DEI 119,HIV+ART>1Yr,0.001,0.0003
BAL,NP,4,-,+,+,-,DEI 11A,HIV+ART>1Yr,0.001,0.0833
BAL,NP,4,-,+,+,-,DEI 11B,HIV-,0.001,0.0101
BAL,NP,4,-,+,+,-,DEI 11C,HIV+ART>1Yr,0.001,0.0012
BAL,NP,4,-,+,+,-,DEI 11D,HIV+ART>1Yr,0.001,0.0012
BAL,NP,4,-,+,+,-,DEI 11G,HIV+ART>1Yr,0.001,0.0031
BAL,NP,4,-,+,+,-,DEI 11I,HIV+ART>1Yr,0.001,0.0011
BAL,NP,4,-,+,+,-,DEI 11K,HIV-,0.001,0.0027
BAL,NP,4,-,+,+,-,DEI 11M,HIV+ART>1Yr,0.08,0.1119
BAL,NP,4,-,+,+,-,DEI 11N,HIV-,0.001,0.0323
BAL,NP,4,-,+,+,-,DEI 11P,HIV+ART>1Yr,0.001,0.0833
BAL,NP,4,-,+,+,-,DEI 11Q,HIV-,0.001,0.0667
BAL,NP,4,-,+,+,-,DEI 11R,HIV+ART>1Yr,0.01,0.0637
BAL,NP,4,-,+,+,-,DEI 11U,HIV-,0.32,0.2627
BAL,NP,4,-,+,+,-,DEI 11V,HIV-,0.001,0.0014
BAL,NP,4,-,+,+,-,DEI 11Y,HIV-,0.001,0.025
BAL,NP,4,-,+,+,-,DEI 11Z,HIV-,0.001,0.002
BAL,NP,4,-,+,+,-,DEI 13V,HIV-,0.001,0.0714
BAL,NP,4,-,+,+,-,DEI 13W,HIV-,0.001,0.0024
BAL,NP,4,-,+,+,-,DEI 141,HIV-,0.001,0.0014
BAL,NP,4,-,+,+,-,DEI 143,HIV-,0.001,0.0056
BAL,NP,4,-,+,-,+,DEI 107,HIV-,0.06,0.1325
BAL,NP,4,-,+,-,+,DEI 108,HIV-,0.07,0.1061
BAL,NP,4,-,+,-,+,DEI 109,HIV-,0.001,0.0011
BAL,NP,4,-,+,-,+,DEI 10A,HIV-,0.02,0.2041
BAL,NP,4,-,+,-,+,DEI 10E,HIV-,0.07,0.0669
BAL,NP,4,-,+,-,+,DEI 10F,HIV-,0.07,0.7071
BAL,NP,4,-,+,-,+,DEI 10G,HIV-,0.23,0.1154
BAL,NP,4,-,+,-,+,DEI 10H,HIV-,0.001,0.002
BAL,NP,4,-,+,-,+,DEI 10I,HIV-,0.001,0.0029
BAL,NP,4,-,+,-,+,DEI 10J,HIV+ART>1Yr,0.64,0.5316
BAL,NP,4,-,+,-,+,DEI 10K,HIV+ART>1Yr,0.17,0.364
BAL,NP,4,-,+,-,+,DEI 10L,HIV-,0.31,0.1392
BAL,NP,4,-,+,-,+,DEI 10M,HIV-,0.11,0.1818
BAL,NP,4,-,+,-,+,DEI 10N,HIV+ART>1Yr,0.05,0.1087
BAL,NP,4,-,+,-,+,DEI 10P,HIV+ART>1Yr,0.04,0.0842
BAL,NP,4,-,+,-,+,DEI 10Q,HIV-,0.001,0.0112
BAL,NP,4,-,+,-,+,DEI 10R,HIV+ART>1Yr,0.001,0.006
BAL,NP,4,-,+,-,+,DEI 10S,HIV-,0.16,0.173
BAL,NP,4,-,+,-,+,DEI 10T,HIV-,1.22,0.3477
BAL,NP,4,-,+,-,+,DEI 10U,HIV-,0.001,0.0023
BAL,NP,4,-,+,-,+,DEI 10V,HIV-,0.02,0.3333
BAL,NP,4,-,+,-,+,DEI 10W,HIV-,0.001,0.0057
BAL,NP,4,-,+,-,+,DEI 10X,HIV-,0.08,0.0255
BAL,NP,4,-,+,-,+,DEI 10Y,HIV-,0.92,0.3187
BAL,NP,4,-,+,-,+,DEI 10Z,HIV+ART>1Yr,0.001,0.0004
BAL,NP,4,-,+,-,+,DEI 110,HIV-,0.78,0.3766
BAL,NP,4,-,+,-,+,DEI 111,HIV+ART>1Yr,0.001,0.0006
BAL,NP,4,-,+,-,+,DEI 112,HIV+ART>1Yr,0.34,0.3765
BAL,NP,4,-,+,-,+,DEI 113,HIV-,0.13,0.5019
BAL,NP,4,-,+,-,+,DEI 114,HIV+ART>1Yr,0.001,0.02
BAL,NP,4,-,+,-,+,DEI 115,HIV+ART>1Yr,0.02,0.0448
BAL,NP,4,-,+,-,+,DEI 116,HIV+ART>1Yr,0.001,0.0016
BAL,NP,4,-,+,-,+,DEI 118,HIV+ART>1Yr,0.1,0.1095
BAL,NP,4,-,+,-,+,DEI 119,HIV+ART>1Yr,0.08,0.0268
BAL,NP,4,-,+,-,+,DEI 11A,HIV+ART>1Yr,0.001,0.0833
BAL,NP,4,-,+,-,+,DEI 11B,HIV-,0.01,0.101
BAL,NP,4,-,+,-,+,DEI 11C,HIV+ART>1Yr,0.43,0.5206
BAL,NP,4,-,+,-,+,DEI 11D,HIV+ART>1Yr,0.24,0.2967
BAL,NP,4,-,+,-,+,DEI 11G,HIV+ART>1Yr,0.001,0.0031
BAL,NP,4,-,+,-,+,DEI 11I,HIV+ART>1Yr,0.32,0.339
BAL,NP,4,-,+,-,+,DEI 11K,HIV-,0.08,0.2186
BAL,NP,4,-,+,-,+,DEI 11M,HIV+ART>1Yr,0.34,0.4755
BAL,NP,4,-,+,-,+,DEI 11N,HIV-,0.001,0.0323
BAL,NP,4,-,+,-,+,DEI 11P,HIV+ART>1Yr,0.001,0.0833
BAL,NP,4,-,+,-,+,DEI 11Q,HIV-,0.001,0.0667
BAL,NP,4,-,+,-,+,DEI 11R,HIV+ART>1Yr,0.02,0.1274
BAL,NP,4,-,+,-,+,DEI 11U,HIV-,0.001,0.0008
BAL,NP,4,-,+,-,+,DEI 11V,HIV-,0.3,0.4093
BAL,NP,4,-,+,-,+,DEI 11Y,HIV-,0.001,0.025
BAL,NP,4,-,+,-,+,DEI 11Z,HIV-,0.25,0.502
BAL,NP,4,-,+,-,+,DEI 13V,HIV-,0.001,0.0714
BAL,NP,4,-,+,-,+,DEI 13W,HIV-,0.001,0.0024
BAL,NP,4,-,+,-,+,DEI 141,HIV-,0.001,0.0014
BAL,NP,4,-,+,-,+,DEI 143,HIV-,0.001,0.0056
BAL,NP,4,-,-,+,+,DEI 107,HIV-,0.13,0.287
BAL,NP,4,-,-,+,+,DEI 108,HIV-,0.001,0.0015
BAL,NP,4,-,-,+,+,DEI 109,HIV-,0.04,0.0427
BAL,NP,4,-,-,+,+,DEI 10A,HIV-,0.001,0.0102
BAL,NP,4,-,-,+,+,DEI 10E,HIV-,0.001,0.001
BAL,NP,4,-,-,+,+,DEI 10F,HIV-,0.001,0.0101
BAL,NP,4,-,-,+,+,DEI 10G,HIV-,0.32,0.1606
BAL,NP,4,-,-,+,+,DEI 10H,HIV-,0.07,0.1411
BAL,NP,4,-,-,+,+,DEI 10I,HIV-,0.02,0.0581
BAL,NP,4,-,-,+,+,DEI 10J,HIV+ART>1Yr,0.001,0.0008
BAL,NP,4,-,-,+,+,DEI 10K,HIV+ART>1Yr,0.02,0.0428
BAL,NP,4,-,-,+,+,DEI 10L,HIV-,0.26,0.1167
BAL,NP,4,-,-,+,+,DEI 10M,HIV-,0.001,0.0017
BAL,NP,4,-,-,+,+,DEI 10N,HIV+ART>1Yr,0.02,0.0435
BAL,NP,4,-,-,+,+,DEI 10P,HIV+ART>1Yr,0.001,0.0021
BAL,NP,4,-,-,+,+,DEI 10Q,HIV-,0.001,0.0112
BAL,NP,4,-,-,+,+,DEI 10R,HIV+ART>1Yr,0.001,0.006
BAL,NP,4,-,-,+,+,DEI 10S,HIV-,0.02,0.0216
BAL,NP,4,-,-,+,+,DEI 10T,HIV-,0.04,0.0114
BAL,NP,4,-,-,+,+,DEI 10U,HIV-,0.001,0.0023
BAL,NP,4,-,-,+,+,DEI 10V,HIV-,0.001,0.0167
BAL,NP,4,-,-,+,+,DEI 10W,HIV-,0.01,0.0568
BAL,NP,4,-,-,+,+,DEI 10X,HIV-,0.014,0.0045
BAL,NP,4,-,-,+,+,DEI 10Y,HIV-,0.12,0.0416
BAL,NP,4,-,-,+,+,DEI 10Z,HIV+ART>1Yr,0.43,0.1612
BAL,NP,4,-,-,+,+,DEI 110,HIV-,0.04,0.0193
BAL,NP,4,-,-,+,+,DEI 111,HIV+ART>1Yr,1.3,0.8387
BAL,NP,4,-,-,+,+,DEI 112,HIV+ART>1Yr,0.04,0.0443
BAL,NP,4,-,-,+,+,DEI 113,HIV-,0.001,0.0039
BAL,NP,4,-,-,+,+,DEI 114,HIV+ART>1Yr,0.001,0.02
BAL,NP,4,-,-,+,+,DEI 115,HIV+ART>1Yr,0.14,0.3139
BAL,NP,4,-,-,+,+,DEI 116,HIV+ART>1Yr,0.1,0.16
BAL,NP,4,-,-,+,+,DEI 118,HIV+ART>1Yr,0.001,0.0011
BAL,NP,4,-,-,+,+,DEI 119,HIV+ART>1Yr,0.5,0.1674
BAL,NP,4,-,-,+,+,DEI 11A,HIV+ART>1Yr,0.001,0.0833
BAL,NP,4,-,-,+,+,DEI 11B,HIV-,0.001,0.0101
BAL,NP,4,-,-,+,+,DEI 11C,HIV+ART>1Yr,0.001,0.0012
BAL,NP,4,-,-,+,+,DEI 11D,HIV+ART>1Yr,0.001,0.0012
BAL,NP,4,-,-,+,+,DEI 11G,HIV+ART>1Yr,0.001,0.0031
BAL,NP,4,-,-,+,+,DEI 11I,HIV+ART>1Yr,0.1,0.1059
BAL,NP,4,-,-,+,+,DEI 11K,HIV-,0.02,0.0546
BAL,NP,4,-,-,+,+,DEI 11M,HIV+ART>1Yr,0.07,0.0979
BAL,NP,4,-,-,+,+,DEI 11N,HIV-,0.001,0.0323
BAL,NP,4,-,-,+,+,DEI 11P,HIV+ART>1Yr,0.001,0.0833
BAL,NP,4,-,-,+,+,DEI 11Q,HIV-,0.004,0.2667
BAL,NP,4,-,-,+,+,DEI 11R,HIV+ART>1Yr,0.03,0.1911
BAL,NP,4,-,-,+,+,DEI 11U,HIV-,0.001,0.0008
BAL,NP,4,-,-,+,+,DEI 11V,HIV-,0.01,0.0136
BAL,NP,4,-,-,+,+,DEI 11Y,HIV-,0.001,0.025
BAL,NP,4,-,-,+,+,DEI 11Z,HIV-,0.001,0.002
BAL,NP,4,-,-,+,+,DEI 13V,HIV-,0.003,0.2143
BAL,NP,4,-,-,+,+,DEI 13W,HIV-,0.001,0.0024
BAL,NP,4,-,-,+,+,DEI 141,HIV-,0.06,0.0838
BAL,NP,4,-,-,+,+,DEI 143,HIV-,0.001,0.0056
BAL,NP,4,-,-,+,-,DEI 107,HIV-,0.001,0.0022
BAL,NP,4,-,-,+,-,DEI 108,HIV-,0.001,0.0015
BAL,NP,4,-,-,+,-,DEI 109,HIV-,0.06,0.0641
BAL,NP,4,-,-,+,-,DEI 10A,HIV-,0.001,0.0102
BAL,NP,4,-,-,+,-,DEI 10E,HIV-,0.001,0.001
BAL,NP,4,-,-,+,-,DEI 10F,HIV-,0.001,0.0101
BAL,NP,4,-,-,+,-,DEI 10G,HIV-,0.33,0.1656
BAL,NP,4,-,-,+,-,DEI 10H,HIV-,0.001,0.002
BAL,NP,4,-,-,+,-,DEI 10I,HIV-,0.001,0.0029
BAL,NP,4,-,-,+,-,DEI 10J,HIV+ART>1Yr,0.001,0.0008
BAL,NP,4,-,-,+,-,DEI 10K,HIV+ART>1Yr,0.001,0.0021
BAL,NP,4,-,-,+,-,DEI 10L,HIV-,0.001,0.0004
BAL,NP,4,-,-,+,-,DEI 10M,HIV-,0.01,0.0165
BAL,NP,4,-,-,+,-,DEI 10N,HIV+ART>1Yr,0.06,0.1304
BAL,NP,4,-,-,+,-,DEI 10P,HIV+ART>1Yr,0.01,0.0211
BAL,NP,4,-,-,+,-,DEI 10Q,HIV-,0.001,0.0112
BAL,NP,4,-,-,+,-,DEI 10R,HIV+ART>1Yr,0.001,0.006
BAL,NP,4,-,-,+,-,DEI 10S,HIV-,0.31,0.3351
BAL,NP,4,-,-,+,-,DEI 10T,HIV-,0.11,0.0313
BAL,NP,4,-,-,+,-,DEI 10U,HIV-,0.03,0.0686
BAL,NP,4,-,-,+,-,DEI 10V,HIV-,0.03,0.5
BAL,NP,4,-,-,+,-,DEI 10W,HIV-,0.01,0.0568
BAL,NP,4,-,-,+,-,DEI 10X,HIV-,0.004,0.0013
BAL,NP,4,-,-,+,-,DEI 10Y,HIV-,0.06,0.0208
BAL,NP,4,-,-,+,-,DEI 10Z,HIV+ART>1Yr,0.001,0.0004
BAL,NP,4,-,-,+,-,DEI 110,HIV-,0.13,0.0628
BAL,NP,4,-,-,+,-,DEI 111,HIV+ART>1Yr,0.001,0.0006
BAL,NP,4,-,-,+,-,DEI 112,HIV+ART>1Yr,0.001,0.0011
BAL,NP,4,-,-,+,-,DEI 113,HIV-,0.001,0.0039
BAL,NP,4,-,-,+,-,DEI 114,HIV+ART>1Yr,0.03,0.6
BAL,NP,4,-,-,+,-,DEI 115,HIV+ART>1Yr,0.05,0.1121
BAL,NP,4,-,-,+,-,DEI 116,HIV+ART>1Yr,0.001,0.0016
BAL,NP,4,-,-,+,-,DEI 118,HIV+ART>1Yr,0.07,0.0767
BAL,NP,4,-,-,+,-,DEI 119,HIV+ART>1Yr,0.001,0.0003
BAL,NP,4,-,-,+,-,DEI 11A,HIV+ART>1Yr,0.001,0.0833
BAL,NP,4,-,-,+,-,DEI 11B,HIV-,0.001,0.0101
BAL,NP,4,-,-,+,-,DEI 11C,HIV+ART>1Yr,0.001,0.0012
BAL,NP,4,-,-,+,-,DEI 11D,HIV+ART>1Yr,0.001,0.0012
BAL,NP,4,-,-,+,-,DEI 11G,HIV+ART>1Yr,0.001,0.0031
BAL,NP,4,-,-,+,-,DEI 11I,HIV+ART>1Yr,0.14,0.1483
BAL,NP,4,-,-,+,-,DEI 11K,HIV-,0.001,0.0027
BAL,NP,4,-,-,+,-,DEI 11M,HIV+ART>1Yr,0.06,0.0839
BAL,NP,4,-,-,+,-,DEI 11N,HIV-,0.001,0.0323
BAL,NP,4,-,-,+,-,DEI 11P,HIV+ART>1Yr,0.001,0.0833
BAL,NP,4,-,-,+,-,DEI 11Q,HIV-,0.001,0.0667
BAL,NP,4,-,-,+,-,DEI 11R,HIV+ART>1Yr,0.01,0.0637
BAL,NP,4,-,-,+,-,DEI 11U,HIV-,0.23,0.1888
BAL,NP,4,-,-,+,-,DEI 11V,HIV-,0.02,0.0273
BAL,NP,4,-,-,+,-,DEI 11Y,HIV-,0.01,0.25
BAL,NP,4,-,-,+,-,DEI 11Z,HIV-,0.02,0.0402
BAL,NP,4,-,-,+,-,DEI 13V,HIV-,0.001,0.0714
BAL,NP,4,-,-,+,-,DEI 13W,HIV-,0.31,0.7381
BAL,NP,4,-,-,+,-,DEI 141,HIV-,0.02,0.0279
BAL,NP,4,-,-,+,-,DEI 143,HIV-,0.001,0.0056
BAL,NP,4,-,-,-,+,DEI 107,HIV-,0.001,0.0022
BAL,NP,4,-,-,-,+,DEI 108,HIV-,0.04,0.0606
BAL,NP,4,-,-,-,+,DEI 109,HIV-,0.45,0.4808
BAL,NP,4,-,-,-,+,DEI 10A,HIV-,0.01,0.102
BAL,NP,4,-,-,-,+,DEI 10E,HIV-,0.23,0.2199
BAL,NP,4,-,-,-,+,DEI 10F,HIV-,0.001,0.0101
BAL,NP,4,-,-,-,+,DEI 10G,HIV-,0.36,0.1806
BAL,NP,4,-,-,-,+,DEI 10H,HIV-,0.001,0.002
BAL,NP,4,-,-,-,+,DEI 10I,HIV-,0.001,0.0029
BAL,NP,4,-,-,-,+,DEI 10J,HIV+ART>1Yr,0.1,0.0831
BAL,NP,4,-,-,-,+,DEI 10K,HIV+ART>1Yr,0.001,0.0021
BAL,NP,4,-,-,-,+,DEI 10L,HIV-,0.001,0.0004
BAL,NP,4,-,-,-,+,DEI 10M,HIV-,0.001,0.0017
BAL,NP,4,-,-,-,+,DEI 10N,HIV+ART>1Yr,0.05,0.1087
BAL,NP,4,-,-,-,+,DEI 10P,HIV+ART>1Yr,0.06,0.1263
BAL,NP,4,-,-,-,+,DEI 10Q,HIV-,0.001,0.0112
BAL,NP,4,-,-,-,+,DEI 10R,HIV+ART>1Yr,0.05,0.2976
BAL,NP,4,-,-,-,+,DEI 10S,HIV-,0.001,0.0011
BAL,NP,4,-,-,-,+,DEI 10T,HIV-,0.15,0.0427
BAL,NP,4,-,-,-,+,DEI 10U,HIV-,0.001,0.0023
BAL,NP,4,-,-,-,+,DEI 10V,HIV-,0.001,0.0167
BAL,NP,4,-,-,-,+,DEI 10W,HIV-,0.001,0.0057
BAL,NP,4,-,-,-,+,DEI 10X,HIV-,0.01,0.0032
BAL,NP,4,-,-,-,+,DEI 10Y,HIV-,0.2,0.0693
BAL,NP,4,-,-,-,+,DEI 10Z,HIV+ART>1Yr,0.001,0.0004
BAL,NP,4,-,-,-,+,DEI 110,HIV-,0.001,0.0005
BAL,NP,4,-,-,-,+,DEI 111,HIV+ART>1Yr,0.001,0.0006
BAL,NP,4,-,-,-,+,DEI 112,HIV+ART>1Yr,0.05,0.0554
BAL,NP,4,-,-,-,+,DEI 113,HIV-,0.001,0.0039
BAL,NP,4,-,-,-,+,DEI 114,HIV+ART>1Yr,0.001,0.02
BAL,NP,4,-,-,-,+,DEI 115,HIV+ART>1Yr,0.2,0.4484
BAL,NP,4,-,-,-,+,DEI 116,HIV+ART>1Yr,0.11,0.176
BAL,NP,4,-,-,-,+,DEI 118,HIV+ART>1Yr,0.04,0.0438
BAL,NP,4,-,-,-,+,DEI 119,HIV+ART>1Yr,0.17,0.0569
BAL,NP,4,-,-,-,+,DEI 11A,HIV+ART>1Yr,0.001,0.0833
BAL,NP,4,-,-,-,+,DEI 11B,HIV-,0.06,0.6061
BAL,NP,4,-,-,-,+,DEI 11C,HIV+ART>1Yr,0.02,0.0242
BAL,NP,4,-,-,-,+,DEI 11D,HIV+ART>1Yr,0.24,0.2967
BAL,NP,4,-,-,-,+,DEI 11G,HIV+ART>1Yr,0.001,0.0031
BAL,NP,4,-,-,-,+,DEI 11I,HIV+ART>1Yr,0.17,0.1801
BAL,NP,4,-,-,-,+,DEI 11K,HIV-,0.06,0.1639
BAL,NP,4,-,-,-,+,DEI 11M,HIV+ART>1Yr,0.11,0.1538
BAL,NP,4,-,-,-,+,DEI 11N,HIV-,0.001,0.0323
BAL,NP,4,-,-,-,+,DEI 11P,HIV+ART>1Yr,0.001,0.0833
BAL,NP,4,-,-,-,+,DEI 11Q,HIV-,0.001,0.0667
BAL,NP,4,-,-,-,+,DEI 11R,HIV+ART>1Yr,0.08,0.5096
BAL,NP,4,-,-,-,+,DEI 11U,HIV-,0.001,0.0008
BAL,NP,4,-,-,-,+,DEI 11V,HIV-,0.16,0.2183
BAL,NP,4,-,-,-,+,DEI 11Y,HIV-,0.001,0.025
BAL,NP,4,-,-,-,+,DEI 11Z,HIV-,0.03,0.0602
BAL,NP,4,-,-,-,+,DEI 13V,HIV-,0.001,0.0714
BAL,NP,4,-,-,-,+,DEI 13W,HIV-,0.1,0.2381
BAL,NP,4,-,-,-,+,DEI 141,HIV-,0.47,0.6564
BAL,NP,4,-,-,-,+,DEI 143,HIV-,0.02,0.1124
BAL,NP,8,+,+,+,+,DEI 107,HIV-,0.09,0.0801
BAL,NP,8,+,+,+,+,DEI 108,HIV-,0.001,0.0062
BAL,NP,8,+,+,+,+,DEI 109,HIV-,0.22,0.1696
BAL,NP,8,+,+,+,+,DEI 10A,HIV-,0.08,0.381
BAL,NP,8,+,+,+,+,DEI 10E,HIV-,0.05,0.0696
BAL,NP,8,+,+,+,+,DEI 10F,HIV-,0.001,0.0476
BAL,NP,8,+,+,+,+,DEI 10G,HIV-,0.09,0.0781
BAL,NP,8,+,+,+,+,DEI 10H,HIV-,0.05,0.1359
BAL,NP,8,+,+,+,+,DEI 10I,HIV-,0.04,0.2597
BAL,NP,8,+,+,+,+,DEI 10J,HIV+ART>1Yr,0.001,0.02
BAL,NP,8,+,+,+,+,DEI 10K,HIV+ART>1Yr,0.022,0.386
BAL,NP,8,+,+,+,+,DEI 10L,HIV-,0.13,0.3881
BAL,NP,8,+,+,+,+,DEI 10M,HIV-,0.001,0.0044
BAL,NP,8,+,+,+,+,DEI 10N,HIV+ART>1Yr,0.01,0.0625
BAL,NP,8,+,+,+,+,DEI 10P,HIV+ART>1Yr,0.11,0.2529
BAL,NP,8,+,+,+,+,DEI 10Q,HIV-,0.03,0.1613
BAL,NP,8,+,+,+,+,DEI 10R,HIV+ART>1Yr,0.01,0.0503
BAL,NP,8,+,+,+,+,DEI 10S,HIV-,0.01,0.0297
BAL,NP,8,+,+,+,+,DEI 10T,HIV-,0.37,0.1716
BAL,NP,8,+,+,+,+,DEI 10U,HIV-,0.001,0.0833
BAL,NP,8,+,+,+,+,DEI 10V,HIV-,0.001,0.0833
BAL,NP,8,+,+,+,+,DEI 10W,HIV-,0.07,0.2102
BAL,NP,8,+,+,+,+,DEI 10X,HIV-,2.34,0.5502
BAL,NP,8,+,+,+,+,DEI 10Y,HIV-,0.75,0.2265
BAL,NP,8,+,+,+,+,DEI 10Z,HIV+ART>1Yr,2.6,0.5797
BAL,NP,8,+,+,+,+,DEI 110,HIV-,0.2,0.1092
BAL,NP,8,+,+,+,+,DEI 111,HIV+ART>1Yr,0.001,0.0008
BAL,NP,8,+,+,+,+,DEI 112,HIV+ART>1Yr,0.03,0.0706
BAL,NP,8,+,+,+,+,DEI 113,HIV-,0.001,0.0018
BAL,NP,8,+,+,+,+,DEI 114,HIV+ART>1Yr,0.13,0.2669
BAL,NP,8,+,+,+,+,DEI 115,HIV+ART>1Yr,0.001,0.0027
BAL,NP,8,+,+,+,+,DEI 116,HIV+ART>1Yr,0.001,0.0014
BAL,NP,8,+,+,+,+,DEI 118,HIV+ART>1Yr,0.001,0.0208
BAL,NP,8,+,+,+,+,DEI 119,HIV+ART>1Yr,0.001,0.0003
BAL,NP,8,+,+,+,+,DEI 11A,HIV+ART>1Yr,0.03,0.4918
BAL,NP,8,+,+,+,+,DEI 11B,HIV-,0.001,0.0833
BAL,NP,8,+,+,+,+,DEI 11C,HIV+ART>1Yr,0.001,0.0008
BAL,NP,8,+,+,+,+,DEI 11D,HIV+ART>1Yr,0.08,0.1578
BAL,NP,8,+,+,+,+,DEI 11G,HIV+ART>1Yr,0.03,0.3614
BAL,NP,8,+,+,+,+,DEI 11I,HIV+ART>1Yr,0.01,0.1266
BAL,NP,8,+,+,+,+,DEI 11K,HIV-,0.01,0.0241
BAL,NP,8,+,+,+,+,DEI 11M,HIV+ART>1Yr,0.001,0.0083
BAL,NP,8,+,+,+,+,DEI 11N,HIV-,0.001,0.0476
BAL,NP,8,+,+,+,+,DEI 11P,HIV+ART>1Yr,0.001,0.0102
BAL,NP,8,+,+,+,+,DEI 11Q,HIV-,0.001,0.0526
BAL,NP,8,+,+,+,+,DEI 11R,HIV+ART>1Yr,0.01,0.0581
BAL,NP,8,+,+,+,+,DEI 11U,HIV-,0.17,0.2155
BAL,NP,8,+,+,+,+,DEI 11V,HIV-,0.05,0.2041
BAL,NP,8,+,+,+,+,DEI 11Y,HIV-,0.001,0.0476
BAL,NP,8,+,+,+,+,DEI 11Z,HIV-,0.001,0.0143
BAL,NP,8,+,+,+,+,DEI 13V,HIV-,0.001,0.0556
BAL,NP,8,+,+,+,+,DEI 13W,HIV-,0.001,0.0005
BAL,NP,8,+,+,+,+,DEI 141,HIV-,0.05,0.1511
BAL,NP,8,+,+,+,+,DEI 143,HIV-,1.7,0.6078
BAL,NP,8,+,+,+,-,DEI 107,HIV-,0.001,0.0009
BAL,NP,8,+,+,+,-,DEI 108,HIV-,0.09,0.559
BAL,NP,8,+,+,+,-,DEI 109,HIV-,0.79,0.6091
BAL,NP,8,+,+,+,-,DEI 10A,HIV-,0.001,0.0048
BAL,NP,8,+,+,+,-,DEI 10E,HIV-,0.61,0.8496
BAL,NP,8,+,+,+,-,DEI 10F,HIV-,0.001,0.0476
BAL,NP,8,+,+,+,-,DEI 10G,HIV-,0.17,0.1476
BAL,NP,8,+,+,+,-,DEI 10H,HIV-,0.001,0.0027
BAL,NP,8,+,+,+,-,DEI 10I,HIV-,0.02,0.1299
BAL,NP,8,+,+,+,-,DEI 10J,HIV+ART>1Yr,0.01,0.2
BAL,NP,8,+,+,+,-,DEI 10K,HIV+ART>1Yr,0.001,0.0175
BAL,NP,8,+,+,+,-,DEI 10L,HIV-,0.02,0.0597
BAL,NP,8,+,+,+,-,DEI 10M,HIV-,0.05,0.2203
BAL,NP,8,+,+,+,-,DEI 10N,HIV+ART>1Yr,0.02,0.125
BAL,NP,8,+,+,+,-,DEI 10P,HIV+ART>1Yr,0.001,0.0023
BAL,NP,8,+,+,+,-,DEI 10Q,HIV-,0.06,0.3226
BAL,NP,8,+,+,+,-,DEI 10R,HIV+ART>1Yr,0.001,0.005
BAL,NP,8,+,+,+,-,DEI 10S,HIV-,0.03,0.089
BAL,NP,8,+,+,+,-,DEI 10T,HIV-,0.42,0.1948
BAL,NP,8,+,+,+,-,DEI 10U,HIV-,0.001,0.0833
BAL,NP,8,+,+,+,-,DEI 10V,HIV-,0.001,0.0833
BAL,NP,8,+,+,+,-,DEI 10W,HIV-,0.07,0.2102
BAL,NP,8,+,+,+,-,DEI 10X,HIV-,0.25,0.0588
BAL,NP,8,+,+,+,-,DEI 10Y,HIV-,0.38,0.1148
BAL,NP,8,+,+,+,-,DEI 10Z,HIV+ART>1Yr,0.001,0.0002
BAL,NP,8,+,+,+,-,DEI 110,HIV-,0.48,0.262
BAL,NP,8,+,+,+,-,DEI 111,HIV+ART>1Yr,0.001,0.0008
BAL,NP,8,+,+,+,-,DEI 112,HIV+ART>1Yr,0.001,0.0024
BAL,NP,8,+,+,+,-,DEI 113,HIV-,0.001,0.0018
BAL,NP,8,+,+,+,-,DEI 114,HIV+ART>1Yr,0.27,0.5544
BAL,NP,8,+,+,+,-,DEI 115,HIV+ART>1Yr,0.001,0.0027
BAL,NP,8,+,+,+,-,DEI 116,HIV+ART>1Yr,0.024,0.0329
BAL,NP,8,+,+,+,-,DEI 118,HIV+ART>1Yr,0.001,0.0208
BAL,NP,8,+,+,+,-,DEI 119,HIV+ART>1Yr,0.001,0.0003
BAL,NP,8,+,+,+,-,DEI 11A,HIV+ART>1Yr,0.001,0.0164
BAL,NP,8,+,+,+,-,DEI 11B,HIV-,0.001,0.0833
BAL,NP,8,+,+,+,-,DEI 11C,HIV+ART>1Yr,0.19,0.1543
BAL,NP,8,+,+,+,-,DEI 11D,HIV+ART>1Yr,0.03,0.0592
BAL,NP,8,+,+,+,-,DEI 11G,HIV+ART>1Yr,0.02,0.241
BAL,NP,8,+,+,+,-,DEI 11I,HIV+ART>1Yr,0.001,0.0127
BAL,NP,8,+,+,+,-,DEI 11K,HIV-,0.001,0.0024
BAL,NP,8,+,+,+,-,DEI 11M,HIV+ART>1Yr,0.09,0.75
BAL,NP,8,+,+,+,-,DEI 11N,HIV-,0.001,0.0476
BAL,NP,8,+,+,+,-,DEI 11P,HIV+ART>1Yr,0.001,0.0102
BAL,NP,8,+,+,+,-,DEI 11Q,HIV-,0.001,0.0526
BAL,NP,8,+,+,+,-,DEI 11R,HIV+ART>1Yr,0.1,0.5814
BAL,NP,8,+,+,+,-,DEI 11U,HIV-,0.001,0.0013
BAL,NP,8,+,+,+,-,DEI 11V,HIV-,0.001,0.0041
BAL,NP,8,+,+,+,-,DEI 11Y,HIV-,0.001,0.0476
BAL,NP,8,+,+,+,-,DEI 11Z,HIV-,0.01,0.1429
BAL,NP,8,+,+,+,-,DEI 13V,HIV-,0.001,0.0556
BAL,NP,8,+,+,+,-,DEI 13W,HIV-,0.04,0.0201
BAL,NP,8,+,+,+,-,DEI 141,HIV-,0.01,0.0302
BAL,NP,8,+,+,+,-,DEI 143,HIV-,0.74,0.2646
BAL,NP,8,+,+,-,+,DEI 107,HIV-,0.12,0.1068
BAL,NP,8,+,+,-,+,DEI 108,HIV-,0.001,0.0062
BAL,NP,8,+,+,-,+,DEI 109,HIV-,0.001,0.0008
BAL,NP,8,+,+,-,+,DEI 10A,HIV-,0.001,0.0048
BAL,NP,8,+,+,-,+,DEI 10E,HIV-,0.001,0.0014
BAL,NP,8,+,+,-,+,DEI 10F,HIV-,0.001,0.0476
BAL,NP,8,+,+,-,+,DEI 10G,HIV-,0.22,0.191
BAL,NP,8,+,+,-,+,DEI 10H,HIV-,0.22,0.5978
BAL,NP,8,+,+,-,+,DEI 10I,HIV-,0.02,0.1299
BAL,NP,8,+,+,-,+,DEI 10J,HIV+ART>1Yr,0.001,0.02
BAL,NP,8,+,+,-,+,DEI 10K,HIV+ART>1Yr,0.001,0.0175
BAL,NP,8,+,+,-,+,DEI 10L,HIV-,0.12,0.3582
BAL,NP,8,+,+,-,+,DEI 10M,HIV-,0.07,0.3084
BAL,NP,8,+,+,-,+,DEI 10N,HIV+ART>1Yr,0.08,0.5
BAL,NP,8,+,+,-,+,DEI 10P,HIV+ART>1Yr,0.16,0.3678
BAL,NP,8,+,+,-,+,DEI 10Q,HIV-,0.001,0.0054
BAL,NP,8,+,+,-,+,DEI 10R,HIV+ART>1Yr,0.001,0.005
BAL,NP,8,+,+,-,+,DEI 10S,HIV-,0.001,0.003
BAL,NP,8,+,+,-,+,DEI 10T,HIV-,1.13,0.5241
BAL,NP,8,+,+,-,+,DEI 10U,HIV-,0.001,0.0833
BAL,NP,8,+,+,-,+,DEI 10V,HIV-,0.001,0.0833
BAL,NP,8,+,+,-,+,DEI 10W,HIV-,0.05,0.1502
BAL,NP,8,+,+,-,+,DEI 10X,HIV-,1.11,0.261
BAL,NP,8,+,+,-,+,DEI 10Y,HIV-,1.46,0.441
BAL,NP,8,+,+,-,+,DEI 10Z,HIV+ART>1Yr,0.02,0.0045
BAL,NP,8,+,+,-,+,DEI 110,HIV-,0.25,0.1365
BAL,NP,8,+,+,-,+,DEI 111,HIV+ART>1Yr,0.001,0.0008
BAL,NP,8,+,+,-,+,DEI 112,HIV+ART>1Yr,0.28,0.6588
BAL,NP,8,+,+,-,+,DEI 113,HIV-,0.5,0.8772
BAL,NP,8,+,+,-,+,DEI 114,HIV+ART>1Yr,0.05,0.1027
BAL,NP,8,+,+,-,+,DEI 115,HIV+ART>1Yr,0.19,0.5191
BAL,NP,8,+,+,-,+,DEI 116,HIV+ART>1Yr,0.001,0.0014
BAL,NP,8,+,+,-,+,DEI 118,HIV+ART>1Yr,0.02,0.4167
BAL,NP,8,+,+,-,+,DEI 119,HIV+ART>1Yr,0.26,0.0894
BAL,NP,8,+,+,-,+,DEI 11A,HIV+ART>1Yr,0.001,0.0164
BAL,NP,8,+,+,-,+,DEI 11B,HIV-,0.001,0.0833
BAL,NP,8,+,+,-,+,DEI 11C,HIV+ART>1Yr,0.26,0.2112
BAL,NP,8,+,+,-,+,DEI 11D,HIV+ART>1Yr,0.001,0.002
BAL,NP,8,+,+,-,+,DEI 11G,HIV+ART>1Yr,0.001,0.012
BAL,NP,8,+,+,-,+,DEI 11I,HIV+ART>1Yr,0.001,0.0127
BAL,NP,8,+,+,-,+,DEI 11K,HIV-,0.001,0.0024
BAL,NP,8,+,+,-,+,DEI 11M,HIV+ART>1Yr,0.001,0.0083
BAL,NP,8,+,+,-,+,DEI 11N,HIV-,0.001,0.0476
BAL,NP,8,+,+,-,+,DEI 11P,HIV+ART>1Yr,0.001,0.0102
BAL,NP,8,+,+,-,+,DEI 11Q,HIV-,0.001,0.0526
BAL,NP,8,+,+,-,+,DEI 11R,HIV+ART>1Yr,0.001,0.0058
BAL,NP,8,+,+,-,+,DEI 11U,HIV-,0.26,0.3295
BAL,NP,8,+,+,-,+,DEI 11V,HIV-,0.001,0.0041
BAL,NP,8,+,+,-,+,DEI 11Y,HIV-,0.001,0.0476
BAL,NP,8,+,+,-,+,DEI 11Z,HIV-,0.001,0.0143
BAL,NP,8,+,+,-,+,DEI 13V,HIV-,0.001,0.0556
BAL,NP,8,+,+,-,+,DEI 13W,HIV-,1.2,0.6036
BAL,NP,8,+,+,-,+,DEI 141,HIV-,0.04,0.1208
BAL,NP,8,+,+,-,+,DEI 143,HIV-,0.001,0.0004
BAL,NP,8,+,-,+,+,DEI 107,HIV-,0.03,0.0267
BAL,NP,8,+,-,+,+,DEI 108,HIV-,0.003,0.0186
BAL,NP,8,+,-,+,+,DEI 109,HIV-,0.001,0.0008
BAL,NP,8,+,-,+,+,DEI 10A,HIV-,0.001,0.0048
BAL,NP,8,+,-,+,+,DEI 10E,HIV-,0.01,0.0139
BAL,NP,8,+,-,+,+,DEI 10F,HIV-,0.001,0.0476
BAL,NP,8,+,-,+,+,DEI 10G,HIV-,0.001,0.0009
BAL,NP,8,+,-,+,+,DEI 10H,HIV-,0.001,0.0027
BAL,NP,8,+,-,+,+,DEI 10I,HIV-,0.01,0.0649
BAL,NP,8,+,-,+,+,DEI 10J,HIV+ART>1Yr,0.001,0.02
BAL,NP,8,+,-,+,+,DEI 10K,HIV+ART>1Yr,0.001,0.0175
BAL,NP,8,+,-,+,+,DEI 10L,HIV-,0.001,0.003
BAL,NP,8,+,-,+,+,DEI 10M,HIV-,0.001,0.0044
BAL,NP,8,+,-,+,+,DEI 10N,HIV+ART>1Yr,0.001,0.0062
BAL,NP,8,+,-,+,+,DEI 10P,HIV+ART>1Yr,0.03,0.069
BAL,NP,8,+,-,+,+,DEI 10Q,HIV-,0.001,0.0054
BAL,NP,8,+,-,+,+,DEI 10R,HIV+ART>1Yr,0.001,0.005
BAL,NP,8,+,-,+,+,DEI 10S,HIV-,0.001,0.003
BAL,NP,8,+,-,+,+,DEI 10T,HIV-,0.033,0.0153
BAL,NP,8,+,-,+,+,DEI 10U,HIV-,0.001,0.0833
BAL,NP,8,+,-,+,+,DEI 10V,HIV-,0.001,0.0833
BAL,NP,8,+,-,+,+,DEI 10W,HIV-,0.014,0.042
BAL,NP,8,+,-,+,+,DEI 10X,HIV-,0.03,0.0071
BAL,NP,8,+,-,+,+,DEI 10Y,HIV-,0.034,0.0103
BAL,NP,8,+,-,+,+,DEI 10Z,HIV+ART>1Yr,0.16,0.0357
BAL,NP,8,+,-,+,+,DEI 110,HIV-,0.001,0.0005
BAL,NP,8,+,-,+,+,DEI 111,HIV+ART>1Yr,0.001,0.0008
BAL,NP,8,+,-,+,+,DEI 112,HIV+ART>1Yr,0.001,0.0024
BAL,NP,8,+,-,+,+,DEI 113,HIV-,0.001,0.0018
BAL,NP,8,+,-,+,+,DEI 114,HIV+ART>1Yr,0.001,0.0021
BAL,NP,8,+,-,+,+,DEI 115,HIV+ART>1Yr,0.001,0.0027
BAL,NP,8,+,-,+,+,DEI 116,HIV+ART>1Yr,0.08,0.1096
BAL,NP,8,+,-,+,+,DEI 118,HIV+ART>1Yr,0.001,0.0208
BAL,NP,8,+,-,+,+,DEI 119,HIV+ART>1Yr,0.001,0.0003
BAL,NP,8,+,-,+,+,DEI 11A,HIV+ART>1Yr,0.01,0.1639
BAL,NP,8,+,-,+,+,DEI 11B,HIV-,0.001,0.0833
BAL,NP,8,+,-,+,+,DEI 11C,HIV+ART>1Yr,0.03,0.0244
BAL,NP,8,+,-,+,+,DEI 11D,HIV+ART>1Yr,0.001,0.002
BAL,NP,8,+,-,+,+,DEI 11G,HIV+ART>1Yr,0.003,0.0361
BAL,NP,8,+,-,+,+,DEI 11I,HIV+ART>1Yr,0.05,0.6329
BAL,NP,8,+,-,+,+,DEI 11K,HIV-,0.02,0.0482
BAL,NP,8,+,-,+,+,DEI 11M,HIV+ART>1Yr,0.001,0.0083
BAL,NP,8,+,-,+,+,DEI 11N,HIV-,0.001,0.0476
BAL,NP,8,+,-,+,+,DEI 11P,HIV+ART>1Yr,0.001,0.0102
BAL,NP,8,+,-,+,+,DEI 11Q,HIV-,0.008,0.4211
BAL,NP,8,+,-,+,+,DEI 11R,HIV+ART>1Yr,0.001,0.0058
BAL,NP,8,+,-,+,+,DEI 11U,HIV-,0.001,0.0013
BAL,NP,8,+,-,+,+,DEI 11V,HIV-,0.04,0.1633
BAL,NP,8,+,-,+,+,DEI 11Y,HIV-,0.001,0.0476
BAL,NP,8,+,-,+,+,DEI 11Z,HIV-,0.001,0.0143
BAL,NP,8,+,-,+,+,DEI 13V,HIV-,0.001,0.0556
BAL,NP,8,+,-,+,+,DEI 13W,HIV-,0.001,0.0005
BAL,NP,8,+,-,+,+,DEI 141,HIV-,0.001,0.003
BAL,NP,8,+,-,+,+,DEI 143,HIV-,0.001,0.0004
BAL,NP,8,+,-,+,-,DEI 107,HIV-,0.001,0.0009
BAL,NP,8,+,-,+,-,DEI 108,HIV-,0.001,0.0062
BAL,NP,8,+,-,+,-,DEI 109,HIV-,0.001,0.0008
BAL,NP,8,+,-,+,-,DEI 10A,HIV-,0.001,0.0048
BAL,NP,8,+,-,+,-,DEI 10E,HIV-,0.001,0.0014
BAL,NP,8,+,-,+,-,DEI 10F,HIV-,0.001,0.0476
BAL,NP,8,+,-,+,-,DEI 10G,HIV-,0.06,0.0521
BAL,NP,8,+,-,+,-,DEI 10H,HIV-,0.001,0.0027
BAL,NP,8,+,-,+,-,DEI 10I,HIV-,0.03,0.1948
BAL,NP,8,+,-,+,-,DEI 10J,HIV+ART>1Yr,0.001,0.02
BAL,NP,8,+,-,+,-,DEI 10K,HIV+ART>1Yr,0.006,0.1053
BAL,NP,8,+,-,+,-,DEI 10L,HIV-,0.01,0.0299
BAL,NP,8,+,-,+,-,DEI 10M,HIV-,0.012,0.0529
BAL,NP,8,+,-,+,-,DEI 10N,HIV+ART>1Yr,0.002,0.0125
BAL,NP,8,+,-,+,-,DEI 10P,HIV+ART>1Yr,0.001,0.0023
BAL,NP,8,+,-,+,-,DEI 10Q,HIV-,0.01,0.0538
BAL,NP,8,+,-,+,-,DEI 10R,HIV+ART>1Yr,0.001,0.005
BAL,NP,8,+,-,+,-,DEI 10S,HIV-,0.001,0.003
BAL,NP,8,+,-,+,-,DEI 10T,HIV-,0.01,0.0046
BAL,NP,8,+,-,+,-,DEI 10U,HIV-,0.001,0.0833
BAL,NP,8,+,-,+,-,DEI 10V,HIV-,0.001,0.0833
BAL,NP,8,+,-,+,-,DEI 10W,HIV-,0.001,0.003
BAL,NP,8,+,-,+,-,DEI 10X,HIV-,0.001,0.0002
BAL,NP,8,+,-,+,-,DEI 10Y,HIV-,0.005,0.0015
BAL,NP,8,+,-,+,-,DEI 10Z,HIV+ART>1Yr,0.001,0.0002
BAL,NP,8,+,-,+,-,DEI 110,HIV-,0.04,0.0218
BAL,NP,8,+,-,+,-,DEI 111,HIV+ART>1Yr,0.001,0.0008
BAL,NP,8,+,-,+,-,DEI 112,HIV+ART>1Yr,0.001,0.0024
BAL,NP,8,+,-,+,-,DEI 113,HIV-,0.001,0.0018
BAL,NP,8,+,-,+,-,DEI 114,HIV+ART>1Yr,0.01,0.0205
BAL,NP,8,+,-,+,-,DEI 115,HIV+ART>1Yr,0.001,0.0027
BAL,NP,8,+,-,+,-,DEI 116,HIV+ART>1Yr,0.001,0.0014
BAL,NP,8,+,-,+,-,DEI 118,HIV+ART>1Yr,0.008,0.1667
BAL,NP,8,+,-,+,-,DEI 119,HIV+ART>1Yr,0.001,0.0003
BAL,NP,8,+,-,+,-,DEI 11A,HIV+ART>1Yr,0.001,0.0164
BAL,NP,8,+,-,+,-,DEI 11B,HIV-,0.001,0.0833
BAL,NP,8,+,-,+,-,DEI 11C,HIV+ART>1Yr,0.03,0.0244
BAL,NP,8,+,-,+,-,DEI 11D,HIV+ART>1Yr,0.05,0.0986
BAL,NP,8,+,-,+,-,DEI 11G,HIV+ART>1Yr,0.003,0.0361
BAL,NP,8,+,-,+,-,DEI 11I,HIV+ART>1Yr,0.001,0.0127
BAL,NP,8,+,-,+,-,DEI 11K,HIV-,0.06,0.1446
BAL,NP,8,+,-,+,-,DEI 11M,HIV+ART>1Yr,0.001,0.0083
BAL,NP,8,+,-,+,-,DEI 11N,HIV-,0.001,0.0476
BAL,NP,8,+,-,+,-,DEI 11P,HIV+ART>1Yr,0.02,0.2041
BAL,NP,8,+,-,+,-,DEI 11Q,HIV-,0.001,0.0526
BAL,NP,8,+,-,+,-,DEI 11R,HIV+ART>1Yr,0.01,0.0581
BAL,NP,8,+,-,+,-,DEI 11U,HIV-,0.001,0.0013
BAL,NP,8,+,-,+,-,DEI 11V,HIV-,0.001,0.0041
BAL,NP,8,+,-,+,-,DEI 11Y,HIV-,0.001,0.0476
BAL,NP,8,+,-,+,-,DEI 11Z,HIV-,0.001,0.0143
BAL,NP,8,+,-,+,-,DEI 13V,HIV-,0.001,0.0556
BAL,NP,8,+,-,+,-,DEI 13W,HIV-,0.001,0.0005
BAL,NP,8,+,-,+,-,DEI 141,HIV-,0.034,0.1027
BAL,NP,8,+,-,+,-,DEI 143,HIV-,0.001,0.0004
BAL,NP,8,+,-,-,+,DEI 107,HIV-,0.04,0.0356
BAL,NP,8,+,-,-,+,DEI 108,HIV-,0.001,0.0062
BAL,NP,8,+,-,-,+,DEI 109,HIV-,0.11,0.0848
BAL,NP,8,+,-,-,+,DEI 10A,HIV-,0.001,0.0048
BAL,NP,8,+,-,-,+,DEI 10E,HIV-,0.001,0.0014
BAL,NP,8,+,-,-,+,DEI 10F,HIV-,0.001,0.0476
BAL,NP,8,+,-,-,+,DEI 10G,HIV-,0.16,0.1389
BAL,NP,8,+,-,-,+,DEI 10H,HIV-,0.001,0.0027
BAL,NP,8,+,-,-,+,DEI 10I,HIV-,0.01,0.0649
BAL,NP,8,+,-,-,+,DEI 10J,HIV+ART>1Yr,0.03,0.6
BAL,NP,8,+,-,-,+,DEI 10K,HIV+ART>1Yr,0.001,0.0175
BAL,NP,8,+,-,-,+,DEI 10L,HIV-,0.001,0.003
BAL,NP,8,+,-,-,+,DEI 10M,HIV-,0.001,0.0044
BAL,NP,8,+,-,-,+,DEI 10N,HIV+ART>1Yr,0.001,0.0062
BAL,NP,8,+,-,-,+,DEI 10P,HIV+ART>1Yr,0.03,0.069
BAL,NP,8,+,-,-,+,DEI 10Q,HIV-,0.001,0.0054
BAL,NP,8,+,-,-,+,DEI 10R,HIV+ART>1Yr,0.001,0.005
BAL,NP,8,+,-,-,+,DEI 10S,HIV-,0.001,0.003
BAL,NP,8,+,-,-,+,DEI 10T,HIV-,0.04,0.0186
BAL,NP,8,+,-,-,+,DEI 10U,HIV-,0.001,0.0833
BAL,NP,8,+,-,-,+,DEI 10V,HIV-,0.001,0.0833
BAL,NP,8,+,-,-,+,DEI 10W,HIV-,0.03,0.0901
BAL,NP,8,+,-,-,+,DEI 10X,HIV-,0.01,0.0024
BAL,NP,8,+,-,-,+,DEI 10Y,HIV-,0.07,0.0211
BAL,NP,8,+,-,-,+,DEI 10Z,HIV+ART>1Yr,0.001,0.0002
BAL,NP,8,+,-,-,+,DEI 110,HIV-,0.001,0.0005
BAL,NP,8,+,-,-,+,DEI 111,HIV+ART>1Yr,0.001,0.0008
BAL,NP,8,+,-,-,+,DEI 112,HIV+ART>1Yr,0.001,0.0024
BAL,NP,8,+,-,-,+,DEI 113,HIV-,0.001,0.0018
BAL,NP,8,+,-,-,+,DEI 114,HIV+ART>1Yr,0.001,0.0021
BAL,NP,8,+,-,-,+,DEI 115,HIV+ART>1Yr,0.01,0.0273
BAL,NP,8,+,-,-,+,DEI 116,HIV+ART>1Yr,0.03,0.0411
BAL,NP,8,+,-,-,+,DEI 118,HIV+ART>1Yr,0.001,0.0208
BAL,NP,8,+,-,-,+,DEI 119,HIV+ART>1Yr,0.001,0.0003
BAL,NP,8,+,-,-,+,DEI 11A,HIV+ART>1Yr,0.001,0.0164
BAL,NP,8,+,-,-,+,DEI 11B,HIV-,0.001,0.0833
BAL,NP,8,+,-,-,+,DEI 11C,HIV+ART>1Yr,0.06,0.0487
BAL,NP,8,+,-,-,+,DEI 11D,HIV+ART>1Yr,0.001,0.002
BAL,NP,8,+,-,-,+,DEI 11G,HIV+ART>1Yr,0.015,0.1807
BAL,NP,8,+,-,-,+,DEI 11I,HIV+ART>1Yr,0.001,0.0127
BAL,NP,8,+,-,-,+,DEI 11K,HIV-,0.08,0.1928
BAL,NP,8,+,-,-,+,DEI 11M,HIV+ART>1Yr,0.001,0.0083
BAL,NP,8,+,-,-,+,DEI 11N,HIV-,0.001,0.0476
BAL,NP,8,+,-,-,+,DEI 11P,HIV+ART>1Yr,0.03,0.3061
BAL,NP,8,+,-,-,+,DEI 11Q,HIV-,0.001,0.0526
BAL,NP,8,+,-,-,+,DEI 11R,HIV+ART>1Yr,0.02,0.1163
BAL,NP,8,+,-,-,+,DEI 11U,HIV-,0.001,0.0013
BAL,NP,8,+,-,-,+,DEI 11V,HIV-,0.02,0.0816
BAL,NP,8,+,-,-,+,DEI 11Y,HIV-,0.01,0.4762
BAL,NP,8,+,-,-,+,DEI 11Z,HIV-,0.001,0.0143
BAL,NP,8,+,-,-,+,DEI 13V,HIV-,0.007,0.3889
BAL,NP,8,+,-,-,+,DEI 13W,HIV-,0.64,0.3219
BAL,NP,8,+,-,-,+,DEI 141,HIV-,0.024,0.0725
BAL,NP,8,+,-,-,+,DEI 143,HIV-,0.001,0.0004
BAL,NP,8,-,+,+,+,DEI 107,HIV-,0.17,0.1512
BAL,NP,8,-,+,+,+,DEI 108,HIV-,0.001,0.0062
BAL,NP,8,-,+,+,+,DEI 109,HIV-,0.06,0.0463
BAL,NP,8,-,+,+,+,DEI 10A,HIV-,0.001,0.0048
BAL,NP,8,-,+,+,+,DEI 10E,HIV-,0.001,0.0014
BAL,NP,8,-,+,+,+,DEI 10F,HIV-,0.001,0.0476
BAL,NP,8,-,+,+,+,DEI 10G,HIV-,0.02,0.0174
BAL,NP,8,-,+,+,+,DEI 10H,HIV-,0.04,0.1087
BAL,NP,8,-,+,+,+,DEI 10I,HIV-,0.01,0.0649
BAL,NP,8,-,+,+,+,DEI 10J,HIV+ART>1Yr,0.001,0.02
BAL,NP,8,-,+,+,+,DEI 10K,HIV+ART>1Yr,0.01,0.1754
BAL,NP,8,-,+,+,+,DEI 10L,HIV-,0.03,0.0896
BAL,NP,8,-,+,+,+,DEI 10M,HIV-,0.001,0.0044
BAL,NP,8,-,+,+,+,DEI 10N,HIV+ART>1Yr,0.01,0.0625
BAL,NP,8,-,+,+,+,DEI 10P,HIV+ART>1Yr,0.03,0.069
BAL,NP,8,-,+,+,+,DEI 10Q,HIV-,0.02,0.1075
BAL,NP,8,-,+,+,+,DEI 10R,HIV+ART>1Yr,0.001,0.005
BAL,NP,8,-,+,+,+,DEI 10S,HIV-,0.03,0.089
BAL,NP,8,-,+,+,+,DEI 10T,HIV-,0.04,0.0186
BAL,NP,8,-,+,+,+,DEI 10U,HIV-,0.001,0.0833
BAL,NP,8,-,+,+,+,DEI 10V,HIV-,0.001,0.0833
BAL,NP,8,-,+,+,+,DEI 10W,HIV-,0.001,0.003
BAL,NP,8,-,+,+,+,DEI 10X,HIV-,0.37,0.087
BAL,NP,8,-,+,+,+,DEI 10Y,HIV-,0.16,0.0483
BAL,NP,8,-,+,+,+,DEI 10Z,HIV+ART>1Yr,0.7,0.1561
BAL,NP,8,-,+,+,+,DEI 110,HIV-,0.14,0.0764
BAL,NP,8,-,+,+,+,DEI 111,HIV+ART>1Yr,0.001,0.0008
BAL,NP,8,-,+,+,+,DEI 112,HIV+ART>1Yr,0.01,0.0235
BAL,NP,8,-,+,+,+,DEI 113,HIV-,0.001,0.0018
BAL,NP,8,-,+,+,+,DEI 114,HIV+ART>1Yr,0.001,0.0021
BAL,NP,8,-,+,+,+,DEI 115,HIV+ART>1Yr,0.06,0.1639
BAL,NP,8,-,+,+,+,DEI 116,HIV+ART>1Yr,0.3,0.411
BAL,NP,8,-,+,+,+,DEI 118,HIV+ART>1Yr,0.001,0.0208
BAL,NP,8,-,+,+,+,DEI 119,HIV+ART>1Yr,2.3,0.7912
BAL,NP,8,-,+,+,+,DEI 11A,HIV+ART>1Yr,0.01,0.1639
BAL,NP,8,-,+,+,+,DEI 11B,HIV-,0.001,0.0833
BAL,NP,8,-,+,+,+,DEI 11C,HIV+ART>1Yr,0.14,0.1137
BAL,NP,8,-,+,+,+,DEI 11D,HIV+ART>1Yr,0.1,0.1972
BAL,NP,8,-,+,+,+,DEI 11G,HIV+ART>1Yr,0.001,0.012
BAL,NP,8,-,+,+,+,DEI 11I,HIV+ART>1Yr,0.001,0.0127
BAL,NP,8,-,+,+,+,DEI 11K,HIV-,0.001,0.0024
BAL,NP,8,-,+,+,+,DEI 11M,HIV+ART>1Yr,0.001,0.0083
BAL,NP,8,-,+,+,+,DEI 11N,HIV-,0.001,0.0476
BAL,NP,8,-,+,+,+,DEI 11P,HIV+ART>1Yr,0.001,0.0102
BAL,NP,8,-,+,+,+,DEI 11Q,HIV-,0.001,0.0526
BAL,NP,8,-,+,+,+,DEI 11R,HIV+ART>1Yr,0.021,0.1221
BAL,NP,8,-,+,+,+,DEI 11U,HIV-,0.001,0.0013
BAL,NP,8,-,+,+,+,DEI 11V,HIV-,0.04,0.1633
BAL,NP,8,-,+,+,+,DEI 11Y,HIV-,0.001,0.0476
BAL,NP,8,-,+,+,+,DEI 11Z,HIV-,0.001,0.0143
BAL,NP,8,-,+,+,+,DEI 13V,HIV-,0.001,0.0556
BAL,NP,8,-,+,+,+,DEI 13W,HIV-,0.001,0.0005
BAL,NP,8,-,+,+,+,DEI 141,HIV-,0.05,0.1511
BAL,NP,8,-,+,+,+,DEI 143,HIV-,0.21,0.0751
BAL,NP,8,-,+,+,-,DEI 107,HIV-,0.59,0.5249
BAL,NP,8,-,+,+,-,DEI 108,HIV-,0.001,0.0062
BAL,NP,8,-,+,+,-,DEI 109,HIV-,0.001,0.0008
BAL,NP,8,-,+,+,-,DEI 10A,HIV-,0.12,0.5714
BAL,NP,8,-,+,+,-,DEI 10E,HIV-,0.04,0.0557
BAL,NP,8,-,+,+,-,DEI 10F,HIV-,0.001,0.0476
BAL,NP,8,-,+,+,-,DEI 10G,HIV-,0.1,0.0868
BAL,NP,8,-,+,+,-,DEI 10H,HIV-,0.001,0.0027
BAL,NP,8,-,+,+,-,DEI 10I,HIV-,0.01,0.0649
BAL,NP,8,-,+,+,-,DEI 10J,HIV+ART>1Yr,0.001,0.02
BAL,NP,8,-,+,+,-,DEI 10K,HIV+ART>1Yr,0.001,0.0175
BAL,NP,8,-,+,+,-,DEI 10L,HIV-,0.001,0.003
BAL,NP,8,-,+,+,-,DEI 10M,HIV-,0.001,0.0044
BAL,NP,8,-,+,+,-,DEI 10N,HIV+ART>1Yr,0.02,0.125
BAL,NP,8,-,+,+,-,DEI 10P,HIV+ART>1Yr,0.001,0.0023
BAL,NP,8,-,+,+,-,DEI 10Q,HIV-,0.001,0.0054
BAL,NP,8,-,+,+,-,DEI 10R,HIV+ART>1Yr,0.001,0.005
BAL,NP,8,-,+,+,-,DEI 10S,HIV-,0.16,0.4748
BAL,NP,8,-,+,+,-,DEI 10T,HIV-,0.001,0.0005
BAL,NP,8,-,+,+,-,DEI 10U,HIV-,0.001,0.0833
BAL,NP,8,-,+,+,-,DEI 10V,HIV-,0.001,0.0833
BAL,NP,8,-,+,+,-,DEI 10W,HIV-,0.07,0.2102
BAL,NP,8,-,+,+,-,DEI 10X,HIV-,0.001,0.0002
BAL,NP,8,-,+,+,-,DEI 10Y,HIV-,0.05,0.0151
BAL,NP,8,-,+,+,-,DEI 10Z,HIV+ART>1Yr,0.05,0.0111
BAL,NP,8,-,+,+,-,DEI 110,HIV-,0.47,0.2566
BAL,NP,8,-,+,+,-,DEI 111,HIV+ART>1Yr,0.001,0.0008
BAL,NP,8,-,+,+,-,DEI 112,HIV+ART>1Yr,0.07,0.1647
BAL,NP,8,-,+,+,-,DEI 113,HIV-,0.001,0.0018
BAL,NP,8,-,+,+,-,DEI 114,HIV+ART>1Yr,0.02,0.0411
BAL,NP,8,-,+,+,-,DEI 115,HIV+ART>1Yr,0.001,0.0027
BAL,NP,8,-,+,+,-,DEI 116,HIV+ART>1Yr,0.001,0.0014
BAL,NP,8,-,+,+,-,DEI 118,HIV+ART>1Yr,0.001,0.0208
BAL,NP,8,-,+,+,-,DEI 119,HIV+ART>1Yr,0.001,0.0003
BAL,NP,8,-,+,+,-,DEI 11A,HIV+ART>1Yr,0.001,0.0164
BAL,NP,8,-,+,+,-,DEI 11B,HIV-,0.001,0.0833
BAL,NP,8,-,+,+,-,DEI 11C,HIV+ART>1Yr,0.12,0.0975
BAL,NP,8,-,+,+,-,DEI 11D,HIV+ART>1Yr,0.001,0.002
BAL,NP,8,-,+,+,-,DEI 11G,HIV+ART>1Yr,0.001,0.012
BAL,NP,8,-,+,+,-,DEI 11I,HIV+ART>1Yr,0.001,0.0127
BAL,NP,8,-,+,+,-,DEI 11K,HIV-,0.001,0.0024
BAL,NP,8,-,+,+,-,DEI 11M,HIV+ART>1Yr,0.001,0.0083
BAL,NP,8,-,+,+,-,DEI 11N,HIV-,0.001,0.0476
BAL,NP,8,-,+,+,-,DEI 11P,HIV+ART>1Yr,0.001,0.0102
BAL,NP,8,-,+,+,-,DEI 11Q,HIV-,0.001,0.0526
BAL,NP,8,-,+,+,-,DEI 11R,HIV+ART>1Yr,0.001,0.0058
BAL,NP,8,-,+,+,-,DEI 11U,HIV-,0.001,0.0013
BAL,NP,8,-,+,+,-,DEI 11V,HIV-,0.001,0.0041
BAL,NP,8,-,+,+,-,DEI 11Y,HIV-,0.001,0.0476
BAL,NP,8,-,+,+,-,DEI 11Z,HIV-,0.001,0.0143
BAL,NP,8,-,+,+,-,DEI 13V,HIV-,0.001,0.0556
BAL,NP,8,-,+,+,-,DEI 13W,HIV-,0.001,0.0005
BAL,NP,8,-,+,+,-,DEI 141,HIV-,0.001,0.003
BAL,NP,8,-,+,+,-,DEI 143,HIV-,0.02,0.0072
BAL,NP,8,-,+,-,+,DEI 107,HIV-,0.001,0.0009
BAL,NP,8,-,+,-,+,DEI 108,HIV-,0.001,0.0062
BAL,NP,8,-,+,-,+,DEI 109,HIV-,0.001,0.0008
BAL,NP,8,-,+,-,+,DEI 10A,HIV-,0.001,0.0048
BAL,NP,8,-,+,-,+,DEI 10E,HIV-,0.001,0.0014
BAL,NP,8,-,+,-,+,DEI 10F,HIV-,0.001,0.0476
BAL,NP,8,-,+,-,+,DEI 10G,HIV-,0.24,0.2083
BAL,NP,8,-,+,-,+,DEI 10H,HIV-,0.001,0.0027
BAL,NP,8,-,+,-,+,DEI 10I,HIV-,0.001,0.0065
BAL,NP,8,-,+,-,+,DEI 10J,HIV+ART>1Yr,0.001,0.02
BAL,NP,8,-,+,-,+,DEI 10K,HIV+ART>1Yr,0.001,0.0175
BAL,NP,8,-,+,-,+,DEI 10L,HIV-,0.001,0.003
BAL,NP,8,-,+,-,+,DEI 10M,HIV-,0.07,0.3084
BAL,NP,8,-,+,-,+,DEI 10N,HIV+ART>1Yr,0.001,0.0062
BAL,NP,8,-,+,-,+,DEI 10P,HIV+ART>1Yr,0.06,0.1379
BAL,NP,8,-,+,-,+,DEI 10Q,HIV-,0.04,0.2151
BAL,NP,8,-,+,-,+,DEI 10R,HIV+ART>1Yr,0.16,0.804
BAL,NP,8,-,+,-,+,DEI 10S,HIV-,0.001,0.003
BAL,NP,8,-,+,-,+,DEI 10T,HIV-,0.09,0.0417
BAL,NP,8,-,+,-,+,DEI 10U,HIV-,0.001,0.0833
BAL,NP,8,-,+,-,+,DEI 10V,HIV-,0.001,0.0833
BAL,NP,8,-,+,-,+,DEI 10W,HIV-,0.001,0.003
BAL,NP,8,-,+,-,+,DEI 10X,HIV-,0.03,0.0071
BAL,NP,8,-,+,-,+,DEI 10Y,HIV-,0.29,0.0876
BAL,NP,8,-,+,-,+,DEI 10Z,HIV+ART>1Yr,0.001,0.0002
BAL,NP,8,-,+,-,+,DEI 110,HIV-,0.06,0.0328
BAL,NP,8,-,+,-,+,DEI 111,HIV+ART>1Yr,0.001,0.0008
BAL,NP,8,-,+,-,+,DEI 112,HIV+ART>1Yr,0.001,0.0024
BAL,NP,8,-,+,-,+,DEI 113,HIV-,0.001,0.0018
BAL,NP,8,-,+,-,+,DEI 114,HIV+ART>1Yr,0.001,0.0021
BAL,NP,8,-,+,-,+,DEI 115,HIV+ART>1Yr,0.001,0.0027
BAL,NP,8,-,+,-,+,DEI 116,HIV+ART>1Yr,0.08,0.1096
BAL,NP,8,-,+,-,+,DEI 118,HIV+ART>1Yr,0.01,0.2083
BAL,NP,8,-,+,-,+,DEI 119,HIV+ART>1Yr,0.22,0.0757
BAL,NP,8,-,+,-,+,DEI 11A,HIV+ART>1Yr,0.001,0.0164
BAL,NP,8,-,+,-,+,DEI 11B,HIV-,0.001,0.0833
BAL,NP,8,-,+,-,+,DEI 11C,HIV+ART>1Yr,0.02,0.0162
BAL,NP,8,-,+,-,+,DEI 11D,HIV+ART>1Yr,0.001,0.002
BAL,NP,8,-,+,-,+,DEI 11G,HIV+ART>1Yr,0.001,0.012
BAL,NP,8,-,+,-,+,DEI 11I,HIV+ART>1Yr,0.001,0.0127
BAL,NP,8,-,+,-,+,DEI 11K,HIV-,0.13,0.3133
BAL,NP,8,-,+,-,+,DEI 11M,HIV+ART>1Yr,0.001,0.0083
BAL,NP,8,-,+,-,+,DEI 11N,HIV-,0.001,0.0476
BAL,NP,8,-,+,-,+,DEI 11P,HIV+ART>1Yr,0.001,0.0102
BAL,NP,8,-,+,-,+,DEI 11Q,HIV-,0.001,0.0526
BAL,NP,8,-,+,-,+,DEI 11R,HIV+ART>1Yr,0.001,0.0058
BAL,NP,8,-,+,-,+,DEI 11U,HIV-,0.35,0.4436
BAL,NP,8,-,+,-,+,DEI 11V,HIV-,0.001,0.0041
BAL,NP,8,-,+,-,+,DEI 11Y,HIV-,0.001,0.0476
BAL,NP,8,-,+,-,+,DEI 11Z,HIV-,0.03,0.4286
BAL,NP,8,-,+,-,+,DEI 13V,HIV-,0.001,0.0556
BAL,NP,8,-,+,-,+,DEI 13W,HIV-,0.1,0.0503
BAL,NP,8,-,+,-,+,DEI 141,HIV-,0.07,0.2115
BAL,NP,8,-,+,-,+,DEI 143,HIV-,0.12,0.0429
BAL,NP,8,-,-,+,+,DEI 107,HIV-,0.03,0.0267
BAL,NP,8,-,-,+,+,DEI 108,HIV-,0.05,0.3106
BAL,NP,8,-,-,+,+,DEI 109,HIV-,0.001,0.0008
BAL,NP,8,-,-,+,+,DEI 10A,HIV-,0.001,0.0048
BAL,NP,8,-,-,+,+,DEI 10E,HIV-,0.001,0.0014
BAL,NP,8,-,-,+,+,DEI 10F,HIV-,0.001,0.0476
BAL,NP,8,-,-,+,+,DEI 10G,HIV-,0.04,0.0347
BAL,NP,8,-,-,+,+,DEI 10H,HIV-,0.031,0.0842
BAL,NP,8,-,-,+,+,DEI 10I,HIV-,0.001,0.0065
BAL,NP,8,-,-,+,+,DEI 10J,HIV+ART>1Yr,0.001,0.02
BAL,NP,8,-,-,+,+,DEI 10K,HIV+ART>1Yr,0.001,0.0175
BAL,NP,8,-,-,+,+,DEI 10L,HIV-,0.01,0.0299
BAL,NP,8,-,-,+,+,DEI 10M,HIV-,0.007,0.0308
BAL,NP,8,-,-,+,+,DEI 10N,HIV+ART>1Yr,0.004,0.025
BAL,NP,8,-,-,+,+,DEI 10P,HIV+ART>1Yr,0.01,0.023
BAL,NP,8,-,-,+,+,DEI 10Q,HIV-,0.001,0.0054
BAL,NP,8,-,-,+,+,DEI 10R,HIV+ART>1Yr,0.02,0.1005
BAL,NP,8,-,-,+,+,DEI 10S,HIV-,0.001,0.003
BAL,NP,8,-,-,+,+,DEI 10T,HIV-,0.02,0.0093
BAL,NP,8,-,-,+,+,DEI 10U,HIV-,0.001,0.0833
BAL,NP,8,-,-,+,+,DEI 10V,HIV-,0.001,0.0833
BAL,NP,8,-,-,+,+,DEI 10W,HIV-,0.024,0.0721
BAL,NP,8,-,-,+,+,DEI 10X,HIV-,0.07,0.0165
BAL,NP,8,-,-,+,+,DEI 10Y,HIV-,0.001,0.0003
BAL,NP,8,-,-,+,+,DEI 10Z,HIV+ART>1Yr,0.45,0.1003
BAL,NP,8,-,-,+,+,DEI 110,HIV-,0.07,0.0382
BAL,NP,8,-,-,+,+,DEI 111,HIV+ART>1Yr,1.2,0.9909
BAL,NP,8,-,-,+,+,DEI 112,HIV+ART>1Yr,0.01,0.0235
BAL,NP,8,-,-,+,+,DEI 113,HIV-,0.001,0.0018
BAL,NP,8,-,-,+,+,DEI 114,HIV+ART>1Yr,0.001,0.0021
BAL,NP,8,-,-,+,+,DEI 115,HIV+ART>1Yr,0.01,0.0273
BAL,NP,8,-,-,+,+,DEI 116,HIV+ART>1Yr,0.21,0.2877
BAL,NP,8,-,-,+,+,DEI 118,HIV+ART>1Yr,0.001,0.0208
BAL,NP,8,-,-,+,+,DEI 119,HIV+ART>1Yr,0.04,0.0138
BAL,NP,8,-,-,+,+,DEI 11A,HIV+ART>1Yr,0.003,0.0492
BAL,NP,8,-,-,+,+,DEI 11B,HIV-,0.001,0.0833
BAL,NP,8,-,-,+,+,DEI 11C,HIV+ART>1Yr,0.05,0.0406
BAL,NP,8,-,-,+,+,DEI 11D,HIV+ART>1Yr,0.001,0.002
BAL,NP,8,-,-,+,+,DEI 11G,HIV+ART>1Yr,0.006,0.0723
BAL,NP,8,-,-,+,+,DEI 11I,HIV+ART>1Yr,0.001,0.0127
BAL,NP,8,-,-,+,+,DEI 11K,HIV-,0.001,0.0024
BAL,NP,8,-,-,+,+,DEI 11M,HIV+ART>1Yr,0.001,0.0083
BAL,NP,8,-,-,+,+,DEI 11N,HIV-,0.001,0.0476
BAL,NP,8,-,-,+,+,DEI 11P,HIV+ART>1Yr,0.02,0.2041
BAL,NP,8,-,-,+,+,DEI 11Q,HIV-,0.001,0.0526
BAL,NP,8,-,-,+,+,DEI 11R,HIV+ART>1Yr,0.005,0.0291
BAL,NP,8,-,-,+,+,DEI 11U,HIV-,0.001,0.0013
BAL,NP,8,-,-,+,+,DEI 11V,HIV-,0.04,0.1633
BAL,NP,8,-,-,+,+,DEI 11Y,HIV-,0.001,0.0476
BAL,NP,8,-,-,+,+,DEI 11Z,HIV-,0.001,0.0143
BAL,NP,8,-,-,+,+,DEI 13V,HIV-,0.001,0.0556
BAL,NP,8,-,-,+,+,DEI 13W,HIV-,0.001,0.0005
BAL,NP,8,-,-,+,+,DEI 141,HIV-,0.001,0.003
BAL,NP,8,-,-,+,+,DEI 143,HIV-,0.001,0.0004
BAL,NP,8,-,-,+,-,DEI 107,HIV-,0.001,0.0009
BAL,NP,8,-,-,+,-,DEI 108,HIV-,0.01,0.0621
BAL,NP,8,-,-,+,-,DEI 109,HIV-,0.11,0.0848
BAL,NP,8,-,-,+,-,DEI 10A,HIV-,0.001,0.0048
BAL,NP,8,-,-,+,-,DEI 10E,HIV-,0.001,0.0014
BAL,NP,8,-,-,+,-,DEI 10F,HIV-,0.01,0.4762
BAL,NP,8,-,-,+,-,DEI 10G,HIV-,0.001,0.0009
BAL,NP,8,-,-,+,-,DEI 10H,HIV-,0.02,0.0543
BAL,NP,8,-,-,+,-,DEI 10I,HIV-,0.001,0.0065
BAL,NP,8,-,-,+,-,DEI 10J,HIV+ART>1Yr,0.001,0.02
BAL,NP,8,-,-,+,-,DEI 10K,HIV+ART>1Yr,0.002,0.0351
BAL,NP,8,-,-,+,-,DEI 10L,HIV-,0.001,0.003
BAL,NP,8,-,-,+,-,DEI 10M,HIV-,0.012,0.0529
BAL,NP,8,-,-,+,-,DEI 10N,HIV+ART>1Yr,0.01,0.0625
BAL,NP,8,-,-,+,-,DEI 10P,HIV+ART>1Yr,0.001,0.0023
BAL,NP,8,-,-,+,-,DEI 10Q,HIV-,0.001,0.0054
BAL,NP,8,-,-,+,-,DEI 10R,HIV+ART>1Yr,0.001,0.005
BAL,NP,8,-,-,+,-,DEI 10S,HIV-,0.1,0.2967
BAL,NP,8,-,-,+,-,DEI 10T,HIV-,0.001,0.0005
BAL,NP,8,-,-,+,-,DEI 10U,HIV-,0.001,0.0833
BAL,NP,8,-,-,+,-,DEI 10V,HIV-,0.001,0.0833
BAL,NP,8,-,-,+,-,DEI 10W,HIV-,0.001,0.003
BAL,NP,8,-,-,+,-,DEI 10X,HIV-,0.001,0.0002
BAL,NP,8,-,-,+,-,DEI 10Y,HIV-,0.001,0.0003
BAL,NP,8,-,-,+,-,DEI 10Z,HIV+ART>1Yr,0.001,0.0002
BAL,NP,8,-,-,+,-,DEI 110,HIV-,0.01,0.0055
BAL,NP,8,-,-,+,-,DEI 111,HIV+ART>1Yr,0.001,0.0008
BAL,NP,8,-,-,+,-,DEI 112,HIV+ART>1Yr,0.01,0.0235
BAL,NP,8,-,-,+,-,DEI 113,HIV-,0.001,0.0018
BAL,NP,8,-,-,+,-,DEI 114,HIV+ART>1Yr,0.001,0.0021
BAL,NP,8,-,-,+,-,DEI 115,HIV+ART>1Yr,0.08,0.2186
BAL,NP,8,-,-,+,-,DEI 116,HIV+ART>1Yr,0.001,0.0014
BAL,NP,8,-,-,+,-,DEI 118,HIV+ART>1Yr,0.002,0.0417
BAL,NP,8,-,-,+,-,DEI 119,HIV+ART>1Yr,0.001,0.0003
BAL,NP,8,-,-,+,-,DEI 11A,HIV+ART>1Yr,0.001,0.0164
BAL,NP,8,-,-,+,-,DEI 11B,HIV-,0.001,0.0833
BAL,NP,8,-,-,+,-,DEI 11C,HIV+ART>1Yr,0.11,0.0894
BAL,NP,8,-,-,+,-,DEI 11D,HIV+ART>1Yr,0.24,0.4734
BAL,NP,8,-,-,+,-,DEI 11G,HIV+ART>1Yr,0.001,0.012
BAL,NP,8,-,-,+,-,DEI 11I,HIV+ART>1Yr,0.001,0.0127
BAL,NP,8,-,-,+,-,DEI 11K,HIV-,0.05,0.1205
BAL,NP,8,-,-,+,-,DEI 11M,HIV+ART>1Yr,0.001,0.0083
BAL,NP,8,-,-,+,-,DEI 11N,HIV-,0.001,0.0476
BAL,NP,8,-,-,+,-,DEI 11P,HIV+ART>1Yr,0.001,0.0102
BAL,NP,8,-,-,+,-,DEI 11Q,HIV-,0.001,0.0526
BAL,NP,8,-,-,+,-,DEI 11R,HIV+ART>1Yr,0.001,0.0058
BAL,NP,8,-,-,+,-,DEI 11U,HIV-,0.001,0.0013
BAL,NP,8,-,-,+,-,DEI 11V,HIV-,0.03,0.1224
BAL,NP,8,-,-,+,-,DEI 11Y,HIV-,0.001,0.0476
BAL,NP,8,-,-,+,-,DEI 11Z,HIV-,0.001,0.0143
BAL,NP,8,-,-,+,-,DEI 13V,HIV-,0.001,0.0556
BAL,NP,8,-,-,+,-,DEI 13W,HIV-,0.001,0.0005
BAL,NP,8,-,-,+,-,DEI 141,HIV-,0.01,0.0302
BAL,NP,8,-,-,+,-,DEI 143,HIV-,0.001,0.0004
BAL,NP,8,-,-,-,+,DEI 107,HIV-,0.05,0.0445
BAL,NP,8,-,-,-,+,DEI 108,HIV-,0.001,0.0062
BAL,NP,8,-,-,-,+,DEI 109,HIV-,0.001,0.0008
BAL,NP,8,-,-,-,+,DEI 10A,HIV-,0.001,0.0048
BAL,NP,8,-,-,-,+,DEI 10E,HIV-,0.001,0.0014
BAL,NP,8,-,-,-,+,DEI 10F,HIV-,0.001,0.0476
BAL,NP,8,-,-,-,+,DEI 10G,HIV-,0.05,0.0434
BAL,NP,8,-,-,-,+,DEI 10H,HIV-,0.001,0.0027
BAL,NP,8,-,-,-,+,DEI 10I,HIV-,0.001,0.0065
BAL,NP,8,-,-,-,+,DEI 10J,HIV+ART>1Yr,0.001,0.02
BAL,NP,8,-,-,-,+,DEI 10K,HIV+ART>1Yr,0.01,0.1754
BAL,NP,8,-,-,-,+,DEI 10L,HIV-,0.01,0.0299
BAL,NP,8,-,-,-,+,DEI 10M,HIV-,0.001,0.0044
BAL,NP,8,-,-,-,+,DEI 10N,HIV+ART>1Yr,0.001,0.0062
BAL,NP,8,-,-,-,+,DEI 10P,HIV+ART>1Yr,0.001,0.0023
BAL,NP,8,-,-,-,+,DEI 10Q,HIV-,0.02,0.1075
BAL,NP,8,-,-,-,+,DEI 10R,HIV+ART>1Yr,0.001,0.005
BAL,NP,8,-,-,-,+,DEI 10S,HIV-,0.001,0.003
BAL,NP,8,-,-,-,+,DEI 10T,HIV-,0.001,0.0005
BAL,NP,8,-,-,-,+,DEI 10U,HIV-,0.001,0.0833
BAL,NP,8,-,-,-,+,DEI 10V,HIV-,0.001,0.0833
BAL,NP,8,-,-,-,+,DEI 10W,HIV-,0.001,0.003
BAL,NP,8,-,-,-,+,DEI 10X,HIV-,0.04,0.0094
BAL,NP,8,-,-,-,+,DEI 10Y,HIV-,0.11,0.0332
BAL,NP,8,-,-,-,+,DEI 10Z,HIV+ART>1Yr,0.5,0.1115
BAL,NP,8,-,-,-,+,DEI 110,HIV-,0.11,0.06
BAL,NP,8,-,-,-,+,DEI 111,HIV+ART>1Yr,0.001,0.0008
BAL,NP,8,-,-,-,+,DEI 112,HIV+ART>1Yr,0.01,0.0235
BAL,NP,8,-,-,-,+,DEI 113,HIV-,0.06,0.1053
BAL,NP,8,-,-,-,+,DEI 114,HIV+ART>1Yr,0.001,0.0021
BAL,NP,8,-,-,-,+,DEI 115,HIV+ART>1Yr,0.01,0.0273
BAL,NP,8,-,-,-,+,DEI 116,HIV+ART>1Yr,0.001,0.0014
BAL,NP,8,-,-,-,+,DEI 118,HIV+ART>1Yr,0.001,0.0208
BAL,NP,8,-,-,-,+,DEI 119,HIV+ART>1Yr,0.08,0.0275
BAL,NP,8,-,-,-,+,DEI 11A,HIV+ART>1Yr,0.001,0.0164
BAL,NP,8,-,-,-,+,DEI 11B,HIV-,0.001,0.0833
BAL,NP,8,-,-,-,+,DEI 11C,HIV+ART>1Yr,0.22,0.1787
BAL,NP,8,-,-,-,+,DEI 11D,HIV+ART>1Yr,0.001,0.002
BAL,NP,8,-,-,-,+,DEI 11G,HIV+ART>1Yr,0.001,0.012
BAL,NP,8,-,-,-,+,DEI 11I,HIV+ART>1Yr,0.01,0.1266
BAL,NP,8,-,-,-,+,DEI 11K,HIV-,0.06,0.1446
BAL,NP,8,-,-,-,+,DEI 11M,HIV+ART>1Yr,0.02,0.1667
BAL,NP,8,-,-,-,+,DEI 11N,HIV-,0.01,0.4762
BAL,NP,8,-,-,-,+,DEI 11P,HIV+ART>1Yr,0.02,0.2041
BAL,NP,8,-,-,-,+,DEI 11Q,HIV-,0.001,0.0526
BAL,NP,8,-,-,-,+,DEI 11R,HIV+ART>1Yr,0.001,0.0058
BAL,NP,8,-,-,-,+,DEI 11U,HIV-,0.001,0.0013
BAL,NP,8,-,-,-,+,DEI 11V,HIV-,0.02,0.0816
BAL,NP,8,-,-,-,+,DEI 11Y,HIV-,0.001,0.0476
BAL,NP,8,-,-,-,+,DEI 11Z,HIV-,0.021,0.3
BAL,NP,8,-,-,-,+,DEI 13V,HIV-,0.001,0.0556
BAL,NP,8,-,-,-,+,DEI 13W,HIV-,0.001,0.0005
BAL,NP,8,-,-,-,+,DEI 141,HIV-,0.04,0.1208
BAL,NP,8,-,-,-,+,DEI 143,HIV-,0.001,0.0004
BLOOD,PMA/Iono,4,+,+,+,+,DEI 103,HIV-,0.03,0.003
BLOOD,PMA/Iono,4,+,+,+,+,DEI 104,HIV-,0.06,0.0024
BLOOD,PMA/Iono,4,+,+,+,+,DEI 105,HIV-,0.069,0.0015
BLOOD,PMA/Iono,4,+,+,+,+,DEI 106,HIV-,0.038,0.0006
BLOOD,PMA/Iono,4,+,+,+,+,DEI 107,HIV-,0.069,0.0014
BLOOD,PMA/Iono,4,+,+,+,+,DEI 108,HIV-,0.017,0.0004
BLOOD,PMA/Iono,4,+,+,+,+,DEI 109,HIV-,0.007,0.0001
BLOOD,PMA/Iono,4,+,+,+,+,DEI 10A,HIV-,0.045,0.0008
BLOOD,PMA/Iono,4,+,+,+,+,DEI 10B,HIV-,0.148,0.0018
BLOOD,PMA/Iono,4,+,+,+,+,DEI 10C,HIV-,0.002,0
BLOOD,PMA/Iono,4,+,+,+,+,DEI 10D,HIV-,0.005,0.0001
BLOOD,PMA/Iono,4,+,+,+,+,DEI 10E,HIV-,0.629,0.0275
BLOOD,PMA/Iono,4,+,+,+,+,DEI 10F,HIV-,1.66,0.0381
BLOOD,PMA/Iono,4,+,+,+,+,DEI 10G,HIV-,0.006,0.0003
BLOOD,PMA/Iono,4,+,+,+,+,DEI 10H,HIV-,0.001,0
BLOOD,PMA/Iono,4,+,+,+,+,DEI 10I,HIV-,0.001,0
BLOOD,PMA/Iono,4,+,+,+,+,DEI 10J,HIV+ART>1Yr,0.03,0.0008
BLOOD,PMA/Iono,4,+,+,+,+,DEI 10K,HIV+ART>1Yr,0.07,0.0012
BLOOD,PMA/Iono,4,+,+,+,+,DEI 10L,HIV-,0.128,0.002
BLOOD,PMA/Iono,4,+,+,+,+,DEI 10M,HIV-,0.028,0.0007
BLOOD,PMA/Iono,4,+,+,+,+,DEI 10N,HIV+ART>1Yr,0.026,0.0004
BLOOD,PMA/Iono,4,+,+,+,+,DEI 10P,HIV+ART>1Yr,0.009,0.0002
BLOOD,PMA/Iono,4,+,+,+,+,DEI 10Q,HIV-,0.199,0.0046
BLOOD,PMA/Iono,4,+,+,+,+,DEI 10R,HIV+ART>1Yr,0.06,0.0023
BLOOD,PMA/Iono,4,+,+,+,+,DEI 10S,HIV-,0.04,0.0008
BLOOD,PMA/Iono,4,+,+,+,+,DEI 10T,HIV-,0.007,0.0002
BLOOD,PMA/Iono,4,+,+,+,+,DEI 10U,HIV-,0.002,0.0001
BLOOD,PMA/Iono,4,+,+,+,+,DEI 10V,HIV-,0.01,0.0007
BLOOD,PMA/Iono,4,+,+,+,+,DEI 10W,HIV-,0.003,0.0002
BLOOD,PMA/Iono,4,+,+,+,+,DEI 10X,HIV-,0.05,0.0011
BLOOD,PMA/Iono,4,+,+,+,+,DEI 10Y,HIV-,0.04,0.0011
BLOOD,PMA/Iono,4,+,+,+,+,DEI 10Z,HIV+ART>1Yr,0.039,0.0007
BLOOD,PMA/Iono,4,+,+,+,+,DEI 110,HIV-,0.007,0.0002
BLOOD,PMA/Iono,4,+,+,+,+,DEI 111,HIV+ART>1Yr,0.002,0
BLOOD,PMA/Iono,4,+,+,+,+,DEI 112,HIV+ART>1Yr,0.007,0.0001
BLOOD,PMA/Iono,4,+,+,+,+,DEI 113,HIV-,0.003,0.0002
BLOOD,PMA/Iono,4,+,+,+,+,DEI 114,HIV+ART>1Yr,0.13,0.0023
BLOOD,PMA/Iono,4,+,+,+,+,DEI 115,HIV+ART>1Yr,0.11,0.0024
BLOOD,PMA/Iono,4,+,+,+,+,DEI 117,HIV+ART>1Yr,0.12,0.0047
BLOOD,PMA/Iono,4,+,+,+,+,DEI 118,HIV+ART>1Yr,0.04,0.001
BLOOD,PMA/Iono,4,+,+,+,+,DEI 119,HIV+ART>1Yr,0.34,0.0069
BLOOD,PMA/Iono,4,+,+,+,+,DEI 11A,HIV+ART>1Yr,1.04,0.0174
BLOOD,PMA/Iono,4,+,+,+,+,DEI 11B,HIV-,0.006,0.0008
BLOOD,PMA/Iono,4,+,+,+,+,DEI 11C,HIV+ART>1Yr,0.001,0
BLOOD,PMA/Iono,4,+,+,+,+,DEI 11D,HIV+ART>1Yr,0.02,0.0005
BLOOD,PMA/Iono,4,+,+,+,+,DEI 11E,HIV+ART>1Yr,0.06,0.0008
BLOOD,PMA/Iono,4,+,+,+,+,DEI 11F,HIV+ART>1Yr,0.68,0.0134
BLOOD,PMA/Iono,4,+,+,+,+,DEI 11G,HIV+ART>1Yr,0.109,0.0022
BLOOD,PMA/Iono,4,+,+,+,+,DEI 11H,HIV-,0.03,0.0004
BLOOD,PMA/Iono,4,+,+,+,+,DEI 11I,HIV+ART>1Yr,0.008,0.0001
BLOOD,PMA/Iono,4,+,+,+,+,DEI 11J,HIV+ART>1Yr,0.13,0.004
BLOOD,PMA/Iono,4,+,+,+,+,DEI 11K,HIV-,0.119,0.0028
BLOOD,PMA/Iono,4,+,+,+,+,DEI 11M,HIV+ART>1Yr,0.001,0
BLOOD,PMA/Iono,4,+,+,+,+,DEI 11N,HIV-,0.001,0
BLOOD,PMA/Iono,4,+,+,+,+,DEI 11P,HIV+ART>1Yr,0.31,0.0046
BLOOD,PMA/Iono,4,+,+,+,+,DEI 11Q,HIV-,0.01,0.0003
BLOOD,PMA/Iono,4,+,+,+,+,DEI 11R,HIV+ART>1Yr,0.2,0.0053
BLOOD,PMA/Iono,4,+,+,+,+,DEI 11U,HIV-,0.006,0.0002
BLOOD,PMA/Iono,4,+,+,+,+,DEI 11V,HIV-,0.001,0
BLOOD,PMA/Iono,4,+,+,+,+,DEI 11Y,HIV-,0.009,0.0001
BLOOD,PMA/Iono,4,+,+,+,+,DEI 11Z,HIV-,0.329,0.0076
BLOOD,PMA/Iono,4,+,+,+,+,DEI 13V,HIV-,0.01,0.0003
BLOOD,PMA/Iono,4,+,+,+,+,DEI 13W,HIV-,0.001,0
BLOOD,PMA/Iono,4,+,+,+,+,DEI 141,HIV-,0.003,0
BLOOD,PMA/Iono,4,+,+,+,+,DEI 143,HIV-,0.008,0.0003
BLOOD,PMA/Iono,4,+,+,+,-,DEI 103,HIV-,0.001,0.0001
BLOOD,PMA/Iono,4,+,+,+,-,DEI 104,HIV-,0.01,0.0004
BLOOD,PMA/Iono,4,+,+,+,-,DEI 105,HIV-,0.006,0.0001
BLOOD,PMA/Iono,4,+,+,+,-,DEI 106,HIV-,0.001,0
BLOOD,PMA/Iono,4,+,+,+,-,DEI 107,HIV-,0.001,0
BLOOD,PMA/Iono,4,+,+,+,-,DEI 108,HIV-,0.001,0
BLOOD,PMA/Iono,4,+,+,+,-,DEI 109,HIV-,0.001,0
BLOOD,PMA/Iono,4,+,+,+,-,DEI 10A,HIV-,0.003,0.0001
BLOOD,PMA/Iono,4,+,+,+,-,DEI 10B,HIV-,0.001,0
BLOOD,PMA/Iono,4,+,+,+,-,DEI 10C,HIV-,0.001,0
BLOOD,PMA/Iono,4,+,+,+,-,DEI 10D,HIV-,0.001,0
BLOOD,PMA/Iono,4,+,+,+,-,DEI 10E,HIV-,0.049,0.0021
BLOOD,PMA/Iono,4,+,+,+,-,DEI 10F,HIV-,0.05,0.0011
BLOOD,PMA/Iono,4,+,+,+,-,DEI 10G,HIV-,0.009,0.0004
BLOOD,PMA/Iono,4,+,+,+,-,DEI 10H,HIV-,0.069,0.0017
BLOOD,PMA/Iono,4,+,+,+,-,DEI 10I,HIV-,0.001,0
BLOOD,PMA/Iono,4,+,+,+,-,DEI 10J,HIV+ART>1Yr,0.008,0.0002
BLOOD,PMA/Iono,4,+,+,+,-,DEI 10K,HIV+ART>1Yr,0.003,0.0001
BLOOD,PMA/Iono,4,+,+,+,-,DEI 10L,HIV-,0.009,0.0001
BLOOD,PMA/Iono,4,+,+,+,-,DEI 10M,HIV-,0.001,0
BLOOD,PMA/Iono,4,+,+,+,-,DEI 10N,HIV+ART>1Yr,0.001,0
BLOOD,PMA/Iono,4,+,+,+,-,DEI 10P,HIV+ART>1Yr,0.001,0
BLOOD,PMA/Iono,4,+,+,+,-,DEI 10Q,HIV-,0.04,0.0009
BLOOD,PMA/Iono,4,+,+,+,-,DEI 10R,HIV+ART>1Yr,0.02,0.0008
BLOOD,PMA/Iono,4,+,+,+,-,DEI 10S,HIV-,0.001,0
BLOOD,PMA/Iono,4,+,+,+,-,DEI 10T,HIV-,0.004,0.0001
BLOOD,PMA/Iono,4,+,+,+,-,DEI 10U,HIV-,0.001,0.0001
BLOOD,PMA/Iono,4,+,+,+,-,DEI 10V,HIV-,0.006,0.0004
BLOOD,PMA/Iono,4,+,+,+,-,DEI 10W,HIV-,0.003,0.0002
BLOOD,PMA/Iono,4,+,+,+,-,DEI 10X,HIV-,0.01,0.0002
BLOOD,PMA/Iono,4,+,+,+,-,DEI 10Y,HIV-,0.006,0.0002
BLOOD,PMA/Iono,4,+,+,+,-,DEI 10Z,HIV+ART>1Yr,0.001,0
BLOOD,PMA/Iono,4,+,+,+,-,DEI 110,HIV-,0.002,0.0001
BLOOD,PMA/Iono,4,+,+,+,-,DEI 111,HIV+ART>1Yr,0.001,0
BLOOD,PMA/Iono,4,+,+,+,-,DEI 112,HIV+ART>1Yr,0.001,0
BLOOD,PMA/Iono,4,+,+,+,-,DEI 113,HIV-,0.001,0.0001
BLOOD,PMA/Iono,4,+,+,+,-,DEI 114,HIV+ART>1Yr,0.059,0.001
BLOOD,PMA/Iono,4,+,+,+,-,DEI 115,HIV+ART>1Yr,0.05,0.0011
BLOOD,PMA/Iono,4,+,+,+,-,DEI 117,HIV+ART>1Yr,0.007,0.0003
BLOOD,PMA/Iono,4,+,+,+,-,DEI 118,HIV+ART>1Yr,0.009,0.0002
BLOOD,PMA/Iono,4,+,+,+,-,DEI 119,HIV+ART>1Yr,0.02,0.0004
BLOOD,PMA/Iono,4,+,+,+,-,DEI 11A,HIV+ART>1Yr,0.001,0
BLOOD,PMA/Iono,4,+,+,+,-,DEI 11B,HIV-,0.001,0.0001
BLOOD,PMA/Iono,4,+,+,+,-,DEI 11C,HIV+ART>1Yr,0.001,0
BLOOD,PMA/Iono,4,+,+,+,-,DEI 11D,HIV+ART>1Yr,0.005,0.0001
BLOOD,PMA/Iono,4,+,+,+,-,DEI 11E,HIV+ART>1Yr,0.03,0.0004
BLOOD,PMA/Iono,4,+,+,+,-,DEI 11F,HIV+ART>1Yr,0.001,0
BLOOD,PMA/Iono,4,+,+,+,-,DEI 11G,HIV+ART>1Yr,0.008,0.0002
BLOOD,PMA/Iono,4,+,+,+,-,DEI 11H,HIV-,0.001,0
BLOOD,PMA/Iono,4,+,+,+,-,DEI 11I,HIV+ART>1Yr,0.001,0
BLOOD,PMA/Iono,4,+,+,+,-,DEI 11J,HIV+ART>1Yr,0.046,0.0014
BLOOD,PMA/Iono,4,+,+,+,-,DEI 11K,HIV-,0.001,0
BLOOD,PMA/Iono,4,+,+,+,-,DEI 11M,HIV+ART>1Yr,0.001,0
BLOOD,PMA/Iono,4,+,+,+,-,DEI 11N,HIV-,0.001,0
BLOOD,PMA/Iono,4,+,+,+,-,DEI 11P,HIV+ART>1Yr,0.05,0.0007
BLOOD,PMA/Iono,4,+,+,+,-,DEI 11Q,HIV-,0.004,0.0001
BLOOD,PMA/Iono,4,+,+,+,-,DEI 11R,HIV+ART>1Yr,0.2,0.0053
BLOOD,PMA/Iono,4,+,+,+,-,DEI 11U,HIV-,0.001,0
BLOOD,PMA/Iono,4,+,+,+,-,DEI 11V,HIV-,0.005,0.0002
BLOOD,PMA/Iono,4,+,+,+,-,DEI 11Y,HIV-,0.001,0
BLOOD,PMA/Iono,4,+,+,+,-,DEI 11Z,HIV-,0.05,0.0012
BLOOD,PMA/Iono,4,+,+,+,-,DEI 13V,HIV-,0.007,0.0002
BLOOD,PMA/Iono,4,+,+,+,-,DEI 13W,HIV-,0.001,0
BLOOD,PMA/Iono,4,+,+,+,-,DEI 141,HIV-,0.001,0
BLOOD,PMA/Iono,4,+,+,+,-,DEI 143,HIV-,0.001,0
BLOOD,PMA/Iono,4,+,+,-,+,DEI 103,HIV-,0.018,0.0018
BLOOD,PMA/Iono,4,+,+,-,+,DEI 104,HIV-,0.007,0.0003
BLOOD,PMA/Iono,4,+,+,-,+,DEI 105,HIV-,0.044,0.0009
BLOOD,PMA/Iono,4,+,+,-,+,DEI 106,HIV-,0.148,0.0025
BLOOD,PMA/Iono,4,+,+,-,+,DEI 107,HIV-,0.01,0.0002
BLOOD,PMA/Iono,4,+,+,-,+,DEI 108,HIV-,0.09,0.002
BLOOD,PMA/Iono,4,+,+,-,+,DEI 109,HIV-,0.001,0
BLOOD,PMA/Iono,4,+,+,-,+,DEI 10A,HIV-,0.035,0.0006
BLOOD,PMA/Iono,4,+,+,-,+,DEI 10B,HIV-,0.166,0.0021
BLOOD,PMA/Iono,4,+,+,-,+,DEI 10C,HIV-,0.001,0
BLOOD,PMA/Iono,4,+,+,-,+,DEI 10D,HIV-,0.007,0.0002
BLOOD,PMA/Iono,4,+,+,-,+,DEI 10E,HIV-,0.596,0.0261
BLOOD,PMA/Iono,4,+,+,-,+,DEI 10F,HIV-,1.53,0.0351
BLOOD,PMA/Iono,4,+,+,-,+,DEI 10G,HIV-,0.019,0.0009
BLOOD,PMA/Iono,4,+,+,-,+,DEI 10H,HIV-,0.068,0.0017
BLOOD,PMA/Iono,4,+,+,-,+,DEI 10I,HIV-,0.001,0
BLOOD,PMA/Iono,4,+,+,-,+,DEI 10J,HIV+ART>1Yr,0.026,0.0007
BLOOD,PMA/Iono,4,+,+,-,+,DEI 10K,HIV+ART>1Yr,0.001,0
BLOOD,PMA/Iono,4,+,+,-,+,DEI 10L,HIV-,0.05,0.0008
BLOOD,PMA/Iono,4,+,+,-,+,DEI 10M,HIV-,0.009,0.0002
BLOOD,PMA/Iono,4,+,+,-,+,DEI 10N,HIV+ART>1Yr,0.001,0
BLOOD,PMA/Iono,4,+,+,-,+,DEI 10P,HIV+ART>1Yr,0.001,0
BLOOD,PMA/Iono,4,+,+,-,+,DEI 10Q,HIV-,0.016,0.0004
BLOOD,PMA/Iono,4,+,+,-,+,DEI 10R,HIV+ART>1Yr,0.04,0.0015
BLOOD,PMA/Iono,4,+,+,-,+,DEI 10S,HIV-,0.03,0.0006
BLOOD,PMA/Iono,4,+,+,-,+,DEI 10T,HIV-,0.005,0.0001
BLOOD,PMA/Iono,4,+,+,-,+,DEI 10U,HIV-,0.006,0.0003
BLOOD,PMA/Iono,4,+,+,-,+,DEI 10V,HIV-,0.019,0.0013
BLOOD,PMA/Iono,4,+,+,-,+,DEI 10W,HIV-,0.02,0.0017
BLOOD,PMA/Iono,4,+,+,-,+,DEI 10X,HIV-,0.001,0
BLOOD,PMA/Iono,4,+,+,-,+,DEI 10Y,HIV-,0.008,0.0002
BLOOD,PMA/Iono,4,+,+,-,+,DEI 10Z,HIV+ART>1Yr,0.005,0.0001
BLOOD,PMA/Iono,4,+,+,-,+,DEI 110,HIV-,0.004,0.0001
BLOOD,PMA/Iono,4,+,+,-,+,DEI 111,HIV+ART>1Yr,0.01,0.0002
BLOOD,PMA/Iono,4,+,+,-,+,DEI 112,HIV+ART>1Yr,0.005,0.0001
BLOOD,PMA/Iono,4,+,+,-,+,DEI 113,HIV-,0.004,0.0003
BLOOD,PMA/Iono,4,+,+,-,+,DEI 114,HIV+ART>1Yr,0.07,0.0012
BLOOD,PMA/Iono,4,+,+,-,+,DEI 115,HIV+ART>1Yr,0.049,0.0011
BLOOD,PMA/Iono,4,+,+,-,+,DEI 117,HIV+ART>1Yr,0.13,0.0051
BLOOD,PMA/Iono,4,+,+,-,+,DEI 118,HIV+ART>1Yr,0.07,0.0017
BLOOD,PMA/Iono,4,+,+,-,+,DEI 119,HIV+ART>1Yr,0.25,0.0051
BLOOD,PMA/Iono,4,+,+,-,+,DEI 11A,HIV+ART>1Yr,0.21,0.0035
BLOOD,PMA/Iono,4,+,+,-,+,DEI 11B,HIV-,0.005,0.0007
BLOOD,PMA/Iono,4,+,+,-,+,DEI 11C,HIV+ART>1Yr,0.001,0
BLOOD,PMA/Iono,4,+,+,-,+,DEI 11D,HIV+ART>1Yr,0.047,0.0011
BLOOD,PMA/Iono,4,+,+,-,+,DEI 11E,HIV+ART>1Yr,0.088,0.0012
BLOOD,PMA/Iono,4,+,+,-,+,DEI 11F,HIV+ART>1Yr,0.41,0.0081
BLOOD,PMA/Iono,4,+,+,-,+,DEI 11G,HIV+ART>1Yr,0.097,0.0019
BLOOD,PMA/Iono,4,+,+,-,+,DEI 11H,HIV-,0.05,0.0007
BLOOD,PMA/Iono,4,+,+,-,+,DEI 11I,HIV+ART>1Yr,0.004,0.0001
BLOOD,PMA/Iono,4,+,+,-,+,DEI 11J,HIV+ART>1Yr,0.15,0.0046
BLOOD,PMA/Iono,4,+,+,-,+,DEI 11K,HIV-,0.01,0.0002
BLOOD,PMA/Iono,4,+,+,-,+,DEI 11M,HIV+ART>1Yr,0.001,0
BLOOD,PMA/Iono,4,+,+,-,+,DEI 11N,HIV-,0.001,0
BLOOD,PMA/Iono,4,+,+,-,+,DEI 11P,HIV+ART>1Yr,0.21,0.0031
BLOOD,PMA/Iono,4,+,+,-,+,DEI 11Q,HIV-,0.03,0.0008
BLOOD,PMA/Iono,4,+,+,-,+,DEI 11R,HIV+ART>1Yr,0.5,0.0133
BLOOD,PMA/Iono,4,+,+,-,+,DEI 11U,HIV-,0.02,0.0007
BLOOD,PMA/Iono,4,+,+,-,+,DEI 11V,HIV-,0.001,0
BLOOD,PMA/Iono,4,+,+,-,+,DEI 11Y,HIV-,0.01,0.0001
BLOOD,PMA/Iono,4,+,+,-,+,DEI 11Z,HIV-,0.05,0.0012
BLOOD,PMA/Iono,4,+,+,-,+,DEI 13V,HIV-,0.02,0.0005
BLOOD,PMA/Iono,4,+,+,-,+,DEI 13W,HIV-,0.001,0
BLOOD,PMA/Iono,4,+,+,-,+,DEI 141,HIV-,0.05,0.0006
BLOOD,PMA/Iono,4,+,+,-,+,DEI 143,HIV-,0.008,0.0003
BLOOD,PMA/Iono,4,+,-,+,+,DEI 103,HIV-,0.226,0.0227
BLOOD,PMA/Iono,4,+,-,+,+,DEI 104,HIV-,0.573,0.0231
BLOOD,PMA/Iono,4,+,-,+,+,DEI 105,HIV-,0.91,0.0196
BLOOD,PMA/Iono,4,+,-,+,+,DEI 106,HIV-,0.98,0.0164
BLOOD,PMA/Iono,4,+,-,+,+,DEI 107,HIV-,0.528,0.0109
BLOOD,PMA/Iono,4,+,-,+,+,DEI 108,HIV-,0.627,0.014
BLOOD,PMA/Iono,4,+,-,+,+,DEI 109,HIV-,0.67,0.0099
BLOOD,PMA/Iono,4,+,-,+,+,DEI 10A,HIV-,2.945,0.054
BLOOD,PMA/Iono,4,+,-,+,+,DEI 10B,HIV-,11.394,0.1415
BLOOD,PMA/Iono,4,+,-,+,+,DEI 10C,HIV-,0.247,0.0052
BLOOD,PMA/Iono,4,+,-,+,+,DEI 10D,HIV-,0.204,0.0044
BLOOD,PMA/Iono,4,+,-,+,+,DEI 10E,HIV-,2.296,0.1004
BLOOD,PMA/Iono,4,+,-,+,+,DEI 10F,HIV-,7.69,0.1764
BLOOD,PMA/Iono,4,+,-,+,+,DEI 10G,HIV-,0.135,0.0065
BLOOD,PMA/Iono,4,+,-,+,+,DEI 10H,HIV-,0.57,0.0141
BLOOD,PMA/Iono,4,+,-,+,+,DEI 10I,HIV-,0.306,0.005
BLOOD,PMA/Iono,4,+,-,+,+,DEI 10J,HIV+ART>1Yr,0.217,0.006
BLOOD,PMA/Iono,4,+,-,+,+,DEI 10K,HIV+ART>1Yr,0.18,0.0031
BLOOD,PMA/Iono,4,+,-,+,+,DEI 10L,HIV-,0.505,0.0077
BLOOD,PMA/Iono,4,+,-,+,+,DEI 10M,HIV-,0.206,0.005
BLOOD,PMA/Iono,4,+,-,+,+,DEI 10N,HIV+ART>1Yr,0.487,0.0084
BLOOD,PMA/Iono,4,+,-,+,+,DEI 10P,HIV+ART>1Yr,0.21,0.0045
BLOOD,PMA/Iono,4,+,-,+,+,DEI 10Q,HIV-,0.577,0.0135
BLOOD,PMA/Iono,4,+,-,+,+,DEI 10R,HIV+ART>1Yr,0.14,0.0053
BLOOD,PMA/Iono,4,+,-,+,+,DEI 10S,HIV-,0.459,0.0092
BLOOD,PMA/Iono,4,+,-,+,+,DEI 10T,HIV-,0.199,0.0052
BLOOD,PMA/Iono,4,+,-,+,+,DEI 10U,HIV-,0.127,0.0068
BLOOD,PMA/Iono,4,+,-,+,+,DEI 10V,HIV-,0.107,0.0072
BLOOD,PMA/Iono,4,+,-,+,+,DEI 10W,HIV-,0.083,0.0069
BLOOD,PMA/Iono,4,+,-,+,+,DEI 10X,HIV-,0.09,0.002
BLOOD,PMA/Iono,4,+,-,+,+,DEI 10Y,HIV-,0.325,0.0088
BLOOD,PMA/Iono,4,+,-,+,+,DEI 10Z,HIV+ART>1Yr,0.35,0.0061
BLOOD,PMA/Iono,4,+,-,+,+,DEI 110,HIV-,0.277,0.0082
BLOOD,PMA/Iono,4,+,-,+,+,DEI 111,HIV+ART>1Yr,0.159,0.0035
BLOOD,PMA/Iono,4,+,-,+,+,DEI 112,HIV+ART>1Yr,0.285,0.0048
BLOOD,PMA/Iono,4,+,-,+,+,DEI 113,HIV-,0.127,0.0087
BLOOD,PMA/Iono,4,+,-,+,+,DEI 114,HIV+ART>1Yr,1.059,0.0186
BLOOD,PMA/Iono,4,+,-,+,+,DEI 115,HIV+ART>1Yr,0.365,0.0081
BLOOD,PMA/Iono,4,+,-,+,+,DEI 117,HIV+ART>1Yr,0.184,0.0073
BLOOD,PMA/Iono,4,+,-,+,+,DEI 118,HIV+ART>1Yr,0.148,0.0036
BLOOD,PMA/Iono,4,+,-,+,+,DEI 119,HIV+ART>1Yr,0.55,0.0112
BLOOD,PMA/Iono,4,+,-,+,+,DEI 11A,HIV+ART>1Yr,2.25,0.0377
BLOOD,PMA/Iono,4,+,-,+,+,DEI 11B,HIV-,0.078,0.0106
BLOOD,PMA/Iono,4,+,-,+,+,DEI 11C,HIV+ART>1Yr,0.137,0.0041
BLOOD,PMA/Iono,4,+,-,+,+,DEI 11D,HIV+ART>1Yr,0.217,0.0052
BLOOD,PMA/Iono,4,+,-,+,+,DEI 11E,HIV+ART>1Yr,0.35,0.0046
BLOOD,PMA/Iono,4,+,-,+,+,DEI 11F,HIV+ART>1Yr,0.431,0.0085
BLOOD,PMA/Iono,4,+,-,+,+,DEI 11G,HIV+ART>1Yr,0.149,0.003
BLOOD,PMA/Iono,4,+,-,+,+,DEI 11H,HIV-,0.199,0.0029
BLOOD,PMA/Iono,4,+,-,+,+,DEI 11I,HIV+ART>1Yr,0.41,0.0069
BLOOD,PMA/Iono,4,+,-,+,+,DEI 11J,HIV+ART>1Yr,0.468,0.0144
BLOOD,PMA/Iono,4,+,-,+,+,DEI 11K,HIV-,0.708,0.0167
BLOOD,PMA/Iono,4,+,-,+,+,DEI 11M,HIV+ART>1Yr,0.09,0.0014
BLOOD,PMA/Iono,4,+,-,+,+,DEI 11N,HIV-,0.11,0.0024
BLOOD,PMA/Iono,4,+,-,+,+,DEI 11P,HIV+ART>1Yr,1.54,0.0227
BLOOD,PMA/Iono,4,+,-,+,+,DEI 11Q,HIV-,0.15,0.0038
BLOOD,PMA/Iono,4,+,-,+,+,DEI 11R,HIV+ART>1Yr,0.1,0.0027
BLOOD,PMA/Iono,4,+,-,+,+,DEI 11U,HIV-,0.16,0.0057
BLOOD,PMA/Iono,4,+,-,+,+,DEI 11V,HIV-,0.08,0.0032
BLOOD,PMA/Iono,4,+,-,+,+,DEI 11Y,HIV-,0.3,0.0044
BLOOD,PMA/Iono,4,+,-,+,+,DEI 11Z,HIV-,0.38,0.0088
BLOOD,PMA/Iono,4,+,-,+,+,DEI 13V,HIV-,0.42,0.0115
BLOOD,PMA/Iono,4,+,-,+,+,DEI 13W,HIV-,0.21,0.008
BLOOD,PMA/Iono,4,+,-,+,+,DEI 141,HIV-,0.19,0.0024
BLOOD,PMA/Iono,4,+,-,+,+,DEI 143,HIV-,0.16,0.0058
BLOOD,PMA/Iono,4,+,-,+,-,DEI 103,HIV-,0.02,0.002
BLOOD,PMA/Iono,4,+,-,+,-,DEI 104,HIV-,0.085,0.0034
BLOOD,PMA/Iono,4,+,-,+,-,DEI 105,HIV-,0.11,0.0024
BLOOD,PMA/Iono,4,+,-,+,-,DEI 106,HIV-,0.15,0.0025
BLOOD,PMA/Iono,4,+,-,+,-,DEI 107,HIV-,0.021,0.0004
BLOOD,PMA/Iono,4,+,-,+,-,DEI 108,HIV-,0.001,0
BLOOD,PMA/Iono,4,+,-,+,-,DEI 109,HIV-,0.001,0
BLOOD,PMA/Iono,4,+,-,+,-,DEI 10A,HIV-,0.096,0.0018
BLOOD,PMA/Iono,4,+,-,+,-,DEI 10B,HIV-,0.19,0.0024
BLOOD,PMA/Iono,4,+,-,+,-,DEI 10C,HIV-,0.001,0
BLOOD,PMA/Iono,4,+,-,+,-,DEI 10D,HIV-,0.001,0
BLOOD,PMA/Iono,4,+,-,+,-,DEI 10E,HIV-,0.461,0.0202
BLOOD,PMA/Iono,4,+,-,+,-,DEI 10F,HIV-,0.42,0.0096
BLOOD,PMA/Iono,4,+,-,+,-,DEI 10G,HIV-,0.026,0.0012
BLOOD,PMA/Iono,4,+,-,+,-,DEI 10H,HIV-,0.05,0.0012
BLOOD,PMA/Iono,4,+,-,+,-,DEI 10I,HIV-,0.059,0.001
BLOOD,PMA/Iono,4,+,-,+,-,DEI 10J,HIV+ART>1Yr,0.075,0.0021
BLOOD,PMA/Iono,4,+,-,+,-,DEI 10K,HIV+ART>1Yr,0.09,0.0015
BLOOD,PMA/Iono,4,+,-,+,-,DEI 10L,HIV-,0.013,0.0002
BLOOD,PMA/Iono,4,+,-,+,-,DEI 10M,HIV-,0.042,0.001
BLOOD,PMA/Iono,4,+,-,+,-,DEI 10N,HIV+ART>1Yr,0.16,0.0028
BLOOD,PMA/Iono,4,+,-,+,-,DEI 10P,HIV+ART>1Yr,0.044,0.001
BLOOD,PMA/Iono,4,+,-,+,-,DEI 10Q,HIV-,0.043,0.001
BLOOD,PMA/Iono,4,+,-,+,-,DEI 10R,HIV+ART>1Yr,0.017,0.0006
BLOOD,PMA/Iono,4,+,-,+,-,DEI 10S,HIV-,0.001,0
BLOOD,PMA/Iono,4,+,-,+,-,DEI 10T,HIV-,0.024,0.0006
BLOOD,PMA/Iono,4,+,-,+,-,DEI 10U,HIV-,0.004,0.0002
BLOOD,PMA/Iono,4,+,-,+,-,DEI 10V,HIV-,0.011,0.0007
BLOOD,PMA/Iono,4,+,-,+,-,DEI 10W,HIV-,0.01,0.0008
BLOOD,PMA/Iono,4,+,-,+,-,DEI 10X,HIV-,0.001,0
BLOOD,PMA/Iono,4,+,-,+,-,DEI 10Y,HIV-,0.011,0.0003
BLOOD,PMA/Iono,4,+,-,+,-,DEI 10Z,HIV+ART>1Yr,0.054,0.0009
BLOOD,PMA/Iono,4,+,-,+,-,DEI 110,HIV-,0.018,0.0005
BLOOD,PMA/Iono,4,+,-,+,-,DEI 111,HIV+ART>1Yr,0.059,0.0013
BLOOD,PMA/Iono,4,+,-,+,-,DEI 112,HIV+ART>1Yr,0.023,0.0004
BLOOD,PMA/Iono,4,+,-,+,-,DEI 113,HIV-,0.015,0.001
BLOOD,PMA/Iono,4,+,-,+,-,DEI 114,HIV+ART>1Yr,0.12,0.0021
BLOOD,PMA/Iono,4,+,-,+,-,DEI 115,HIV+ART>1Yr,0.053,0.0012
BLOOD,PMA/Iono,4,+,-,+,-,DEI 117,HIV+ART>1Yr,0.027,0.0011
BLOOD,PMA/Iono,4,+,-,+,-,DEI 118,HIV+ART>1Yr,0.015,0.0004
BLOOD,PMA/Iono,4,+,-,+,-,DEI 119,HIV+ART>1Yr,0.001,0
BLOOD,PMA/Iono,4,+,-,+,-,DEI 11A,HIV+ART>1Yr,0.04,0.0007
BLOOD,PMA/Iono,4,+,-,+,-,DEI 11B,HIV-,0.018,0.0025
BLOOD,PMA/Iono,4,+,-,+,-,DEI 11C,HIV+ART>1Yr,0.027,0.0008
BLOOD,PMA/Iono,4,+,-,+,-,DEI 11D,HIV+ART>1Yr,0.028,0.0007
BLOOD,PMA/Iono,4,+,-,+,-,DEI 11E,HIV+ART>1Yr,0.05,0.0007
BLOOD,PMA/Iono,4,+,-,+,-,DEI 11F,HIV+ART>1Yr,0.136,0.0027
BLOOD,PMA/Iono,4,+,-,+,-,DEI 11G,HIV+ART>1Yr,0.03,0.0006
BLOOD,PMA/Iono,4,+,-,+,-,DEI 11H,HIV-,0.01,0.0001
BLOOD,PMA/Iono,4,+,-,+,-,DEI 11I,HIV+ART>1Yr,0.06,0.001
BLOOD,PMA/Iono,4,+,-,+,-,DEI 11J,HIV+ART>1Yr,0.093,0.0029
BLOOD,PMA/Iono,4,+,-,+,-,DEI 11K,HIV-,0.028,0.0007
BLOOD,PMA/Iono,4,+,-,+,-,DEI 11M,HIV+ART>1Yr,0.001,0
BLOOD,PMA/Iono,4,+,-,+,-,DEI 11N,HIV-,0.22,0.0049
BLOOD,PMA/Iono,4,+,-,+,-,DEI 11P,HIV+ART>1Yr,0.2,0.003
BLOOD,PMA/Iono,4,+,-,+,-,DEI 11Q,HIV-,0.01,0.0003
BLOOD,PMA/Iono,4,+,-,+,-,DEI 11R,HIV+ART>1Yr,0.001,0
BLOOD,PMA/Iono,4,+,-,+,-,DEI 11U,HIV-,0.001,0
BLOOD,PMA/Iono,4,+,-,+,-,DEI 11V,HIV-,0.004,0.0002
BLOOD,PMA/Iono,4,+,-,+,-,DEI 11Y,HIV-,0.002,0
BLOOD,PMA/Iono,4,+,-,+,-,DEI 11Z,HIV-,0.001,0
BLOOD,PMA/Iono,4,+,-,+,-,DEI 13V,HIV-,0.077,0.0021
BLOOD,PMA/Iono,4,+,-,+,-,DEI 13W,HIV-,0.009,0.0003
BLOOD,PMA/Iono,4,+,-,+,-,DEI 141,HIV-,0.003,0
BLOOD,PMA/Iono,4,+,-,+,-,DEI 143,HIV-,0.001,0
BLOOD,PMA/Iono,4,+,-,-,+,DEI 103,HIV-,0.18,0.0181
BLOOD,PMA/Iono,4,+,-,-,+,DEI 104,HIV-,0.55,0.0222
BLOOD,PMA/Iono,4,+,-,-,+,DEI 105,HIV-,1.2,0.0258
BLOOD,PMA/Iono,4,+,-,-,+,DEI 106,HIV-,1.81,0.0303
BLOOD,PMA/Iono,4,+,-,-,+,DEI 107,HIV-,0.49,0.0101
BLOOD,PMA/Iono,4,+,-,-,+,DEI 108,HIV-,1.51,0.0337
BLOOD,PMA/Iono,4,+,-,-,+,DEI 109,HIV-,0.14,0.0021
BLOOD,PMA/Iono,4,+,-,-,+,DEI 10A,HIV-,1.635,0.03
BLOOD,PMA/Iono,4,+,-,-,+,DEI 10B,HIV-,7.531,0.0935
BLOOD,PMA/Iono,4,+,-,-,+,DEI 10C,HIV-,0.167,0.0035
BLOOD,PMA/Iono,4,+,-,-,+,DEI 10D,HIV-,0.208,0.0045
BLOOD,PMA/Iono,4,+,-,-,+,DEI 10E,HIV-,2.33,0.1019
BLOOD,PMA/Iono,4,+,-,-,+,DEI 10F,HIV-,5.55,0.1273
BLOOD,PMA/Iono,4,+,-,-,+,DEI 10G,HIV-,0.19,0.0091
BLOOD,PMA/Iono,4,+,-,-,+,DEI 10H,HIV-,0.68,0.0168
BLOOD,PMA/Iono,4,+,-,-,+,DEI 10I,HIV-,0.21,0.0034
BLOOD,PMA/Iono,4,+,-,-,+,DEI 10J,HIV+ART>1Yr,0.43,0.0119
BLOOD,PMA/Iono,4,+,-,-,+,DEI 10K,HIV+ART>1Yr,0.552,0.0094
BLOOD,PMA/Iono,4,+,-,-,+,DEI 10L,HIV-,0.93,0.0142
BLOOD,PMA/Iono,4,+,-,-,+,DEI 10M,HIV-,0.32,0.0078
BLOOD,PMA/Iono,4,+,-,-,+,DEI 10N,HIV+ART>1Yr,0.14,0.0024
BLOOD,PMA/Iono,4,+,-,-,+,DEI 10P,HIV+ART>1Yr,0.09,0.0019
BLOOD,PMA/Iono,4,+,-,-,+,DEI 10Q,HIV-,0.92,0.0214
BLOOD,PMA/Iono,4,+,-,-,+,DEI 10R,HIV+ART>1Yr,0.177,0.0066
BLOOD,PMA/Iono,4,+,-,-,+,DEI 10S,HIV-,0.218,0.0043
BLOOD,PMA/Iono,4,+,-,-,+,DEI 10T,HIV-,0.273,0.0071
BLOOD,PMA/Iono,4,+,-,-,+,DEI 10U,HIV-,0.19,0.0102
BLOOD,PMA/Iono,4,+,-,-,+,DEI 10V,HIV-,0.17,0.0114
BLOOD,PMA/Iono,4,+,-,-,+,DEI 10W,HIV-,0.14,0.0116
BLOOD,PMA/Iono,4,+,-,-,+,DEI 10X,HIV-,0.27,0.0059
BLOOD,PMA/Iono,4,+,-,-,+,DEI 10Y,HIV-,0.21,0.0057
BLOOD,PMA/Iono,4,+,-,-,+,DEI 10Z,HIV+ART>1Yr,0.18,0.0031
BLOOD,PMA/Iono,4,+,-,-,+,DEI 110,HIV-,0.056,0.0017
BLOOD,PMA/Iono,4,+,-,-,+,DEI 111,HIV+ART>1Yr,0.198,0.0044
BLOOD,PMA/Iono,4,+,-,-,+,DEI 112,HIV+ART>1Yr,0.3,0.0051
BLOOD,PMA/Iono,4,+,-,-,+,DEI 113,HIV-,0.16,0.011
BLOOD,PMA/Iono,4,+,-,-,+,DEI 114,HIV+ART>1Yr,0.23,0.004
BLOOD,PMA/Iono,4,+,-,-,+,DEI 115,HIV+ART>1Yr,0.26,0.0057
BLOOD,PMA/Iono,4,+,-,-,+,DEI 117,HIV+ART>1Yr,0.17,0.0067
BLOOD,PMA/Iono,4,+,-,-,+,DEI 118,HIV+ART>1Yr,0.343,0.0084
BLOOD,PMA/Iono,4,+,-,-,+,DEI 119,HIV+ART>1Yr,0.25,0.0051
BLOOD,PMA/Iono,4,+,-,-,+,DEI 11A,HIV+ART>1Yr,0.44,0.0074
BLOOD,PMA/Iono,4,+,-,-,+,DEI 11B,HIV-,0.072,0.0098
BLOOD,PMA/Iono,4,+,-,-,+,DEI 11C,HIV+ART>1Yr,0.15,0.0045
BLOOD,PMA/Iono,4,+,-,-,+,DEI 11D,HIV+ART>1Yr,0.07,0.0017
BLOOD,PMA/Iono,4,+,-,-,+,DEI 11E,HIV+ART>1Yr,0.2,0.0026
BLOOD,PMA/Iono,4,+,-,-,+,DEI 11F,HIV+ART>1Yr,0.46,0.0091
BLOOD,PMA/Iono,4,+,-,-,+,DEI 11G,HIV+ART>1Yr,0.234,0.0046
BLOOD,PMA/Iono,4,+,-,-,+,DEI 11H,HIV-,0.522,0.0076
BLOOD,PMA/Iono,4,+,-,-,+,DEI 11I,HIV+ART>1Yr,0.134,0.0023
BLOOD,PMA/Iono,4,+,-,-,+,DEI 11J,HIV+ART>1Yr,0.89,0.0274
BLOOD,PMA/Iono,4,+,-,-,+,DEI 11K,HIV-,0.588,0.0139
BLOOD,PMA/Iono,4,+,-,-,+,DEI 11M,HIV+ART>1Yr,0.51,0.0078
BLOOD,PMA/Iono,4,+,-,-,+,DEI 11N,HIV-,0.22,0.0049
BLOOD,PMA/Iono,4,+,-,-,+,DEI 11P,HIV+ART>1Yr,0.42,0.0062
BLOOD,PMA/Iono,4,+,-,-,+,DEI 11Q,HIV-,0.216,0.0054
BLOOD,PMA/Iono,4,+,-,-,+,DEI 11R,HIV+ART>1Yr,0.5,0.0133
BLOOD,PMA/Iono,4,+,-,-,+,DEI 11U,HIV-,0.36,0.0128
BLOOD,PMA/Iono,4,+,-,-,+,DEI 11V,HIV-,0.387,0.0153
BLOOD,PMA/Iono,4,+,-,-,+,DEI 11Y,HIV-,0.837,0.0124
BLOOD,PMA/Iono,4,+,-,-,+,DEI 11Z,HIV-,0.239,0.0055
BLOOD,PMA/Iono,4,+,-,-,+,DEI 13V,HIV-,0.795,0.0217
BLOOD,PMA/Iono,4,+,-,-,+,DEI 13W,HIV-,0.167,0.0063
BLOOD,PMA/Iono,4,+,-,-,+,DEI 141,HIV-,0.52,0.0067
BLOOD,PMA/Iono,4,+,-,-,+,DEI 143,HIV-,1.172,0.0424
BLOOD,PMA/Iono,4,-,+,+,+,DEI 103,HIV-,0.426,0.0429
BLOOD,PMA/Iono,4,-,+,+,+,DEI 104,HIV-,0.408,0.0165
BLOOD,PMA/Iono,4,-,+,+,+,DEI 105,HIV-,0.319,0.0069
BLOOD,PMA/Iono,4,-,+,+,+,DEI 106,HIV-,0.198,0.0033
BLOOD,PMA/Iono,4,-,+,+,+,DEI 107,HIV-,0.249,0.0051
BLOOD,PMA/Iono,4,-,+,+,+,DEI 108,HIV-,0.448,0.01
BLOOD,PMA/Iono,4,-,+,+,+,DEI 109,HIV-,0.17,0.0025
BLOOD,PMA/Iono,4,-,+,+,+,DEI 10A,HIV-,0.175,0.0032
BLOOD,PMA/Iono,4,-,+,+,+,DEI 10B,HIV-,0.078,0.001
BLOOD,PMA/Iono,4,-,+,+,+,DEI 10C,HIV-,0.17,0.0036
BLOOD,PMA/Iono,4,-,+,+,+,DEI 10D,HIV-,0.05,0.0011
BLOOD,PMA/Iono,4,-,+,+,+,DEI 10E,HIV-,0.585,0.0256
BLOOD,PMA/Iono,4,-,+,+,+,DEI 10F,HIV-,1.2,0.0275
BLOOD,PMA/Iono,4,-,+,+,+,DEI 10G,HIV-,0.359,0.0172
BLOOD,PMA/Iono,4,-,+,+,+,DEI 10H,HIV-,0.51,0.0126
BLOOD,PMA/Iono,4,-,+,+,+,DEI 10I,HIV-,0.096,0.0016
BLOOD,PMA/Iono,4,-,+,+,+,DEI 10J,HIV+ART>1Yr,0.408,0.0113
BLOOD,PMA/Iono,4,-,+,+,+,DEI 10K,HIV+ART>1Yr,0.31,0.0053
BLOOD,PMA/Iono,4,-,+,+,+,DEI 10L,HIV-,1.485,0.0226
BLOOD,PMA/Iono,4,-,+,+,+,DEI 10M,HIV-,0.53,0.0129
BLOOD,PMA/Iono,4,-,+,+,+,DEI 10N,HIV+ART>1Yr,0.48,0.0083
BLOOD,PMA/Iono,4,-,+,+,+,DEI 10P,HIV+ART>1Yr,0.27,0.0058
BLOOD,PMA/Iono,4,-,+,+,+,DEI 10Q,HIV-,1.306,0.0304
BLOOD,PMA/Iono,4,-,+,+,+,DEI 10R,HIV+ART>1Yr,1.747,0.0656
BLOOD,PMA/Iono,4,-,+,+,+,DEI 10S,HIV-,0.76,0.0152
BLOOD,PMA/Iono,4,-,+,+,+,DEI 10T,HIV-,0.237,0.0062
BLOOD,PMA/Iono,4,-,+,+,+,DEI 10U,HIV-,0.029,0.0016
BLOOD,PMA/Iono,4,-,+,+,+,DEI 10V,HIV-,0.179,0.012
BLOOD,PMA/Iono,4,-,+,+,+,DEI 10W,HIV-,0.2,0.0166
BLOOD,PMA/Iono,4,-,+,+,+,DEI 10X,HIV-,0.495,0.0108
BLOOD,PMA/Iono,4,-,+,+,+,DEI 10Y,HIV-,0.299,0.0081
BLOOD,PMA/Iono,4,-,+,+,+,DEI 10Z,HIV+ART>1Yr,0.589,0.0102
BLOOD,PMA/Iono,4,-,+,+,+,DEI 110,HIV-,0.28,0.0083
BLOOD,PMA/Iono,4,-,+,+,+,DEI 111,HIV+ART>1Yr,0.25,0.0055
BLOOD,PMA/Iono,4,-,+,+,+,DEI 112,HIV+ART>1Yr,0.406,0.0068
BLOOD,PMA/Iono,4,-,+,+,+,DEI 113,HIV-,0.059,0.004
BLOOD,PMA/Iono,4,-,+,+,+,DEI 114,HIV+ART>1Yr,1.749,0.0307
BLOOD,PMA/Iono,4,-,+,+,+,DEI 115,HIV+ART>1Yr,1.32,0.0291
BLOOD,PMA/Iono,4,-,+,+,+,DEI 117,HIV+ART>1Yr,0.55,0.0217
BLOOD,PMA/Iono,4,-,+,+,+,DEI 118,HIV+ART>1Yr,0.369,0.0091
BLOOD,PMA/Iono,4,-,+,+,+,DEI 119,HIV+ART>1Yr,2.35,0.0477
BLOOD,PMA/Iono,4,-,+,+,+,DEI 11A,HIV+ART>1Yr,2.71,0.0454
BLOOD,PMA/Iono,4,-,+,+,+,DEI 11B,HIV-,0.1,0.0136
BLOOD,PMA/Iono,4,-,+,+,+,DEI 11C,HIV+ART>1Yr,0.073,0.0022
BLOOD,PMA/Iono,4,-,+,+,+,DEI 11D,HIV+ART>1Yr,0.578,0.0139
BLOOD,PMA/Iono,4,-,+,+,+,DEI 11E,HIV+ART>1Yr,4.56,0.0604
BLOOD,PMA/Iono,4,-,+,+,+,DEI 11F,HIV+ART>1Yr,5.238,0.1033
BLOOD,PMA/Iono,4,-,+,+,+,DEI 11G,HIV+ART>1Yr,2.35,0.0466
BLOOD,PMA/Iono,4,-,+,+,+,DEI 11H,HIV-,0.648,0.0094
BLOOD,PMA/Iono,4,-,+,+,+,DEI 11I,HIV+ART>1Yr,0.288,0.0049
BLOOD,PMA/Iono,4,-,+,+,+,DEI 11J,HIV+ART>1Yr,0.566,0.0174
BLOOD,PMA/Iono,4,-,+,+,+,DEI 11K,HIV-,0.609,0.0143
BLOOD,PMA/Iono,4,-,+,+,+,DEI 11M,HIV+ART>1Yr,0.34,0.0052
BLOOD,PMA/Iono,4,-,+,+,+,DEI 11N,HIV-,0.001,0
BLOOD,PMA/Iono,4,-,+,+,+,DEI 11P,HIV+ART>1Yr,4,0.0591
BLOOD,PMA/Iono,4,-,+,+,+,DEI 11Q,HIV-,0.81,0.0204
BLOOD,PMA/Iono,4,-,+,+,+,DEI 11R,HIV+ART>1Yr,3.78,0.1006
BLOOD,PMA/Iono,4,-,+,+,+,DEI 11U,HIV-,0.09,0.0032
BLOOD,PMA/Iono,4,-,+,+,+,DEI 11V,HIV-,0.29,0.0115
BLOOD,PMA/Iono,4,-,+,+,+,DEI 11Y,HIV-,0.056,0.0008
BLOOD,PMA/Iono,4,-,+,+,+,DEI 11Z,HIV-,7.829,0.1804
BLOOD,PMA/Iono,4,-,+,+,+,DEI 13V,HIV-,0.36,0.0098
BLOOD,PMA/Iono,4,-,+,+,+,DEI 13W,HIV-,0.04,0.0015
BLOOD,PMA/Iono,4,-,+,+,+,DEI 141,HIV-,3.16,0.0407
BLOOD,PMA/Iono,4,-,+,+,+,DEI 143,HIV-,0.02,0.0007
BLOOD,PMA/Iono,4,-,+,+,-,DEI 103,HIV-,0.01,0.001
BLOOD,PMA/Iono,4,-,+,+,-,DEI 104,HIV-,0.02,0.0008
BLOOD,PMA/Iono,4,-,+,+,-,DEI 105,HIV-,0.017,0.0004
BLOOD,PMA/Iono,4,-,+,+,-,DEI 106,HIV-,0.003,0.0001
BLOOD,PMA/Iono,4,-,+,+,-,DEI 107,HIV-,0.01,0.0002
BLOOD,PMA/Iono,4,-,+,+,-,DEI 108,HIV-,0.012,0.0003
BLOOD,PMA/Iono,4,-,+,+,-,DEI 109,HIV-,0.001,0
BLOOD,PMA/Iono,4,-,+,+,-,DEI 10A,HIV-,0.001,0
BLOOD,PMA/Iono,4,-,+,+,-,DEI 10B,HIV-,0.001,0
BLOOD,PMA/Iono,4,-,+,+,-,DEI 10C,HIV-,0.003,0.0001
BLOOD,PMA/Iono,4,-,+,+,-,DEI 10D,HIV-,0.007,0.0002
BLOOD,PMA/Iono,4,-,+,+,-,DEI 10E,HIV-,0.001,0
BLOOD,PMA/Iono,4,-,+,+,-,DEI 10F,HIV-,0.03,0.0007
BLOOD,PMA/Iono,4,-,+,+,-,DEI 10G,HIV-,0.02,0.001
BLOOD,PMA/Iono,4,-,+,+,-,DEI 10H,HIV-,0.11,0.0027
BLOOD,PMA/Iono,4,-,+,+,-,DEI 10I,HIV-,0.001,0
BLOOD,PMA/Iono,4,-,+,+,-,DEI 10J,HIV+ART>1Yr,0.041,0.0011
BLOOD,PMA/Iono,4,-,+,+,-,DEI 10K,HIV+ART>1Yr,0.05,0.0009
BLOOD,PMA/Iono,4,-,+,+,-,DEI 10L,HIV-,0.09,0.0014
BLOOD,PMA/Iono,4,-,+,+,-,DEI 10M,HIV-,0.048,0.0012
BLOOD,PMA/Iono,4,-,+,+,-,DEI 10N,HIV+ART>1Yr,0.02,0.0003
BLOOD,PMA/Iono,4,-,+,+,-,DEI 10P,HIV+ART>1Yr,0.038,0.0008
BLOOD,PMA/Iono,4,-,+,+,-,DEI 10Q,HIV-,0.2,0.0047
BLOOD,PMA/Iono,4,-,+,+,-,DEI 10R,HIV+ART>1Yr,0.297,0.0112
BLOOD,PMA/Iono,4,-,+,+,-,DEI 10S,HIV-,0.06,0.0012
BLOOD,PMA/Iono,4,-,+,+,-,DEI 10T,HIV-,0.021,0.0005
BLOOD,PMA/Iono,4,-,+,+,-,DEI 10U,HIV-,0.003,0.0002
BLOOD,PMA/Iono,4,-,+,+,-,DEI 10V,HIV-,0.041,0.0027
BLOOD,PMA/Iono,4,-,+,+,-,DEI 10W,HIV-,0.02,0.0017
BLOOD,PMA/Iono,4,-,+,+,-,DEI 10X,HIV-,0.013,0.0003
BLOOD,PMA/Iono,4,-,+,+,-,DEI 10Y,HIV-,0.007,0.0002
BLOOD,PMA/Iono,4,-,+,+,-,DEI 10Z,HIV+ART>1Yr,0.03,0.0005
BLOOD,PMA/Iono,4,-,+,+,-,DEI 110,HIV-,0.009,0.0003
BLOOD,PMA/Iono,4,-,+,+,-,DEI 111,HIV+ART>1Yr,0.009,0.0002
BLOOD,PMA/Iono,4,-,+,+,-,DEI 112,HIV+ART>1Yr,0.007,0.0001
BLOOD,PMA/Iono,4,-,+,+,-,DEI 113,HIV-,0.006,0.0004
BLOOD,PMA/Iono,4,-,+,+,-,DEI 114,HIV+ART>1Yr,0.06,0.0011
BLOOD,PMA/Iono,4,-,+,+,-,DEI 115,HIV+ART>1Yr,0.098,0.0022
BLOOD,PMA/Iono,4,-,+,+,-,DEI 117,HIV+ART>1Yr,0.036,0.0014
BLOOD,PMA/Iono,4,-,+,+,-,DEI 118,HIV+ART>1Yr,0.098,0.0024
BLOOD,PMA/Iono,4,-,+,+,-,DEI 119,HIV+ART>1Yr,0.1,0.002
BLOOD,PMA/Iono,4,-,+,+,-,DEI 11A,HIV+ART>1Yr,0.2,0.0033
BLOOD,PMA/Iono,4,-,+,+,-,DEI 11B,HIV-,0.028,0.0038
BLOOD,PMA/Iono,4,-,+,+,-,DEI 11C,HIV+ART>1Yr,0.001,0
BLOOD,PMA/Iono,4,-,+,+,-,DEI 11D,HIV+ART>1Yr,0.05,0.0012
BLOOD,PMA/Iono,4,-,+,+,-,DEI 11E,HIV+ART>1Yr,0.378,0.005
BLOOD,PMA/Iono,4,-,+,+,-,DEI 11F,HIV+ART>1Yr,0.45,0.0089
BLOOD,PMA/Iono,4,-,+,+,-,DEI 11G,HIV+ART>1Yr,0.21,0.0042
BLOOD,PMA/Iono,4,-,+,+,-,DEI 11H,HIV-,0.045,0.0007
BLOOD,PMA/Iono,4,-,+,+,-,DEI 11I,HIV+ART>1Yr,0.014,0.0002
BLOOD,PMA/Iono,4,-,+,+,-,DEI 11J,HIV+ART>1Yr,0.221,0.0068
BLOOD,PMA/Iono,4,-,+,+,-,DEI 11K,HIV-,0.001,0
BLOOD,PMA/Iono,4,-,+,+,-,DEI 11M,HIV+ART>1Yr,0.001,0
BLOOD,PMA/Iono,4,-,+,+,-,DEI 11N,HIV-,0.001,0
BLOOD,PMA/Iono,4,-,+,+,-,DEI 11P,HIV+ART>1Yr,0.19,0.0028
BLOOD,PMA/Iono,4,-,+,+,-,DEI 11Q,HIV-,0.1,0.0025
BLOOD,PMA/Iono,4,-,+,+,-,DEI 11R,HIV+ART>1Yr,1.383,0.0368
BLOOD,PMA/Iono,4,-,+,+,-,DEI 11U,HIV-,0.019,0.0007
BLOOD,PMA/Iono,4,-,+,+,-,DEI 11V,HIV-,0.001,0
BLOOD,PMA/Iono,4,-,+,+,-,DEI 11Y,HIV-,0.001,0
BLOOD,PMA/Iono,4,-,+,+,-,DEI 11Z,HIV-,0.514,0.0118
BLOOD,PMA/Iono,4,-,+,+,-,DEI 13V,HIV-,0.049,0.0013
BLOOD,PMA/Iono,4,-,+,+,-,DEI 13W,HIV-,0.028,0.0011
BLOOD,PMA/Iono,4,-,+,+,-,DEI 141,HIV-,0.017,0.0002
BLOOD,PMA/Iono,4,-,+,+,-,DEI 143,HIV-,0.001,0
BLOOD,PMA/Iono,4,-,+,-,+,DEI 103,HIV-,0.51,0.0513
BLOOD,PMA/Iono,4,-,+,-,+,DEI 104,HIV-,0.57,0.023
BLOOD,PMA/Iono,4,-,+,-,+,DEI 105,HIV-,0.401,0.0086
BLOOD,PMA/Iono,4,-,+,-,+,DEI 106,HIV-,0.724,0.0121
BLOOD,PMA/Iono,4,-,+,-,+,DEI 107,HIV-,0.27,0.0056
BLOOD,PMA/Iono,4,-,+,-,+,DEI 108,HIV-,0.482,0.0108
BLOOD,PMA/Iono,4,-,+,-,+,DEI 109,HIV-,0.12,0.0018
BLOOD,PMA/Iono,4,-,+,-,+,DEI 10A,HIV-,0.06,0.0011
BLOOD,PMA/Iono,4,-,+,-,+,DEI 10B,HIV-,0.12,0.0015
BLOOD,PMA/Iono,4,-,+,-,+,DEI 10C,HIV-,0.05,0.0011
BLOOD,PMA/Iono,4,-,+,-,+,DEI 10D,HIV-,0.001,0
BLOOD,PMA/Iono,4,-,+,-,+,DEI 10E,HIV-,0.76,0.0332
BLOOD,PMA/Iono,4,-,+,-,+,DEI 10F,HIV-,2.08,0.0477
BLOOD,PMA/Iono,4,-,+,-,+,DEI 10G,HIV-,0.3,0.0144
BLOOD,PMA/Iono,4,-,+,-,+,DEI 10H,HIV-,0.66,0.0163
BLOOD,PMA/Iono,4,-,+,-,+,DEI 10I,HIV-,0.04,0.0007
BLOOD,PMA/Iono,4,-,+,-,+,DEI 10J,HIV+ART>1Yr,0.88,0.0243
BLOOD,PMA/Iono,4,-,+,-,+,DEI 10K,HIV+ART>1Yr,1.15,0.0196
BLOOD,PMA/Iono,4,-,+,-,+,DEI 10L,HIV-,1.53,0.0233
BLOOD,PMA/Iono,4,-,+,-,+,DEI 10M,HIV-,0.62,0.0151
BLOOD,PMA/Iono,4,-,+,-,+,DEI 10N,HIV+ART>1Yr,0.49,0.0084
BLOOD,PMA/Iono,4,-,+,-,+,DEI 10P,HIV+ART>1Yr,0.497,0.0107
BLOOD,PMA/Iono,4,-,+,-,+,DEI 10Q,HIV-,1.57,0.0366
BLOOD,PMA/Iono,4,-,+,-,+,DEI 10R,HIV+ART>1Yr,0.97,0.0364
BLOOD,PMA/Iono,4,-,+,-,+,DEI 10S,HIV-,0.915,0.0183
BLOOD,PMA/Iono,4,-,+,-,+,DEI 10T,HIV-,0.45,0.0118
BLOOD,PMA/Iono,4,-,+,-,+,DEI 10U,HIV-,0.15,0.0081
BLOOD,PMA/Iono,4,-,+,-,+,DEI 10V,HIV-,0.8,0.0535
BLOOD,PMA/Iono,4,-,+,-,+,DEI 10W,HIV-,0.599,0.0497
BLOOD,PMA/Iono,4,-,+,-,+,DEI 10X,HIV-,0.98,0.0213
BLOOD,PMA/Iono,4,-,+,-,+,DEI 10Y,HIV-,0.374,0.0101
BLOOD,PMA/Iono,4,-,+,-,+,DEI 10Z,HIV+ART>1Yr,0.49,0.0085
BLOOD,PMA/Iono,4,-,+,-,+,DEI 110,HIV-,0.278,0.0083
BLOOD,PMA/Iono,4,-,+,-,+,DEI 111,HIV+ART>1Yr,0.256,0.0057
BLOOD,PMA/Iono,4,-,+,-,+,DEI 112,HIV+ART>1Yr,0.5,0.0084
BLOOD,PMA/Iono,4,-,+,-,+,DEI 113,HIV-,0.207,0.0142
BLOOD,PMA/Iono,4,-,+,-,+,DEI 114,HIV+ART>1Yr,2.6,0.0456
BLOOD,PMA/Iono,4,-,+,-,+,DEI 115,HIV+ART>1Yr,1.335,0.0295
BLOOD,PMA/Iono,4,-,+,-,+,DEI 117,HIV+ART>1Yr,1.214,0.048
BLOOD,PMA/Iono,4,-,+,-,+,DEI 118,HIV+ART>1Yr,0.989,0.0243
BLOOD,PMA/Iono,4,-,+,-,+,DEI 119,HIV+ART>1Yr,2.38,0.0483
BLOOD,PMA/Iono,4,-,+,-,+,DEI 11A,HIV+ART>1Yr,7.97,0.1334
BLOOD,PMA/Iono,4,-,+,-,+,DEI 11B,HIV-,0.287,0.0391
BLOOD,PMA/Iono,4,-,+,-,+,DEI 11C,HIV+ART>1Yr,0.08,0.0024
BLOOD,PMA/Iono,4,-,+,-,+,DEI 11D,HIV+ART>1Yr,0.91,0.0218
BLOOD,PMA/Iono,4,-,+,-,+,DEI 11E,HIV+ART>1Yr,5.003,0.0662
BLOOD,PMA/Iono,4,-,+,-,+,DEI 11F,HIV+ART>1Yr,9.4,0.1855
BLOOD,PMA/Iono,4,-,+,-,+,DEI 11G,HIV+ART>1Yr,3.98,0.0789
BLOOD,PMA/Iono,4,-,+,-,+,DEI 11H,HIV-,0.97,0.0141
BLOOD,PMA/Iono,4,-,+,-,+,DEI 11I,HIV+ART>1Yr,0.222,0.0038
BLOOD,PMA/Iono,4,-,+,-,+,DEI 11J,HIV+ART>1Yr,0.92,0.0283
BLOOD,PMA/Iono,4,-,+,-,+,DEI 11K,HIV-,0.99,0.0233
BLOOD,PMA/Iono,4,-,+,-,+,DEI 11M,HIV+ART>1Yr,0.001,0
BLOOD,PMA/Iono,4,-,+,-,+,DEI 11N,HIV-,0.001,0
BLOOD,PMA/Iono,4,-,+,-,+,DEI 11P,HIV+ART>1Yr,1.58,0.0233
BLOOD,PMA/Iono,4,-,+,-,+,DEI 11Q,HIV-,0.442,0.0111
BLOOD,PMA/Iono,4,-,+,-,+,DEI 11R,HIV+ART>1Yr,5.65,0.1503
BLOOD,PMA/Iono,4,-,+,-,+,DEI 11U,HIV-,0.591,0.0211
BLOOD,PMA/Iono,4,-,+,-,+,DEI 11V,HIV-,0.92,0.0364
BLOOD,PMA/Iono,4,-,+,-,+,DEI 11Y,HIV-,0.92,0.0136
BLOOD,PMA/Iono,4,-,+,-,+,DEI 11Z,HIV-,0.98,0.0226
BLOOD,PMA/Iono,4,-,+,-,+,DEI 13V,HIV-,1,0.0273
BLOOD,PMA/Iono,4,-,+,-,+,DEI 13W,HIV-,0.203,0.0077
BLOOD,PMA/Iono,4,-,+,-,+,DEI 141,HIV-,5.3,0.0683
BLOOD,PMA/Iono,4,-,+,-,+,DEI 143,HIV-,0.55,0.0199
BLOOD,PMA/Iono,4,-,-,+,+,DEI 103,HIV-,4.57,0.4597
BLOOD,PMA/Iono,4,-,-,+,+,DEI 104,HIV-,11.47,0.463
BLOOD,PMA/Iono,4,-,-,+,+,DEI 105,HIV-,15.797,0.3401
BLOOD,PMA/Iono,4,-,-,+,+,DEI 106,HIV-,22.699,0.3805
BLOOD,PMA/Iono,4,-,-,+,+,DEI 107,HIV-,16.096,0.3327
BLOOD,PMA/Iono,4,-,-,+,+,DEI 108,HIV-,18.095,0.404
BLOOD,PMA/Iono,4,-,-,+,+,DEI 109,HIV-,36,0.5316
BLOOD,PMA/Iono,4,-,-,+,+,DEI 10A,HIV-,29.153,0.5343
BLOOD,PMA/Iono,4,-,-,+,+,DEI 10B,HIV-,41.296,0.5127
BLOOD,PMA/Iono,4,-,-,+,+,DEI 10C,HIV-,27,0.5733
BLOOD,PMA/Iono,4,-,-,+,+,DEI 10D,HIV-,22.69,0.4938
BLOOD,PMA/Iono,4,-,-,+,+,DEI 10E,HIV-,7.55,0.3302
BLOOD,PMA/Iono,4,-,-,+,+,DEI 10F,HIV-,11,0.2523
BLOOD,PMA/Iono,4,-,-,+,+,DEI 10G,HIV-,6.742,0.3231
BLOOD,PMA/Iono,4,-,-,+,+,DEI 10H,HIV-,17.37,0.4302
BLOOD,PMA/Iono,4,-,-,+,+,DEI 10I,HIV-,29.595,0.485
BLOOD,PMA/Iono,4,-,-,+,+,DEI 10J,HIV+ART>1Yr,10.44,0.2885
BLOOD,PMA/Iono,4,-,-,+,+,DEI 10K,HIV+ART>1Yr,20.26,0.3448
BLOOD,PMA/Iono,4,-,-,+,+,DEI 10L,HIV-,35.98,0.5481
BLOOD,PMA/Iono,4,-,-,+,+,DEI 10M,HIV-,13.99,0.3403
BLOOD,PMA/Iono,4,-,-,+,+,DEI 10N,HIV+ART>1Yr,24.393,0.4196
BLOOD,PMA/Iono,4,-,-,+,+,DEI 10P,HIV+ART>1Yr,22.49,0.4857
BLOOD,PMA/Iono,4,-,-,+,+,DEI 10Q,HIV-,11.39,0.2656
BLOOD,PMA/Iono,4,-,-,+,+,DEI 10R,HIV+ART>1Yr,10.58,0.3973
BLOOD,PMA/Iono,4,-,-,+,+,DEI 10S,HIV-,20.991,0.4188
BLOOD,PMA/Iono,4,-,-,+,+,DEI 10T,HIV-,14.59,0.382
BLOOD,PMA/Iono,4,-,-,+,+,DEI 10U,HIV-,7.08,0.3812
BLOOD,PMA/Iono,4,-,-,+,+,DEI 10V,HIV-,2.797,0.187
BLOOD,PMA/Iono,4,-,-,+,+,DEI 10W,HIV-,2.366,0.1961
BLOOD,PMA/Iono,4,-,-,+,+,DEI 10X,HIV-,18.37,0.4
BLOOD,PMA/Iono,4,-,-,+,+,DEI 10Y,HIV-,16.59,0.4496
BLOOD,PMA/Iono,4,-,-,+,+,DEI 10Z,HIV+ART>1Yr,32.696,0.566
BLOOD,PMA/Iono,4,-,-,+,+,DEI 110,HIV-,13.29,0.3948
BLOOD,PMA/Iono,4,-,-,+,+,DEI 111,HIV+ART>1Yr,16.893,0.3748
BLOOD,PMA/Iono,4,-,-,+,+,DEI 112,HIV+ART>1Yr,21.84,0.3683
BLOOD,PMA/Iono,4,-,-,+,+,DEI 113,HIV-,4.074,0.2791
BLOOD,PMA/Iono,4,-,-,+,+,DEI 114,HIV+ART>1Yr,22.893,0.4013
BLOOD,PMA/Iono,4,-,-,+,+,DEI 115,HIV+ART>1Yr,19.693,0.4345
BLOOD,PMA/Iono,4,-,-,+,+,DEI 117,HIV+ART>1Yr,8.82,0.3488
BLOOD,PMA/Iono,4,-,-,+,+,DEI 118,HIV+ART>1Yr,15.596,0.3839
BLOOD,PMA/Iono,4,-,-,+,+,DEI 119,HIV+ART>1Yr,23.75,0.4819
BLOOD,PMA/Iono,4,-,-,+,+,DEI 11A,HIV+ART>1Yr,16.64,0.2786
BLOOD,PMA/Iono,4,-,-,+,+,DEI 11B,HIV-,1.937,0.2642
BLOOD,PMA/Iono,4,-,-,+,+,DEI 11C,HIV+ART>1Yr,10.98,0.3289
BLOOD,PMA/Iono,4,-,-,+,+,DEI 11D,HIV+ART>1Yr,9.367,0.2249
BLOOD,PMA/Iono,4,-,-,+,+,DEI 11E,HIV+ART>1Yr,36.17,0.4788
BLOOD,PMA/Iono,4,-,-,+,+,DEI 11F,HIV+ART>1Yr,17.27,0.3407
BLOOD,PMA/Iono,4,-,-,+,+,DEI 11G,HIV+ART>1Yr,20.65,0.4094
BLOOD,PMA/Iono,4,-,-,+,+,DEI 11H,HIV-,40.78,0.5939
BLOOD,PMA/Iono,4,-,-,+,+,DEI 11I,HIV+ART>1Yr,32.69,0.5531
BLOOD,PMA/Iono,4,-,-,+,+,DEI 11J,HIV+ART>1Yr,9.683,0.298
BLOOD,PMA/Iono,4,-,-,+,+,DEI 11K,HIV-,19.86,0.4678
BLOOD,PMA/Iono,4,-,-,+,+,DEI 11M,HIV+ART>1Yr,11.91,0.1818
BLOOD,PMA/Iono,4,-,-,+,+,DEI 11N,HIV-,1.95,0.0432
BLOOD,PMA/Iono,4,-,-,+,+,DEI 11P,HIV+ART>1Yr,30.1,0.4446
BLOOD,PMA/Iono,4,-,-,+,+,DEI 11Q,HIV-,12.7,0.3195
BLOOD,PMA/Iono,4,-,-,+,+,DEI 11R,HIV+ART>1Yr,7.568,0.2014
BLOOD,PMA/Iono,4,-,-,+,+,DEI 11U,HIV-,7.38,0.2633
BLOOD,PMA/Iono,4,-,-,+,+,DEI 11V,HIV-,5.49,0.2171
BLOOD,PMA/Iono,4,-,-,+,+,DEI 11Y,HIV-,10.999,0.1623
BLOOD,PMA/Iono,4,-,-,+,+,DEI 11Z,HIV-,10.591,0.244
BLOOD,PMA/Iono,4,-,-,+,+,DEI 13V,HIV-,13.399,0.3654
BLOOD,PMA/Iono,4,-,-,+,+,DEI 13W,HIV-,8.63,0.327
BLOOD,PMA/Iono,4,-,-,+,+,DEI 141,HIV-,26.199,0.3375
BLOOD,PMA/Iono,4,-,-,+,+,DEI 143,HIV-,1.97,0.0712
BLOOD,PMA/Iono,4,-,-,+,-,DEI 103,HIV-,0.25,0.0251
BLOOD,PMA/Iono,4,-,-,+,-,DEI 104,HIV-,0.39,0.0157
BLOOD,PMA/Iono,4,-,-,+,-,DEI 105,HIV-,1.01,0.0217
BLOOD,PMA/Iono,4,-,-,+,-,DEI 106,HIV-,1.26,0.0211
BLOOD,PMA/Iono,4,-,-,+,-,DEI 107,HIV-,0.68,0.0141
BLOOD,PMA/Iono,4,-,-,+,-,DEI 108,HIV-,2.54,0.0567
BLOOD,PMA/Iono,4,-,-,+,-,DEI 109,HIV-,0.001,0
BLOOD,PMA/Iono,4,-,-,+,-,DEI 10A,HIV-,0.315,0.0058
BLOOD,PMA/Iono,4,-,-,+,-,DEI 10B,HIV-,0.47,0.0058
BLOOD,PMA/Iono,4,-,-,+,-,DEI 10C,HIV-,0.42,0.0089
BLOOD,PMA/Iono,4,-,-,+,-,DEI 10D,HIV-,0.4,0.0087
BLOOD,PMA/Iono,4,-,-,+,-,DEI 10E,HIV-,0.33,0.0144
BLOOD,PMA/Iono,4,-,-,+,-,DEI 10F,HIV-,0.61,0.014
BLOOD,PMA/Iono,4,-,-,+,-,DEI 10G,HIV-,0.6,0.0288
BLOOD,PMA/Iono,4,-,-,+,-,DEI 10H,HIV-,1.03,0.0255
BLOOD,PMA/Iono,4,-,-,+,-,DEI 10I,HIV-,2.28,0.0374
BLOOD,PMA/Iono,4,-,-,+,-,DEI 10J,HIV+ART>1Yr,0.77,0.0213
BLOOD,PMA/Iono,4,-,-,+,-,DEI 10K,HIV+ART>1Yr,10.56,0.1797
BLOOD,PMA/Iono,4,-,-,+,-,DEI 10L,HIV-,1.15,0.0175
BLOOD,PMA/Iono,4,-,-,+,-,DEI 10M,HIV-,0.91,0.0221
BLOOD,PMA/Iono,4,-,-,+,-,DEI 10N,HIV+ART>1Yr,7.88,0.1355
BLOOD,PMA/Iono,4,-,-,+,-,DEI 10P,HIV+ART>1Yr,5.03,0.1086
BLOOD,PMA/Iono,4,-,-,+,-,DEI 10Q,HIV-,0.9,0.021
BLOOD,PMA/Iono,4,-,-,+,-,DEI 10R,HIV+ART>1Yr,1.34,0.0503
BLOOD,PMA/Iono,4,-,-,+,-,DEI 10S,HIV-,0.73,0.0146
BLOOD,PMA/Iono,4,-,-,+,-,DEI 10T,HIV-,1.62,0.0424
BLOOD,PMA/Iono,4,-,-,+,-,DEI 10U,HIV-,0.83,0.0447
BLOOD,PMA/Iono,4,-,-,+,-,DEI 10V,HIV-,0.67,0.0448
BLOOD,PMA/Iono,4,-,-,+,-,DEI 10W,HIV-,0.32,0.0265
BLOOD,PMA/Iono,4,-,-,+,-,DEI 10X,HIV-,1.1,0.0239
BLOOD,PMA/Iono,4,-,-,+,-,DEI 10Y,HIV-,0.9,0.0244
BLOOD,PMA/Iono,4,-,-,+,-,DEI 10Z,HIV+ART>1Yr,1.53,0.0265
BLOOD,PMA/Iono,4,-,-,+,-,DEI 110,HIV-,2.03,0.0603
BLOOD,PMA/Iono,4,-,-,+,-,DEI 111,HIV+ART>1Yr,1.26,0.028
BLOOD,PMA/Iono,4,-,-,+,-,DEI 112,HIV+ART>1Yr,0.7,0.0118
BLOOD,PMA/Iono,4,-,-,+,-,DEI 113,HIV-,0.63,0.0432
BLOOD,PMA/Iono,4,-,-,+,-,DEI 114,HIV+ART>1Yr,1.62,0.0284
BLOOD,PMA/Iono,4,-,-,+,-,DEI 115,HIV+ART>1Yr,1.85,0.0408
BLOOD,PMA/Iono,4,-,-,+,-,DEI 117,HIV+ART>1Yr,0.68,0.0269
BLOOD,PMA/Iono,4,-,-,+,-,DEI 118,HIV+ART>1Yr,2.32,0.0571
BLOOD,PMA/Iono,4,-,-,+,-,DEI 119,HIV+ART>1Yr,2.04,0.0414
BLOOD,PMA/Iono,4,-,-,+,-,DEI 11A,HIV+ART>1Yr,2.44,0.0408
BLOOD,PMA/Iono,4,-,-,+,-,DEI 11B,HIV-,0.86,0.1173
BLOOD,PMA/Iono,4,-,-,+,-,DEI 11C,HIV+ART>1Yr,1.48,0.0443
BLOOD,PMA/Iono,4,-,-,+,-,DEI 11D,HIV+ART>1Yr,0.74,0.0178
BLOOD,PMA/Iono,4,-,-,+,-,DEI 11E,HIV+ART>1Yr,2.62,0.0347
BLOOD,PMA/Iono,4,-,-,+,-,DEI 11F,HIV+ART>1Yr,2.27,0.0448
BLOOD,PMA/Iono,4,-,-,+,-,DEI 11G,HIV+ART>1Yr,2.19,0.0434
BLOOD,PMA/Iono,4,-,-,+,-,DEI 11H,HIV-,1.65,0.024
BLOOD,PMA/Iono,4,-,-,+,-,DEI 11I,HIV+ART>1Yr,3.26,0.0552
BLOOD,PMA/Iono,4,-,-,+,-,DEI 11J,HIV+ART>1Yr,2.84,0.0874
BLOOD,PMA/Iono,4,-,-,+,-,DEI 11K,HIV-,1.78,0.0419
BLOOD,PMA/Iono,4,-,-,+,-,DEI 11M,HIV+ART>1Yr,0.001,0
BLOOD,PMA/Iono,4,-,-,+,-,DEI 11N,HIV-,0.001,0
BLOOD,PMA/Iono,4,-,-,+,-,DEI 11P,HIV+ART>1Yr,1.14,0.0168
BLOOD,PMA/Iono,4,-,-,+,-,DEI 11Q,HIV-,1.73,0.0435
BLOOD,PMA/Iono,4,-,-,+,-,DEI 11R,HIV+ART>1Yr,2.53,0.0673
BLOOD,PMA/Iono,4,-,-,+,-,DEI 11U,HIV-,0.436,0.0156
BLOOD,PMA/Iono,4,-,-,+,-,DEI 11V,HIV-,0.36,0.0142
BLOOD,PMA/Iono,4,-,-,+,-,DEI 11Y,HIV-,0.3,0.0044
BLOOD,PMA/Iono,4,-,-,+,-,DEI 11Z,HIV-,1.66,0.0382
BLOOD,PMA/Iono,4,-,-,+,-,DEI 13V,HIV-,0.97,0.0265
BLOOD,PMA/Iono,4,-,-,+,-,DEI 13W,HIV-,0.32,0.0121
BLOOD,PMA/Iono,4,-,-,+,-,DEI 141,HIV-,0.335,0.0043
BLOOD,PMA/Iono,4,-,-,+,-,DEI 143,HIV-,0.132,0.0048
BLOOD,PMA/Iono,4,-,-,-,+,DEI 103,HIV-,3.7,0.3722
BLOOD,PMA/Iono,4,-,-,-,+,DEI 104,HIV-,10.63,0.4291
BLOOD,PMA/Iono,4,-,-,-,+,DEI 105,HIV-,26.57,0.572
BLOOD,PMA/Iono,4,-,-,-,+,DEI 106,HIV-,31.65,0.5305
BLOOD,PMA/Iono,4,-,-,-,+,DEI 107,HIV-,29.96,0.6192
BLOOD,PMA/Iono,4,-,-,-,+,DEI 108,HIV-,20.97,0.4682
BLOOD,PMA/Iono,4,-,-,-,+,DEI 109,HIV-,30.61,0.452
BLOOD,PMA/Iono,4,-,-,-,+,DEI 10A,HIV-,20.095,0.3683
BLOOD,PMA/Iono,4,-,-,-,+,DEI 10B,HIV-,19.15,0.2378
BLOOD,PMA/Iono,4,-,-,-,+,DEI 10C,HIV-,19.03,0.4041
BLOOD,PMA/Iono,4,-,-,-,+,DEI 10D,HIV-,22.38,0.487
BLOOD,PMA/Iono,4,-,-,-,+,DEI 10E,HIV-,7.28,0.3184
BLOOD,PMA/Iono,4,-,-,-,+,DEI 10F,HIV-,11.78,0.2702
BLOOD,PMA/Iono,4,-,-,-,+,DEI 10G,HIV-,12.46,0.5971
BLOOD,PMA/Iono,4,-,-,-,+,DEI 10H,HIV-,19.26,0.477
BLOOD,PMA/Iono,4,-,-,-,+,DEI 10I,HIV-,28.43,0.4659
BLOOD,PMA/Iono,4,-,-,-,+,DEI 10J,HIV+ART>1Yr,22.86,0.6318
BLOOD,PMA/Iono,4,-,-,-,+,DEI 10K,HIV+ART>1Yr,25.54,0.4346
BLOOD,PMA/Iono,4,-,-,-,+,DEI 10L,HIV-,23.77,0.3621
BLOOD,PMA/Iono,4,-,-,-,+,DEI 10M,HIV-,24.41,0.5937
BLOOD,PMA/Iono,4,-,-,-,+,DEI 10N,HIV+ART>1Yr,24.06,0.4138
BLOOD,PMA/Iono,4,-,-,-,+,DEI 10P,HIV+ART>1Yr,17.62,0.3806
BLOOD,PMA/Iono,4,-,-,-,+,DEI 10Q,HIV-,25.73,0.5999
BLOOD,PMA/Iono,4,-,-,-,+,DEI 10R,HIV+ART>1Yr,11.24,0.4221
BLOOD,PMA/Iono,4,-,-,-,+,DEI 10S,HIV-,25.92,0.5171
BLOOD,PMA/Iono,4,-,-,-,+,DEI 10T,HIV-,20.76,0.5436
BLOOD,PMA/Iono,4,-,-,-,+,DEI 10U,HIV-,10.15,0.5465
BLOOD,PMA/Iono,4,-,-,-,+,DEI 10V,HIV-,10.15,0.6785
BLOOD,PMA/Iono,4,-,-,-,+,DEI 10W,HIV-,8.3,0.688
BLOOD,PMA/Iono,4,-,-,-,+,DEI 10X,HIV-,24.55,0.5345
BLOOD,PMA/Iono,4,-,-,-,+,DEI 10Y,HIV-,18.13,0.4913
BLOOD,PMA/Iono,4,-,-,-,+,DEI 10Z,HIV+ART>1Yr,21.8,0.3774
BLOOD,PMA/Iono,4,-,-,-,+,DEI 110,HIV-,17.41,0.5172
BLOOD,PMA/Iono,4,-,-,-,+,DEI 111,HIV+ART>1Yr,25.98,0.5763
BLOOD,PMA/Iono,4,-,-,-,+,DEI 112,HIV+ART>1Yr,35.22,0.594
BLOOD,PMA/Iono,4,-,-,-,+,DEI 113,HIV-,9.31,0.6378
BLOOD,PMA/Iono,4,-,-,-,+,DEI 114,HIV+ART>1Yr,26.46,0.4638
BLOOD,PMA/Iono,4,-,-,-,+,DEI 115,HIV+ART>1Yr,20.14,0.4444
BLOOD,PMA/Iono,4,-,-,-,+,DEI 117,HIV+ART>1Yr,13.35,0.5279
BLOOD,PMA/Iono,4,-,-,-,+,DEI 118,HIV+ART>1Yr,20.63,0.5078
BLOOD,PMA/Iono,4,-,-,-,+,DEI 119,HIV+ART>1Yr,17.25,0.35
BLOOD,PMA/Iono,4,-,-,-,+,DEI 11A,HIV+ART>1Yr,25.79,0.4318
BLOOD,PMA/Iono,4,-,-,-,+,DEI 11B,HIV-,3.94,0.5374
BLOOD,PMA/Iono,4,-,-,-,+,DEI 11C,HIV+ART>1Yr,20.45,0.6126
BLOOD,PMA/Iono,4,-,-,-,+,DEI 11D,HIV+ART>1Yr,29.62,0.7111
BLOOD,PMA/Iono,4,-,-,-,+,DEI 11E,HIV+ART>1Yr,26.03,0.3446
BLOOD,PMA/Iono,4,-,-,-,+,DEI 11F,HIV+ART>1Yr,13.94,0.275
BLOOD,PMA/Iono,4,-,-,-,+,DEI 11G,HIV+ART>1Yr,20.43,0.4051
BLOOD,PMA/Iono,4,-,-,-,+,DEI 11H,HIV-,23.76,0.346
BLOOD,PMA/Iono,4,-,-,-,+,DEI 11I,HIV+ART>1Yr,22.01,0.3724
BLOOD,PMA/Iono,4,-,-,-,+,DEI 11J,HIV+ART>1Yr,16.49,0.5074
BLOOD,PMA/Iono,4,-,-,-,+,DEI 11K,HIV-,17.76,0.4183
BLOOD,PMA/Iono,4,-,-,-,+,DEI 11M,HIV+ART>1Yr,52.66,0.8038
BLOOD,PMA/Iono,4,-,-,-,+,DEI 11N,HIV-,42.62,0.9444
BLOOD,PMA/Iono,4,-,-,-,+,DEI 11P,HIV+ART>1Yr,27.96,0.413
BLOOD,PMA/Iono,4,-,-,-,+,DEI 11Q,HIV-,23.55,0.5924
BLOOD,PMA/Iono,4,-,-,-,+,DEI 11R,HIV+ART>1Yr,15.17,0.4037
BLOOD,PMA/Iono,4,-,-,-,+,DEI 11U,HIV-,18.97,0.6767
BLOOD,PMA/Iono,4,-,-,-,+,DEI 11V,HIV-,17.75,0.7019
BLOOD,PMA/Iono,4,-,-,-,+,DEI 11Y,HIV-,54.32,0.8017
BLOOD,PMA/Iono,4,-,-,-,+,DEI 11Z,HIV-,20.78,0.4788
BLOOD,PMA/Iono,4,-,-,-,+,DEI 13V,HIV-,19.56,0.5334
BLOOD,PMA/Iono,4,-,-,-,+,DEI 13W,HIV-,16.78,0.6358
BLOOD,PMA/Iono,4,-,-,-,+,DEI 141,HIV-,41.84,0.5391
BLOOD,PMA/Iono,4,-,-,-,+,DEI 143,HIV-,23.63,0.8545
BLOOD,PMA/Iono,8,+,+,+,+,DEI 103,HIV-,0.04,0.0008
BLOOD,PMA/Iono,8,+,+,+,+,DEI 104,HIV-,0.07,0.0016
BLOOD,PMA/Iono,8,+,+,+,+,DEI 105,HIV-,0.01,0.0002
BLOOD,PMA/Iono,8,+,+,+,+,DEI 106,HIV-,0.007,0.0001
BLOOD,PMA/Iono,8,+,+,+,+,DEI 107,HIV-,0.02,0.0003
BLOOD,PMA/Iono,8,+,+,+,+,DEI 108,HIV-,0.003,0.0001
BLOOD,PMA/Iono,8,+,+,+,+,DEI 109,HIV-,0.02,0.0004
BLOOD,PMA/Iono,8,+,+,+,+,DEI 10A,HIV-,0.09,0.0031
BLOOD,PMA/Iono,8,+,+,+,+,DEI 10B,HIV-,0.03,0.0004
BLOOD,PMA/Iono,8,+,+,+,+,DEI 10C,HIV-,0.004,0.0001
BLOOD,PMA/Iono,8,+,+,+,+,DEI 10D,HIV-,0.002,0.0001
BLOOD,PMA/Iono,8,+,+,+,+,DEI 10E,HIV-,0.008,0.0001
BLOOD,PMA/Iono,8,+,+,+,+,DEI 10F,HIV-,0.15,0.0021
BLOOD,PMA/Iono,8,+,+,+,+,DEI 10G,HIV-,0.02,0.0006
BLOOD,PMA/Iono,8,+,+,+,+,DEI 10H,HIV-,0.07,0.0025
BLOOD,PMA/Iono,8,+,+,+,+,DEI 10I,HIV-,0.003,0.0001
BLOOD,PMA/Iono,8,+,+,+,+,DEI 10J,HIV+ART>1Yr,0.02,0.0008
BLOOD,PMA/Iono,8,+,+,+,+,DEI 10K,HIV+ART>1Yr,0.006,0.0001
BLOOD,PMA/Iono,8,+,+,+,+,DEI 10L,HIV-,0.005,0.0002
BLOOD,PMA/Iono,8,+,+,+,+,DEI 10M,HIV-,0.001,0
BLOOD,PMA/Iono,8,+,+,+,+,DEI 10N,HIV+ART>1Yr,0.01,0.0002
BLOOD,PMA/Iono,8,+,+,+,+,DEI 10P,HIV+ART>1Yr,0.008,0.0001
BLOOD,PMA/Iono,8,+,+,+,+,DEI 10Q,HIV-,0.02,0.0006
BLOOD,PMA/Iono,8,+,+,+,+,DEI 10R,HIV+ART>1Yr,0.006,0.0001
BLOOD,PMA/Iono,8,+,+,+,+,DEI 10S,HIV-,0.008,0.0004
BLOOD,PMA/Iono,8,+,+,+,+,DEI 10T,HIV-,0.006,0.0001
BLOOD,PMA/Iono,8,+,+,+,+,DEI 10U,HIV-,0.03,0.0014
BLOOD,PMA/Iono,8,+,+,+,+,DEI 10V,HIV-,0.01,0.0006
BLOOD,PMA/Iono,8,+,+,+,+,DEI 10W,HIV-,0.03,0.0017
BLOOD,PMA/Iono,8,+,+,+,+,DEI 10X,HIV-,0.008,0.0001
BLOOD,PMA/Iono,8,+,+,+,+,DEI 10Y,HIV-,0.008,0.0002
BLOOD,PMA/Iono,8,+,+,+,+,DEI 10Z,HIV+ART>1Yr,0.002,0.0001
BLOOD,PMA/Iono,8,+,+,+,+,DEI 110,HIV-,0.01,0.0003
BLOOD,PMA/Iono,8,+,+,+,+,DEI 111,HIV+ART>1Yr,0.01,0.0002
BLOOD,PMA/Iono,8,+,+,+,+,DEI 112,HIV+ART>1Yr,0.02,0.0005
BLOOD,PMA/Iono,8,+,+,+,+,DEI 113,HIV-,0.005,0.0001
BLOOD,PMA/Iono,8,+,+,+,+,DEI 114,HIV+ART>1Yr,0.02,0.0005
BLOOD,PMA/Iono,8,+,+,+,+,DEI 115,HIV+ART>1Yr,0.01,0.0003
BLOOD,PMA/Iono,8,+,+,+,+,DEI 117,HIV+ART>1Yr,0.01,0.0003
BLOOD,PMA/Iono,8,+,+,+,+,DEI 118,HIV+ART>1Yr,0.006,0.0003
BLOOD,PMA/Iono,8,+,+,+,+,DEI 119,HIV+ART>1Yr,0.04,0.0014
BLOOD,PMA/Iono,8,+,+,+,+,DEI 11A,HIV+ART>1Yr,0.13,0.0019
BLOOD,PMA/Iono,8,+,+,+,+,DEI 11B,HIV-,0.008,0.0008
BLOOD,PMA/Iono,8,+,+,+,+,DEI 11C,HIV+ART>1Yr,0.02,0.0006
BLOOD,PMA/Iono,8,+,+,+,+,DEI 11D,HIV+ART>1Yr,0.02,0.0007
BLOOD,PMA/Iono,8,+,+,+,+,DEI 11E,HIV+ART>1Yr,0.05,0.0007
BLOOD,PMA/Iono,8,+,+,+,+,DEI 11F,HIV+ART>1Yr,0.1,0.0013
BLOOD,PMA/Iono,8,+,+,+,+,DEI 11G,HIV+ART>1Yr,0.008,0.0001
BLOOD,PMA/Iono,8,+,+,+,+,DEI 11H,HIV-,0.002,0
BLOOD,PMA/Iono,8,+,+,+,+,DEI 11I,HIV+ART>1Yr,0.02,0.0003
BLOOD,PMA/Iono,8,+,+,+,+,DEI 11J,HIV+ART>1Yr,0.02,0.0005
BLOOD,PMA/Iono,8,+,+,+,+,DEI 11K,HIV-,0.004,0.0001
BLOOD,PMA/Iono,8,+,+,+,+,DEI 11M,HIV+ART>1Yr,0.001,0
BLOOD,PMA/Iono,8,+,+,+,+,DEI 11N,HIV-,0.001,0
BLOOD,PMA/Iono,8,+,+,+,+,DEI 11P,HIV+ART>1Yr,0.21,0.0029
BLOOD,PMA/Iono,8,+,+,+,+,DEI 11Q,HIV-,0.06,0.0028
BLOOD,PMA/Iono,8,+,+,+,+,DEI 11R,HIV+ART>1Yr,0.02,0.0005
BLOOD,PMA/Iono,8,+,+,+,+,DEI 11U,HIV-,0.03,0.0008
BLOOD,PMA/Iono,8,+,+,+,+,DEI 11V,HIV-,0.001,0
BLOOD,PMA/Iono,8,+,+,+,+,DEI 11Y,HIV-,0.001,0
BLOOD,PMA/Iono,8,+,+,+,+,DEI 11Z,HIV-,0.02,0.0003
BLOOD,PMA/Iono,8,+,+,+,+,DEI 13V,HIV-,0.01,0.0002
BLOOD,PMA/Iono,8,+,+,+,+,DEI 13W,HIV-,0.02,0.0005
BLOOD,PMA/Iono,8,+,+,+,+,DEI 141,HIV-,0.01,0.0002
BLOOD,PMA/Iono,8,+,+,+,+,DEI 143,HIV-,0.001,0
BLOOD,PMA/Iono,8,+,+,+,-,DEI 103,HIV-,0.001,0
BLOOD,PMA/Iono,8,+,+,+,-,DEI 104,HIV-,0.048,0.0011
BLOOD,PMA/Iono,8,+,+,+,-,DEI 105,HIV-,0.007,0.0001
BLOOD,PMA/Iono,8,+,+,+,-,DEI 106,HIV-,0.002,0
BLOOD,PMA/Iono,8,+,+,+,-,DEI 107,HIV-,0.001,0
BLOOD,PMA/Iono,8,+,+,+,-,DEI 108,HIV-,0.001,0
BLOOD,PMA/Iono,8,+,+,+,-,DEI 109,HIV-,0.001,0
BLOOD,PMA/Iono,8,+,+,+,-,DEI 10A,HIV-,0.01,0.0003
BLOOD,PMA/Iono,8,+,+,+,-,DEI 10B,HIV-,0.001,0
BLOOD,PMA/Iono,8,+,+,+,-,DEI 10C,HIV-,0.001,0
BLOOD,PMA/Iono,8,+,+,+,-,DEI 10D,HIV-,0.002,0.0001
BLOOD,PMA/Iono,8,+,+,+,-,DEI 10E,HIV-,0.02,0.0004
BLOOD,PMA/Iono,8,+,+,+,-,DEI 10F,HIV-,0.03,0.0004
BLOOD,PMA/Iono,8,+,+,+,-,DEI 10G,HIV-,0.029,0.0008
BLOOD,PMA/Iono,8,+,+,+,-,DEI 10H,HIV-,0.04,0.0014
BLOOD,PMA/Iono,8,+,+,+,-,DEI 10I,HIV-,0.006,0.0001
BLOOD,PMA/Iono,8,+,+,+,-,DEI 10J,HIV+ART>1Yr,0.02,0.0008
BLOOD,PMA/Iono,8,+,+,+,-,DEI 10K,HIV+ART>1Yr,0.001,0
BLOOD,PMA/Iono,8,+,+,+,-,DEI 10L,HIV-,0.005,0.0002
BLOOD,PMA/Iono,8,+,+,+,-,DEI 10M,HIV-,0.001,0
BLOOD,PMA/Iono,8,+,+,+,-,DEI 10N,HIV+ART>1Yr,0.001,0
BLOOD,PMA/Iono,8,+,+,+,-,DEI 10P,HIV+ART>1Yr,0.004,0.0001
BLOOD,PMA/Iono,8,+,+,+,-,DEI 10Q,HIV-,0.006,0.0002
BLOOD,PMA/Iono,8,+,+,+,-,DEI 10R,HIV+ART>1Yr,0.001,0
BLOOD,PMA/Iono,8,+,+,+,-,DEI 10S,HIV-,0.02,0.001
BLOOD,PMA/Iono,8,+,+,+,-,DEI 10T,HIV-,0.001,0
BLOOD,PMA/Iono,8,+,+,+,-,DEI 10U,HIV-,0.02,0.0009
BLOOD,PMA/Iono,8,+,+,+,-,DEI 10V,HIV-,0.008,0.0004
BLOOD,PMA/Iono,8,+,+,+,-,DEI 10W,HIV-,0.004,0.0002
BLOOD,PMA/Iono,8,+,+,+,-,DEI 10X,HIV-,0.004,0
BLOOD,PMA/Iono,8,+,+,+,-,DEI 10Y,HIV-,0.005,0.0001
BLOOD,PMA/Iono,8,+,+,+,-,DEI 10Z,HIV+ART>1Yr,0.003,0.0001
BLOOD,PMA/Iono,8,+,+,+,-,DEI 110,HIV-,0.001,0
BLOOD,PMA/Iono,8,+,+,+,-,DEI 111,HIV+ART>1Yr,0.008,0.0002
BLOOD,PMA/Iono,8,+,+,+,-,DEI 112,HIV+ART>1Yr,0.005,0.0001
BLOOD,PMA/Iono,8,+,+,+,-,DEI 113,HIV-,0.003,0.0001
BLOOD,PMA/Iono,8,+,+,+,-,DEI 114,HIV+ART>1Yr,0.01,0.0003
BLOOD,PMA/Iono,8,+,+,+,-,DEI 115,HIV+ART>1Yr,0.01,0.0003
BLOOD,PMA/Iono,8,+,+,+,-,DEI 117,HIV+ART>1Yr,0.003,0.0001
BLOOD,PMA/Iono,8,+,+,+,-,DEI 118,HIV+ART>1Yr,0.002,0.0001
BLOOD,PMA/Iono,8,+,+,+,-,DEI 119,HIV+ART>1Yr,0.02,0.0007
BLOOD,PMA/Iono,8,+,+,+,-,DEI 11A,HIV+ART>1Yr,0.01,0.0001
BLOOD,PMA/Iono,8,+,+,+,-,DEI 11B,HIV-,0.01,0.001
BLOOD,PMA/Iono,8,+,+,+,-,DEI 11C,HIV+ART>1Yr,0.02,0.0006
BLOOD,PMA/Iono,8,+,+,+,-,DEI 11D,HIV+ART>1Yr,0.02,0.0007
BLOOD,PMA/Iono,8,+,+,+,-,DEI 11E,HIV+ART>1Yr,0.01,0.0001
BLOOD,PMA/Iono,8,+,+,+,-,DEI 11F,HIV+ART>1Yr,0.04,0.0005
BLOOD,PMA/Iono,8,+,+,+,-,DEI 11G,HIV+ART>1Yr,0.006,0.0001
BLOOD,PMA/Iono,8,+,+,+,-,DEI 11H,HIV-,0.002,0
BLOOD,PMA/Iono,8,+,+,+,-,DEI 11I,HIV+ART>1Yr,0.003,0
BLOOD,PMA/Iono,8,+,+,+,-,DEI 11J,HIV+ART>1Yr,0.02,0.0005
BLOOD,PMA/Iono,8,+,+,+,-,DEI 11K,HIV-,0.001,0
BLOOD,PMA/Iono,8,+,+,+,-,DEI 11M,HIV+ART>1Yr,0.001,0
BLOOD,PMA/Iono,8,+,+,+,-,DEI 11N,HIV-,0.001,0
BLOOD,PMA/Iono,8,+,+,+,-,DEI 11P,HIV+ART>1Yr,0.05,0.0007
BLOOD,PMA/Iono,8,+,+,+,-,DEI 11Q,HIV-,0.02,0.0009
BLOOD,PMA/Iono,8,+,+,+,-,DEI 11R,HIV+ART>1Yr,0.002,0.0001
BLOOD,PMA/Iono,8,+,+,+,-,DEI 11U,HIV-,0.007,0.0002
BLOOD,PMA/Iono,8,+,+,+,-,DEI 11V,HIV-,0.001,0
BLOOD,PMA/Iono,8,+,+,+,-,DEI 11Y,HIV-,0.001,0
BLOOD,PMA/Iono,8,+,+,+,-,DEI 11Z,HIV-,0.001,0
BLOOD,PMA/Iono,8,+,+,+,-,DEI 13V,HIV-,0.003,0.0001
BLOOD,PMA/Iono,8,+,+,+,-,DEI 13W,HIV-,0.02,0.0005
BLOOD,PMA/Iono,8,+,+,+,-,DEI 141,HIV-,0.001,0
BLOOD,PMA/Iono,8,+,+,+,-,DEI 143,HIV-,0.001,0
BLOOD,PMA/Iono,8,+,+,-,+,DEI 103,HIV-,0.008,0.0002
BLOOD,PMA/Iono,8,+,+,-,+,DEI 104,HIV-,0.009,0.0002
BLOOD,PMA/Iono,8,+,+,-,+,DEI 105,HIV-,0.01,0.0002
BLOOD,PMA/Iono,8,+,+,-,+,DEI 106,HIV-,0.002,0
BLOOD,PMA/Iono,8,+,+,-,+,DEI 107,HIV-,0.001,0
BLOOD,PMA/Iono,8,+,+,-,+,DEI 108,HIV-,0.001,0
BLOOD,PMA/Iono,8,+,+,-,+,DEI 109,HIV-,0.001,0
BLOOD,PMA/Iono,8,+,+,-,+,DEI 10A,HIV-,0.002,0.0001
BLOOD,PMA/Iono,8,+,+,-,+,DEI 10B,HIV-,0.001,0
BLOOD,PMA/Iono,8,+,+,-,+,DEI 10C,HIV-,0.002,0
BLOOD,PMA/Iono,8,+,+,-,+,DEI 10D,HIV-,0.001,0
BLOOD,PMA/Iono,8,+,+,-,+,DEI 10E,HIV-,0.008,0.0001
BLOOD,PMA/Iono,8,+,+,-,+,DEI 10F,HIV-,0.06,0.0008
BLOOD,PMA/Iono,8,+,+,-,+,DEI 10G,HIV-,0.02,0.0006
BLOOD,PMA/Iono,8,+,+,-,+,DEI 10H,HIV-,0.001,0
BLOOD,PMA/Iono,8,+,+,-,+,DEI 10I,HIV-,0.01,0.0002
BLOOD,PMA/Iono,8,+,+,-,+,DEI 10J,HIV+ART>1Yr,0.003,0.0001
BLOOD,PMA/Iono,8,+,+,-,+,DEI 10K,HIV+ART>1Yr,0.009,0.0002
BLOOD,PMA/Iono,8,+,+,-,+,DEI 10L,HIV-,0.004,0.0001
BLOOD,PMA/Iono,8,+,+,-,+,DEI 10M,HIV-,0.001,0
BLOOD,PMA/Iono,8,+,+,-,+,DEI 10N,HIV+ART>1Yr,0.006,0.0001
BLOOD,PMA/Iono,8,+,+,-,+,DEI 10P,HIV+ART>1Yr,0.002,0
BLOOD,PMA/Iono,8,+,+,-,+,DEI 10Q,HIV-,0.006,0.0002
BLOOD,PMA/Iono,8,+,+,-,+,DEI 10R,HIV+ART>1Yr,0.006,0.0001
BLOOD,PMA/Iono,8,+,+,-,+,DEI 10S,HIV-,0.008,0.0004
BLOOD,PMA/Iono,8,+,+,-,+,DEI 10T,HIV-,0.009,0.0002
BLOOD,PMA/Iono,8,+,+,-,+,DEI 10U,HIV-,0.03,0.0014
BLOOD,PMA/Iono,8,+,+,-,+,DEI 10V,HIV-,0.01,0.0006
BLOOD,PMA/Iono,8,+,+,-,+,DEI 10W,HIV-,0.03,0.0017
BLOOD,PMA/Iono,8,+,+,-,+,DEI 10X,HIV-,0.002,0
BLOOD,PMA/Iono,8,+,+,-,+,DEI 10Y,HIV-,0.001,0
BLOOD,PMA/Iono,8,+,+,-,+,DEI 10Z,HIV+ART>1Yr,0.001,0
BLOOD,PMA/Iono,8,+,+,-,+,DEI 110,HIV-,0.01,0.0003
BLOOD,PMA/Iono,8,+,+,-,+,DEI 111,HIV+ART>1Yr,0.004,0.0001
BLOOD,PMA/Iono,8,+,+,-,+,DEI 112,HIV+ART>1Yr,0.01,0.0002
BLOOD,PMA/Iono,8,+,+,-,+,DEI 113,HIV-,0.003,0.0001
BLOOD,PMA/Iono,8,+,+,-,+,DEI 114,HIV+ART>1Yr,0.005,0.0001
BLOOD,PMA/Iono,8,+,+,-,+,DEI 115,HIV+ART>1Yr,0.007,0.0002
BLOOD,PMA/Iono,8,+,+,-,+,DEI 117,HIV+ART>1Yr,0.009,0.0002
BLOOD,PMA/Iono,8,+,+,-,+,DEI 118,HIV+ART>1Yr,0.001,0
BLOOD,PMA/Iono,8,+,+,-,+,DEI 119,HIV+ART>1Yr,0.006,0.0002
BLOOD,PMA/Iono,8,+,+,-,+,DEI 11A,HIV+ART>1Yr,0.049,0.0007
BLOOD,PMA/Iono,8,+,+,-,+,DEI 11B,HIV-,0.01,0.001
BLOOD,PMA/Iono,8,+,+,-,+,DEI 11C,HIV+ART>1Yr,0.01,0.0003
BLOOD,PMA/Iono,8,+,+,-,+,DEI 11D,HIV+ART>1Yr,0.004,0.0001
BLOOD,PMA/Iono,8,+,+,-,+,DEI 11E,HIV+ART>1Yr,0.01,0.0001
BLOOD,PMA/Iono,8,+,+,-,+,DEI 11F,HIV+ART>1Yr,0.05,0.0006
BLOOD,PMA/Iono,8,+,+,-,+,DEI 11G,HIV+ART>1Yr,0.003,0
BLOOD,PMA/Iono,8,+,+,-,+,DEI 11H,HIV-,0.004,0.0001
BLOOD,PMA/Iono,8,+,+,-,+,DEI 11I,HIV+ART>1Yr,0.003,0
BLOOD,PMA/Iono,8,+,+,-,+,DEI 11J,HIV+ART>1Yr,0.004,0.0001
BLOOD,PMA/Iono,8,+,+,-,+,DEI 11K,HIV-,0.002,0
BLOOD,PMA/Iono,8,+,+,-,+,DEI 11M,HIV+ART>1Yr,0.001,0
BLOOD,PMA/Iono,8,+,+,-,+,DEI 11N,HIV-,0.001,0
BLOOD,PMA/Iono,8,+,+,-,+,DEI 11P,HIV+ART>1Yr,0.02,0.0003
BLOOD,PMA/Iono,8,+,+,-,+,DEI 11Q,HIV-,0.001,0
BLOOD,PMA/Iono,8,+,+,-,+,DEI 11R,HIV+ART>1Yr,0.001,0
BLOOD,PMA/Iono,8,+,+,-,+,DEI 11U,HIV-,0.03,0.0008
BLOOD,PMA/Iono,8,+,+,-,+,DEI 11V,HIV-,0.01,0.0003
BLOOD,PMA/Iono,8,+,+,-,+,DEI 11Y,HIV-,0.001,0
BLOOD,PMA/Iono,8,+,+,-,+,DEI 11Z,HIV-,0.001,0
BLOOD,PMA/Iono,8,+,+,-,+,DEI 13V,HIV-,0.006,0.0001
BLOOD,PMA/Iono,8,+,+,-,+,DEI 13W,HIV-,0.001,0
BLOOD,PMA/Iono,8,+,+,-,+,DEI 141,HIV-,0.001,0
BLOOD,PMA/Iono,8,+,+,-,+,DEI 143,HIV-,0.05,0.0008
BLOOD,PMA/Iono,8,+,-,+,+,DEI 103,HIV-,0.96,0.02
BLOOD,PMA/Iono,8,+,-,+,+,DEI 104,HIV-,3.861,0.0866
BLOOD,PMA/Iono,8,+,-,+,+,DEI 105,HIV-,3.206,0.0679
BLOOD,PMA/Iono,8,+,-,+,+,DEI 106,HIV-,1.21,0.0169
BLOOD,PMA/Iono,8,+,-,+,+,DEI 107,HIV-,0.608,0.0092
BLOOD,PMA/Iono,8,+,-,+,+,DEI 108,HIV-,0.468,0.012
BLOOD,PMA/Iono,8,+,-,+,+,DEI 109,HIV-,2.45,0.0506
BLOOD,PMA/Iono,8,+,-,+,+,DEI 10A,HIV-,1.915,0.0651
BLOOD,PMA/Iono,8,+,-,+,+,DEI 10B,HIV-,3.07,0.0411
BLOOD,PMA/Iono,8,+,-,+,+,DEI 10C,HIV-,1.039,0.0177
BLOOD,PMA/Iono,8,+,-,+,+,DEI 10D,HIV-,0.58,0.0146
BLOOD,PMA/Iono,8,+,-,+,+,DEI 10E,HIV-,1.437,0.0261
BLOOD,PMA/Iono,8,+,-,+,+,DEI 10F,HIV-,0.9,0.0125
BLOOD,PMA/Iono,8,+,-,+,+,DEI 10G,HIV-,0.459,0.0132
BLOOD,PMA/Iono,8,+,-,+,+,DEI 10H,HIV-,1.16,0.0408
BLOOD,PMA/Iono,8,+,-,+,+,DEI 10I,HIV-,0.969,0.022
BLOOD,PMA/Iono,8,+,-,+,+,DEI 10J,HIV+ART>1Yr,0.38,0.0147
BLOOD,PMA/Iono,8,+,-,+,+,DEI 10K,HIV+ART>1Yr,0.235,0.0044
BLOOD,PMA/Iono,8,+,-,+,+,DEI 10L,HIV-,1.13,0.0364
BLOOD,PMA/Iono,8,+,-,+,+,DEI 10M,HIV-,0.504,0.0171
BLOOD,PMA/Iono,8,+,-,+,+,DEI 10N,HIV+ART>1Yr,1.398,0.0264
BLOOD,PMA/Iono,8,+,-,+,+,DEI 10P,HIV+ART>1Yr,0.269,0.004
BLOOD,PMA/Iono,8,+,-,+,+,DEI 10Q,HIV-,0.7,0.0199
BLOOD,PMA/Iono,8,+,-,+,+,DEI 10R,HIV+ART>1Yr,0.269,0.005
BLOOD,PMA/Iono,8,+,-,+,+,DEI 10S,HIV-,0.447,0.0221
BLOOD,PMA/Iono,8,+,-,+,+,DEI 10T,HIV-,2.028,0.0413
BLOOD,PMA/Iono,8,+,-,+,+,DEI 10U,HIV-,0.739,0.0346
BLOOD,PMA/Iono,8,+,-,+,+,DEI 10V,HIV-,0.94,0.0521
BLOOD,PMA/Iono,8,+,-,+,+,DEI 10W,HIV-,0.288,0.0161
BLOOD,PMA/Iono,8,+,-,+,+,DEI 10X,HIV-,0.33,0.0038
BLOOD,PMA/Iono,8,+,-,+,+,DEI 10Y,HIV-,0.947,0.0246
BLOOD,PMA/Iono,8,+,-,+,+,DEI 10Z,HIV+ART>1Yr,0.548,0.0155
BLOOD,PMA/Iono,8,+,-,+,+,DEI 110,HIV-,0.47,0.0123
BLOOD,PMA/Iono,8,+,-,+,+,DEI 111,HIV+ART>1Yr,0.36,0.0076
BLOOD,PMA/Iono,8,+,-,+,+,DEI 112,HIV+ART>1Yr,1.043,0.0241
BLOOD,PMA/Iono,8,+,-,+,+,DEI 113,HIV-,2.218,0.0636
BLOOD,PMA/Iono,8,+,-,+,+,DEI 114,HIV+ART>1Yr,1.009,0.0269
BLOOD,PMA/Iono,8,+,-,+,+,DEI 115,HIV+ART>1Yr,1.152,0.0292
BLOOD,PMA/Iono,8,+,-,+,+,DEI 117,HIV+ART>1Yr,2.177,0.0554
BLOOD,PMA/Iono,8,+,-,+,+,DEI 118,HIV+ART>1Yr,0.798,0.0368
BLOOD,PMA/Iono,8,+,-,+,+,DEI 119,HIV+ART>1Yr,0.496,0.0176
BLOOD,PMA/Iono,8,+,-,+,+,DEI 11A,HIV+ART>1Yr,0.309,0.0045
BLOOD,PMA/Iono,8,+,-,+,+,DEI 11B,HIV-,0.148,0.0144
BLOOD,PMA/Iono,8,+,-,+,+,DEI 11C,HIV+ART>1Yr,2.126,0.0629
BLOOD,PMA/Iono,8,+,-,+,+,DEI 11D,HIV+ART>1Yr,0.9,0.0295
BLOOD,PMA/Iono,8,+,-,+,+,DEI 11E,HIV+ART>1Yr,0.619,0.0083
BLOOD,PMA/Iono,8,+,-,+,+,DEI 11F,HIV+ART>1Yr,1.714,0.0219
BLOOD,PMA/Iono,8,+,-,+,+,DEI 11G,HIV+ART>1Yr,0.519,0.0058
BLOOD,PMA/Iono,8,+,-,+,+,DEI 11H,HIV-,1.158,0.0152
BLOOD,PMA/Iono,8,+,-,+,+,DEI 11I,HIV+ART>1Yr,1.595,0.0225
BLOOD,PMA/Iono,8,+,-,+,+,DEI 11J,HIV+ART>1Yr,0.69,0.0164
BLOOD,PMA/Iono,8,+,-,+,+,DEI 11K,HIV-,0.756,0.0139
BLOOD,PMA/Iono,8,+,-,+,+,DEI 11M,HIV+ART>1Yr,0.001,0
BLOOD,PMA/Iono,8,+,-,+,+,DEI 11N,HIV-,0.001,0
BLOOD,PMA/Iono,8,+,-,+,+,DEI 11P,HIV+ART>1Yr,3.7,0.0517
BLOOD,PMA/Iono,8,+,-,+,+,DEI 11Q,HIV-,0.66,0.0312
BLOOD,PMA/Iono,8,+,-,+,+,DEI 11R,HIV+ART>1Yr,0.5,0.0135
BLOOD,PMA/Iono,8,+,-,+,+,DEI 11U,HIV-,0.61,0.016
BLOOD,PMA/Iono,8,+,-,+,+,DEI 11V,HIV-,0.42,0.013
BLOOD,PMA/Iono,8,+,-,+,+,DEI 11Y,HIV-,0.23,0.0032
BLOOD,PMA/Iono,8,+,-,+,+,DEI 11Z,HIV-,1.27,0.0208
BLOOD,PMA/Iono,8,+,-,+,+,DEI 13V,HIV-,1.089,0.0239
BLOOD,PMA/Iono,8,+,-,+,+,DEI 13W,HIV-,1.45,0.0374
BLOOD,PMA/Iono,8,+,-,+,+,DEI 141,HIV-,0.11,0.0017
BLOOD,PMA/Iono,8,+,-,+,+,DEI 143,HIV-,0.11,0.0018
BLOOD,PMA/Iono,8,+,-,+,-,DEI 103,HIV-,0.282,0.0059
BLOOD,PMA/Iono,8,+,-,+,-,DEI 104,HIV-,1.96,0.044
BLOOD,PMA/Iono,8,+,-,+,-,DEI 105,HIV-,1.09,0.0231
BLOOD,PMA/Iono,8,+,-,+,-,DEI 106,HIV-,0.33,0.0046
BLOOD,PMA/Iono,8,+,-,+,-,DEI 107,HIV-,0.06,0.0009
BLOOD,PMA/Iono,8,+,-,+,-,DEI 108,HIV-,0.267,0.0069
BLOOD,PMA/Iono,8,+,-,+,-,DEI 109,HIV-,0.4,0.0083
BLOOD,PMA/Iono,8,+,-,+,-,DEI 10A,HIV-,0.655,0.0223
BLOOD,PMA/Iono,8,+,-,+,-,DEI 10B,HIV-,0.56,0.0075
BLOOD,PMA/Iono,8,+,-,+,-,DEI 10C,HIV-,0.35,0.006
BLOOD,PMA/Iono,8,+,-,+,-,DEI 10D,HIV-,0.1,0.0025
BLOOD,PMA/Iono,8,+,-,+,-,DEI 10E,HIV-,0.812,0.0147
BLOOD,PMA/Iono,8,+,-,+,-,DEI 10F,HIV-,0.12,0.0017
BLOOD,PMA/Iono,8,+,-,+,-,DEI 10G,HIV-,0.17,0.0049
BLOOD,PMA/Iono,8,+,-,+,-,DEI 10H,HIV-,0.38,0.0134
BLOOD,PMA/Iono,8,+,-,+,-,DEI 10I,HIV-,0.485,0.011
BLOOD,PMA/Iono,8,+,-,+,-,DEI 10J,HIV+ART>1Yr,0.15,0.0058
BLOOD,PMA/Iono,8,+,-,+,-,DEI 10K,HIV+ART>1Yr,0.12,0.0022
BLOOD,PMA/Iono,8,+,-,+,-,DEI 10L,HIV-,0.3,0.0097
BLOOD,PMA/Iono,8,+,-,+,-,DEI 10M,HIV-,0.251,0.0085
BLOOD,PMA/Iono,8,+,-,+,-,DEI 10N,HIV+ART>1Yr,0.62,0.0117
BLOOD,PMA/Iono,8,+,-,+,-,DEI 10P,HIV+ART>1Yr,0.155,0.0023
BLOOD,PMA/Iono,8,+,-,+,-,DEI 10Q,HIV-,0.51,0.0145
BLOOD,PMA/Iono,8,+,-,+,-,DEI 10R,HIV+ART>1Yr,0.145,0.0027
BLOOD,PMA/Iono,8,+,-,+,-,DEI 10S,HIV-,0.248,0.0123
BLOOD,PMA/Iono,8,+,-,+,-,DEI 10T,HIV-,0.57,0.0116
BLOOD,PMA/Iono,8,+,-,+,-,DEI 10U,HIV-,0.43,0.0202
BLOOD,PMA/Iono,8,+,-,+,-,DEI 10V,HIV-,0.44,0.0244
BLOOD,PMA/Iono,8,+,-,+,-,DEI 10W,HIV-,0.121,0.0068
BLOOD,PMA/Iono,8,+,-,+,-,DEI 10X,HIV-,0.11,0.0013
BLOOD,PMA/Iono,8,+,-,+,-,DEI 10Y,HIV-,0.45,0.0117
BLOOD,PMA/Iono,8,+,-,+,-,DEI 10Z,HIV+ART>1Yr,0.173,0.0049
BLOOD,PMA/Iono,8,+,-,+,-,DEI 110,HIV-,0.236,0.0062
BLOOD,PMA/Iono,8,+,-,+,-,DEI 111,HIV+ART>1Yr,0.242,0.0051
BLOOD,PMA/Iono,8,+,-,+,-,DEI 112,HIV+ART>1Yr,0.41,0.0095
BLOOD,PMA/Iono,8,+,-,+,-,DEI 113,HIV-,0.7,0.0201
BLOOD,PMA/Iono,8,+,-,+,-,DEI 114,HIV+ART>1Yr,0.5,0.0133
BLOOD,PMA/Iono,8,+,-,+,-,DEI 115,HIV+ART>1Yr,0.76,0.0193
BLOOD,PMA/Iono,8,+,-,+,-,DEI 117,HIV+ART>1Yr,1.09,0.0278
BLOOD,PMA/Iono,8,+,-,+,-,DEI 118,HIV+ART>1Yr,0.313,0.0145
BLOOD,PMA/Iono,8,+,-,+,-,DEI 119,HIV+ART>1Yr,0.22,0.0078
BLOOD,PMA/Iono,8,+,-,+,-,DEI 11A,HIV+ART>1Yr,0.118,0.0017
BLOOD,PMA/Iono,8,+,-,+,-,DEI 11B,HIV-,0.27,0.0262
BLOOD,PMA/Iono,8,+,-,+,-,DEI 11C,HIV+ART>1Yr,1.09,0.0322
BLOOD,PMA/Iono,8,+,-,+,-,DEI 11D,HIV+ART>1Yr,0.433,0.0142
BLOOD,PMA/Iono,8,+,-,+,-,DEI 11E,HIV+ART>1Yr,0.23,0.0031
BLOOD,PMA/Iono,8,+,-,+,-,DEI 11F,HIV+ART>1Yr,0.422,0.0054
BLOOD,PMA/Iono,8,+,-,+,-,DEI 11G,HIV+ART>1Yr,0.138,0.0016
BLOOD,PMA/Iono,8,+,-,+,-,DEI 11H,HIV-,0.306,0.004
BLOOD,PMA/Iono,8,+,-,+,-,DEI 11I,HIV+ART>1Yr,0.302,0.0043
BLOOD,PMA/Iono,8,+,-,+,-,DEI 11J,HIV+ART>1Yr,0.65,0.0155
BLOOD,PMA/Iono,8,+,-,+,-,DEI 11K,HIV-,0.196,0.0036
BLOOD,PMA/Iono,8,+,-,+,-,DEI 11M,HIV+ART>1Yr,0.001,0
BLOOD,PMA/Iono,8,+,-,+,-,DEI 11N,HIV-,0.001,0
BLOOD,PMA/Iono,8,+,-,+,-,DEI 11P,HIV+ART>1Yr,1.09,0.0152
BLOOD,PMA/Iono,8,+,-,+,-,DEI 11Q,HIV-,0.45,0.0213
BLOOD,PMA/Iono,8,+,-,+,-,DEI 11R,HIV+ART>1Yr,0.26,0.007
BLOOD,PMA/Iono,8,+,-,+,-,DEI 11U,HIV-,0.07,0.0018
BLOOD,PMA/Iono,8,+,-,+,-,DEI 11V,HIV-,0.06,0.0019
BLOOD,PMA/Iono,8,+,-,+,-,DEI 11Y,HIV-,0.021,0.0003
BLOOD,PMA/Iono,8,+,-,+,-,DEI 11Z,HIV-,0.41,0.0067
BLOOD,PMA/Iono,8,+,-,+,-,DEI 13V,HIV-,0.9,0.0197
BLOOD,PMA/Iono,8,+,-,+,-,DEI 13W,HIV-,0.63,0.0162
BLOOD,PMA/Iono,8,+,-,+,-,DEI 141,HIV-,0.04,0.0006
BLOOD,PMA/Iono,8,+,-,+,-,DEI 143,HIV-,0.001,0
BLOOD,PMA/Iono,8,+,-,-,+,DEI 103,HIV-,0.182,0.0038
BLOOD,PMA/Iono,8,+,-,-,+,DEI 104,HIV-,0.41,0.0092
BLOOD,PMA/Iono,8,+,-,-,+,DEI 105,HIV-,0.86,0.0182
BLOOD,PMA/Iono,8,+,-,-,+,DEI 106,HIV-,0.252,0.0035
BLOOD,PMA/Iono,8,+,-,-,+,DEI 107,HIV-,0.096,0.0015
BLOOD,PMA/Iono,8,+,-,-,+,DEI 108,HIV-,0.13,0.0033
BLOOD,PMA/Iono,8,+,-,-,+,DEI 109,HIV-,0.9,0.0186
BLOOD,PMA/Iono,8,+,-,-,+,DEI 10A,HIV-,0.39,0.0133
BLOOD,PMA/Iono,8,+,-,-,+,DEI 10B,HIV-,0.362,0.0048
BLOOD,PMA/Iono,8,+,-,-,+,DEI 10C,HIV-,0.144,0.0025
BLOOD,PMA/Iono,8,+,-,-,+,DEI 10D,HIV-,0.28,0.007
BLOOD,PMA/Iono,8,+,-,-,+,DEI 10E,HIV-,0.44,0.008
BLOOD,PMA/Iono,8,+,-,-,+,DEI 10F,HIV-,0.42,0.0058
BLOOD,PMA/Iono,8,+,-,-,+,DEI 10G,HIV-,0.2,0.0057
BLOOD,PMA/Iono,8,+,-,-,+,DEI 10H,HIV-,0.63,0.0222
BLOOD,PMA/Iono,8,+,-,-,+,DEI 10I,HIV-,0.86,0.0195
BLOOD,PMA/Iono,8,+,-,-,+,DEI 10J,HIV+ART>1Yr,0.64,0.0247
BLOOD,PMA/Iono,8,+,-,-,+,DEI 10K,HIV+ART>1Yr,0.63,0.0118
BLOOD,PMA/Iono,8,+,-,-,+,DEI 10L,HIV-,0.44,0.0142
BLOOD,PMA/Iono,8,+,-,-,+,DEI 10M,HIV-,0.133,0.0045
BLOOD,PMA/Iono,8,+,-,-,+,DEI 10N,HIV+ART>1Yr,0.24,0.0045
BLOOD,PMA/Iono,8,+,-,-,+,DEI 10P,HIV+ART>1Yr,0.064,0.0009
BLOOD,PMA/Iono,8,+,-,-,+,DEI 10Q,HIV-,0.465,0.0132
BLOOD,PMA/Iono,8,+,-,-,+,DEI 10R,HIV+ART>1Yr,0.032,0.0006
BLOOD,PMA/Iono,8,+,-,-,+,DEI 10S,HIV-,0.085,0.0042
BLOOD,PMA/Iono,8,+,-,-,+,DEI 10T,HIV-,0.5,0.0102
BLOOD,PMA/Iono,8,+,-,-,+,DEI 10U,HIV-,0.57,0.0267
BLOOD,PMA/Iono,8,+,-,-,+,DEI 10V,HIV-,0.38,0.021
BLOOD,PMA/Iono,8,+,-,-,+,DEI 10W,HIV-,0.37,0.0207
BLOOD,PMA/Iono,8,+,-,-,+,DEI 10X,HIV-,0.06,0.0007
BLOOD,PMA/Iono,8,+,-,-,+,DEI 10Y,HIV-,0.14,0.0036
BLOOD,PMA/Iono,8,+,-,-,+,DEI 10Z,HIV+ART>1Yr,0.131,0.0037
BLOOD,PMA/Iono,8,+,-,-,+,DEI 110,HIV-,0.127,0.0033
BLOOD,PMA/Iono,8,+,-,-,+,DEI 111,HIV+ART>1Yr,0.127,0.0027
BLOOD,PMA/Iono,8,+,-,-,+,DEI 112,HIV+ART>1Yr,0.51,0.0118
BLOOD,PMA/Iono,8,+,-,-,+,DEI 113,HIV-,0.46,0.0132
BLOOD,PMA/Iono,8,+,-,-,+,DEI 114,HIV+ART>1Yr,0.16,0.0043
BLOOD,PMA/Iono,8,+,-,-,+,DEI 115,HIV+ART>1Yr,0.4,0.0101
BLOOD,PMA/Iono,8,+,-,-,+,DEI 117,HIV+ART>1Yr,0.41,0.0104
BLOOD,PMA/Iono,8,+,-,-,+,DEI 118,HIV+ART>1Yr,0.25,0.0115
BLOOD,PMA/Iono,8,+,-,-,+,DEI 119,HIV+ART>1Yr,0.11,0.0039
BLOOD,PMA/Iono,8,+,-,-,+,DEI 11A,HIV+ART>1Yr,0.398,0.0058
BLOOD,PMA/Iono,8,+,-,-,+,DEI 11B,HIV-,0.04,0.0039
BLOOD,PMA/Iono,8,+,-,-,+,DEI 11C,HIV+ART>1Yr,0.56,0.0166
BLOOD,PMA/Iono,8,+,-,-,+,DEI 11D,HIV+ART>1Yr,0.22,0.0072
BLOOD,PMA/Iono,8,+,-,-,+,DEI 11E,HIV+ART>1Yr,0.192,0.0026
BLOOD,PMA/Iono,8,+,-,-,+,DEI 11F,HIV+ART>1Yr,0.37,0.0047
BLOOD,PMA/Iono,8,+,-,-,+,DEI 11G,HIV+ART>1Yr,0.104,0.0012
BLOOD,PMA/Iono,8,+,-,-,+,DEI 11H,HIV-,0.21,0.0028
BLOOD,PMA/Iono,8,+,-,-,+,DEI 11I,HIV+ART>1Yr,0.12,0.0017
BLOOD,PMA/Iono,8,+,-,-,+,DEI 11J,HIV+ART>1Yr,0.195,0.0046
BLOOD,PMA/Iono,8,+,-,-,+,DEI 11K,HIV-,0.128,0.0024
BLOOD,PMA/Iono,8,+,-,-,+,DEI 11M,HIV+ART>1Yr,0.3,0.0039
BLOOD,PMA/Iono,8,+,-,-,+,DEI 11N,HIV-,0.26,0.0055
BLOOD,PMA/Iono,8,+,-,-,+,DEI 11P,HIV+ART>1Yr,0.36,0.005
BLOOD,PMA/Iono,8,+,-,-,+,DEI 11Q,HIV-,0.15,0.0071
BLOOD,PMA/Iono,8,+,-,-,+,DEI 11R,HIV+ART>1Yr,0.08,0.0022
BLOOD,PMA/Iono,8,+,-,-,+,DEI 11U,HIV-,0.975,0.0255
BLOOD,PMA/Iono,8,+,-,-,+,DEI 11V,HIV-,0.55,0.0171
BLOOD,PMA/Iono,8,+,-,-,+,DEI 11Y,HIV-,1.15,0.0159
BLOOD,PMA/Iono,8,+,-,-,+,DEI 11Z,HIV-,0.034,0.0006
BLOOD,PMA/Iono,8,+,-,-,+,DEI 13V,HIV-,0.811,0.0178
BLOOD,PMA/Iono,8,+,-,-,+,DEI 13W,HIV-,0.774,0.0199
BLOOD,PMA/Iono,8,+,-,-,+,DEI 141,HIV-,1.03,0.0159
BLOOD,PMA/Iono,8,+,-,-,+,DEI 143,HIV-,0.79,0.0128
BLOOD,PMA/Iono,8,-,+,+,+,DEI 103,HIV-,0.74,0.0154
BLOOD,PMA/Iono,8,-,+,+,+,DEI 104,HIV-,0.31,0.007
BLOOD,PMA/Iono,8,-,+,+,+,DEI 105,HIV-,0.17,0.0036
BLOOD,PMA/Iono,8,-,+,+,+,DEI 106,HIV-,0.09,0.0013
BLOOD,PMA/Iono,8,-,+,+,+,DEI 107,HIV-,0.19,0.0029
BLOOD,PMA/Iono,8,-,+,+,+,DEI 108,HIV-,0.02,0.0005
BLOOD,PMA/Iono,8,-,+,+,+,DEI 109,HIV-,0.043,0.0009
BLOOD,PMA/Iono,8,-,+,+,+,DEI 10A,HIV-,0.503,0.0171
BLOOD,PMA/Iono,8,-,+,+,+,DEI 10B,HIV-,0.06,0.0008
BLOOD,PMA/Iono,8,-,+,+,+,DEI 10C,HIV-,0.049,0.0008
BLOOD,PMA/Iono,8,-,+,+,+,DEI 10D,HIV-,0.029,0.0007
BLOOD,PMA/Iono,8,-,+,+,+,DEI 10E,HIV-,0.037,0.0007
BLOOD,PMA/Iono,8,-,+,+,+,DEI 10F,HIV-,2.77,0.0384
BLOOD,PMA/Iono,8,-,+,+,+,DEI 10G,HIV-,0.08,0.0023
BLOOD,PMA/Iono,8,-,+,+,+,DEI 10H,HIV-,0.18,0.0063
BLOOD,PMA/Iono,8,-,+,+,+,DEI 10I,HIV-,0.04,0.0009
BLOOD,PMA/Iono,8,-,+,+,+,DEI 10J,HIV+ART>1Yr,0.3,0.0116
BLOOD,PMA/Iono,8,-,+,+,+,DEI 10K,HIV+ART>1Yr,0.09,0.0017
BLOOD,PMA/Iono,8,-,+,+,+,DEI 10L,HIV-,0.06,0.0019
BLOOD,PMA/Iono,8,-,+,+,+,DEI 10M,HIV-,0.006,0.0002
BLOOD,PMA/Iono,8,-,+,+,+,DEI 10N,HIV+ART>1Yr,0.119,0.0022
BLOOD,PMA/Iono,8,-,+,+,+,DEI 10P,HIV+ART>1Yr,0.08,0.0012
BLOOD,PMA/Iono,8,-,+,+,+,DEI 10Q,HIV-,0.19,0.0054
BLOOD,PMA/Iono,8,-,+,+,+,DEI 10R,HIV+ART>1Yr,0.41,0.0076
BLOOD,PMA/Iono,8,-,+,+,+,DEI 10S,HIV-,0.25,0.0124
BLOOD,PMA/Iono,8,-,+,+,+,DEI 10T,HIV-,0.14,0.0029
BLOOD,PMA/Iono,8,-,+,+,+,DEI 10U,HIV-,0.11,0.0052
BLOOD,PMA/Iono,8,-,+,+,+,DEI 10V,HIV-,0.05,0.0028
BLOOD,PMA/Iono,8,-,+,+,+,DEI 10W,HIV-,0.33,0.0184
BLOOD,PMA/Iono,8,-,+,+,+,DEI 10X,HIV-,0.34,0.0039
BLOOD,PMA/Iono,8,-,+,+,+,DEI 10Y,HIV-,0.14,0.0036
BLOOD,PMA/Iono,8,-,+,+,+,DEI 10Z,HIV+ART>1Yr,0.12,0.0034
BLOOD,PMA/Iono,8,-,+,+,+,DEI 110,HIV-,0.349,0.0091
BLOOD,PMA/Iono,8,-,+,+,+,DEI 111,HIV+ART>1Yr,0.2,0.0042
BLOOD,PMA/Iono,8,-,+,+,+,DEI 112,HIV+ART>1Yr,0.24,0.0056
BLOOD,PMA/Iono,8,-,+,+,+,DEI 113,HIV-,0.04,0.0011
BLOOD,PMA/Iono,8,-,+,+,+,DEI 114,HIV+ART>1Yr,0.1,0.0027
BLOOD,PMA/Iono,8,-,+,+,+,DEI 115,HIV+ART>1Yr,0.23,0.0058
BLOOD,PMA/Iono,8,-,+,+,+,DEI 117,HIV+ART>1Yr,0.139,0.0035
BLOOD,PMA/Iono,8,-,+,+,+,DEI 118,HIV+ART>1Yr,0.04,0.0018
BLOOD,PMA/Iono,8,-,+,+,+,DEI 119,HIV+ART>1Yr,0.31,0.011
BLOOD,PMA/Iono,8,-,+,+,+,DEI 11A,HIV+ART>1Yr,4.22,0.0614
BLOOD,PMA/Iono,8,-,+,+,+,DEI 11B,HIV-,0.16,0.0155
BLOOD,PMA/Iono,8,-,+,+,+,DEI 11C,HIV+ART>1Yr,0.13,0.0038
BLOOD,PMA/Iono,8,-,+,+,+,DEI 11D,HIV+ART>1Yr,0.19,0.0062
BLOOD,PMA/Iono,8,-,+,+,+,DEI 11E,HIV+ART>1Yr,0.71,0.0095
BLOOD,PMA/Iono,8,-,+,+,+,DEI 11F,HIV+ART>1Yr,0.989,0.0126
BLOOD,PMA/Iono,8,-,+,+,+,DEI 11G,HIV+ART>1Yr,0.21,0.0024
BLOOD,PMA/Iono,8,-,+,+,+,DEI 11H,HIV-,0.14,0.0018
BLOOD,PMA/Iono,8,-,+,+,+,DEI 11I,HIV+ART>1Yr,0.34,0.0048
BLOOD,PMA/Iono,8,-,+,+,+,DEI 11J,HIV+ART>1Yr,0.06,0.0014
BLOOD,PMA/Iono,8,-,+,+,+,DEI 11K,HIV-,0.15,0.0028
BLOOD,PMA/Iono,8,-,+,+,+,DEI 11M,HIV+ART>1Yr,0.001,0
BLOOD,PMA/Iono,8,-,+,+,+,DEI 11N,HIV-,0.001,0
BLOOD,PMA/Iono,8,-,+,+,+,DEI 11P,HIV+ART>1Yr,1.3,0.0182
BLOOD,PMA/Iono,8,-,+,+,+,DEI 11Q,HIV-,0.29,0.0137
BLOOD,PMA/Iono,8,-,+,+,+,DEI 11R,HIV+ART>1Yr,0.34,0.0092
BLOOD,PMA/Iono,8,-,+,+,+,DEI 11U,HIV-,0.42,0.011
BLOOD,PMA/Iono,8,-,+,+,+,DEI 11V,HIV-,0.12,0.0037
BLOOD,PMA/Iono,8,-,+,+,+,DEI 11Y,HIV-,0.029,0.0004
BLOOD,PMA/Iono,8,-,+,+,+,DEI 11Z,HIV-,0.147,0.0024
BLOOD,PMA/Iono,8,-,+,+,+,DEI 13V,HIV-,0.05,0.0011
BLOOD,PMA/Iono,8,-,+,+,+,DEI 13W,HIV-,0.16,0.0041
BLOOD,PMA/Iono,8,-,+,+,+,DEI 141,HIV-,0.05,0.0008
BLOOD,PMA/Iono,8,-,+,+,+,DEI 143,HIV-,0.1,0.0016
BLOOD,PMA/Iono,8,-,+,+,-,DEI 103,HIV-,0.38,0.0079
BLOOD,PMA/Iono,8,-,+,+,-,DEI 104,HIV-,0.08,0.0018
BLOOD,PMA/Iono,8,-,+,+,-,DEI 105,HIV-,0.01,0.0002
BLOOD,PMA/Iono,8,-,+,+,-,DEI 106,HIV-,0.001,0
BLOOD,PMA/Iono,8,-,+,+,-,DEI 107,HIV-,0.006,0.0001
BLOOD,PMA/Iono,8,-,+,+,-,DEI 108,HIV-,0.008,0.0002
BLOOD,PMA/Iono,8,-,+,+,-,DEI 109,HIV-,0.02,0.0004
BLOOD,PMA/Iono,8,-,+,+,-,DEI 10A,HIV-,0.13,0.0044
BLOOD,PMA/Iono,8,-,+,+,-,DEI 10B,HIV-,0.009,0.0001
BLOOD,PMA/Iono,8,-,+,+,-,DEI 10C,HIV-,0.003,0.0001
BLOOD,PMA/Iono,8,-,+,+,-,DEI 10D,HIV-,0.02,0.0005
BLOOD,PMA/Iono,8,-,+,+,-,DEI 10E,HIV-,0.001,0
BLOOD,PMA/Iono,8,-,+,+,-,DEI 10F,HIV-,0.23,0.0032
BLOOD,PMA/Iono,8,-,+,+,-,DEI 10G,HIV-,0.055,0.0016
BLOOD,PMA/Iono,8,-,+,+,-,DEI 10H,HIV-,0.105,0.0037
BLOOD,PMA/Iono,8,-,+,+,-,DEI 10I,HIV-,0.001,0
BLOOD,PMA/Iono,8,-,+,+,-,DEI 10J,HIV+ART>1Yr,0.072,0.0028
BLOOD,PMA/Iono,8,-,+,+,-,DEI 10K,HIV+ART>1Yr,0.07,0.0013
BLOOD,PMA/Iono,8,-,+,+,-,DEI 10L,HIV-,0.02,0.0006
BLOOD,PMA/Iono,8,-,+,+,-,DEI 10M,HIV-,0.003,0.0001
BLOOD,PMA/Iono,8,-,+,+,-,DEI 10N,HIV+ART>1Yr,0.06,0.0011
BLOOD,PMA/Iono,8,-,+,+,-,DEI 10P,HIV+ART>1Yr,0.027,0.0004
BLOOD,PMA/Iono,8,-,+,+,-,DEI 10Q,HIV-,0.105,0.003
BLOOD,PMA/Iono,8,-,+,+,-,DEI 10R,HIV+ART>1Yr,0.15,0.0028
BLOOD,PMA/Iono,8,-,+,+,-,DEI 10S,HIV-,0.057,0.0028
BLOOD,PMA/Iono,8,-,+,+,-,DEI 10T,HIV-,0.089,0.0018
BLOOD,PMA/Iono,8,-,+,+,-,DEI 10U,HIV-,0.068,0.0032
BLOOD,PMA/Iono,8,-,+,+,-,DEI 10V,HIV-,0.019,0.0011
BLOOD,PMA/Iono,8,-,+,+,-,DEI 10W,HIV-,0.068,0.0038
BLOOD,PMA/Iono,8,-,+,+,-,DEI 10X,HIV-,0.02,0.0002
BLOOD,PMA/Iono,8,-,+,+,-,DEI 10Y,HIV-,0.029,0.0008
BLOOD,PMA/Iono,8,-,+,+,-,DEI 10Z,HIV+ART>1Yr,0.029,0.0008
BLOOD,PMA/Iono,8,-,+,+,-,DEI 110,HIV-,0.079,0.0021
BLOOD,PMA/Iono,8,-,+,+,-,DEI 111,HIV+ART>1Yr,0.019,0.0004
BLOOD,PMA/Iono,8,-,+,+,-,DEI 112,HIV+ART>1Yr,0.03,0.0007
BLOOD,PMA/Iono,8,-,+,+,-,DEI 113,HIV-,0.006,0.0002
BLOOD,PMA/Iono,8,-,+,+,-,DEI 114,HIV+ART>1Yr,0.04,0.0011
BLOOD,PMA/Iono,8,-,+,+,-,DEI 115,HIV+ART>1Yr,0.08,0.002
BLOOD,PMA/Iono,8,-,+,+,-,DEI 117,HIV+ART>1Yr,0.06,0.0015
BLOOD,PMA/Iono,8,-,+,+,-,DEI 118,HIV+ART>1Yr,0.009,0.0004
BLOOD,PMA/Iono,8,-,+,+,-,DEI 119,HIV+ART>1Yr,0.132,0.0047
BLOOD,PMA/Iono,8,-,+,+,-,DEI 11A,HIV+ART>1Yr,0.408,0.0059
BLOOD,PMA/Iono,8,-,+,+,-,DEI 11B,HIV-,0.148,0.0144
BLOOD,PMA/Iono,8,-,+,+,-,DEI 11C,HIV+ART>1Yr,0.07,0.0021
BLOOD,PMA/Iono,8,-,+,+,-,DEI 11D,HIV+ART>1Yr,0.03,0.001
BLOOD,PMA/Iono,8,-,+,+,-,DEI 11E,HIV+ART>1Yr,0.27,0.0036
BLOOD,PMA/Iono,8,-,+,+,-,DEI 11F,HIV+ART>1Yr,0.178,0.0023
BLOOD,PMA/Iono,8,-,+,+,-,DEI 11G,HIV+ART>1Yr,0.029,0.0003
BLOOD,PMA/Iono,8,-,+,+,-,DEI 11H,HIV-,0.029,0.0004
BLOOD,PMA/Iono,8,-,+,+,-,DEI 11I,HIV+ART>1Yr,0.008,0.0001
BLOOD,PMA/Iono,8,-,+,+,-,DEI 11J,HIV+ART>1Yr,0.09,0.0021
BLOOD,PMA/Iono,8,-,+,+,-,DEI 11K,HIV-,0.06,0.0011
BLOOD,PMA/Iono,8,-,+,+,-,DEI 11M,HIV+ART>1Yr,0.001,0
BLOOD,PMA/Iono,8,-,+,+,-,DEI 11N,HIV-,0.001,0
BLOOD,PMA/Iono,8,-,+,+,-,DEI 11P,HIV+ART>1Yr,0.15,0.0021
BLOOD,PMA/Iono,8,-,+,+,-,DEI 11Q,HIV-,0.11,0.0052
BLOOD,PMA/Iono,8,-,+,+,-,DEI 11R,HIV+ART>1Yr,0.14,0.0038
BLOOD,PMA/Iono,8,-,+,+,-,DEI 11U,HIV-,0.04,0.001
BLOOD,PMA/Iono,8,-,+,+,-,DEI 11V,HIV-,0.03,0.0009
BLOOD,PMA/Iono,8,-,+,+,-,DEI 11Y,HIV-,0.005,0.0001
BLOOD,PMA/Iono,8,-,+,+,-,DEI 11Z,HIV-,0.08,0.0013
BLOOD,PMA/Iono,8,-,+,+,-,DEI 13V,HIV-,0.02,0.0004
BLOOD,PMA/Iono,8,-,+,+,-,DEI 13W,HIV-,0.059,0.0015
BLOOD,PMA/Iono,8,-,+,+,-,DEI 141,HIV-,0.026,0.0004
BLOOD,PMA/Iono,8,-,+,+,-,DEI 143,HIV-,0.02,0.0003
BLOOD,PMA/Iono,8,-,+,-,+,DEI 103,HIV-,0.05,0.001
BLOOD,PMA/Iono,8,-,+,-,+,DEI 104,HIV-,0.078,0.0017
BLOOD,PMA/Iono,8,-,+,-,+,DEI 105,HIV-,0.078,0.0017
BLOOD,PMA/Iono,8,-,+,-,+,DEI 106,HIV-,0.02,0.0003
BLOOD,PMA/Iono,8,-,+,-,+,DEI 107,HIV-,0.001,0
BLOOD,PMA/Iono,8,-,+,-,+,DEI 108,HIV-,0.02,0.0005
BLOOD,PMA/Iono,8,-,+,-,+,DEI 109,HIV-,0.033,0.0007
BLOOD,PMA/Iono,8,-,+,-,+,DEI 10A,HIV-,0.069,0.0023
BLOOD,PMA/Iono,8,-,+,-,+,DEI 10B,HIV-,0.03,0.0004
BLOOD,PMA/Iono,8,-,+,-,+,DEI 10C,HIV-,0.014,0.0002
BLOOD,PMA/Iono,8,-,+,-,+,DEI 10D,HIV-,0.009,0.0002
BLOOD,PMA/Iono,8,-,+,-,+,DEI 10E,HIV-,0.002,0
BLOOD,PMA/Iono,8,-,+,-,+,DEI 10F,HIV-,0.78,0.0108
BLOOD,PMA/Iono,8,-,+,-,+,DEI 10G,HIV-,0.06,0.0017
BLOOD,PMA/Iono,8,-,+,-,+,DEI 10H,HIV-,0.07,0.0025
BLOOD,PMA/Iono,8,-,+,-,+,DEI 10I,HIV-,0.002,0
BLOOD,PMA/Iono,8,-,+,-,+,DEI 10J,HIV+ART>1Yr,0.185,0.0071
BLOOD,PMA/Iono,8,-,+,-,+,DEI 10K,HIV+ART>1Yr,0.04,0.0007
BLOOD,PMA/Iono,8,-,+,-,+,DEI 10L,HIV-,0.02,0.0006
BLOOD,PMA/Iono,8,-,+,-,+,DEI 10M,HIV-,0.004,0.0001
BLOOD,PMA/Iono,8,-,+,-,+,DEI 10N,HIV+ART>1Yr,0.02,0.0004
BLOOD,PMA/Iono,8,-,+,-,+,DEI 10P,HIV+ART>1Yr,0.068,0.001
BLOOD,PMA/Iono,8,-,+,-,+,DEI 10Q,HIV-,0.05,0.0014
BLOOD,PMA/Iono,8,-,+,-,+,DEI 10R,HIV+ART>1Yr,0.036,0.0007
BLOOD,PMA/Iono,8,-,+,-,+,DEI 10S,HIV-,0.06,0.003
BLOOD,PMA/Iono,8,-,+,-,+,DEI 10T,HIV-,0.03,0.0006
BLOOD,PMA/Iono,8,-,+,-,+,DEI 10U,HIV-,0.138,0.0065
BLOOD,PMA/Iono,8,-,+,-,+,DEI 10V,HIV-,0.039,0.0022
BLOOD,PMA/Iono,8,-,+,-,+,DEI 10W,HIV-,0.3,0.0168
BLOOD,PMA/Iono,8,-,+,-,+,DEI 10X,HIV-,0.129,0.0015
BLOOD,PMA/Iono,8,-,+,-,+,DEI 10Y,HIV-,0.02,0.0005
BLOOD,PMA/Iono,8,-,+,-,+,DEI 10Z,HIV+ART>1Yr,0.06,0.0017
BLOOD,PMA/Iono,8,-,+,-,+,DEI 110,HIV-,0.2,0.0052
BLOOD,PMA/Iono,8,-,+,-,+,DEI 111,HIV+ART>1Yr,0.17,0.0036
BLOOD,PMA/Iono,8,-,+,-,+,DEI 112,HIV+ART>1Yr,0.145,0.0034
BLOOD,PMA/Iono,8,-,+,-,+,DEI 113,HIV-,0.02,0.0006
BLOOD,PMA/Iono,8,-,+,-,+,DEI 114,HIV+ART>1Yr,0.037,0.001
BLOOD,PMA/Iono,8,-,+,-,+,DEI 115,HIV+ART>1Yr,0.15,0.0038
BLOOD,PMA/Iono,8,-,+,-,+,DEI 117,HIV+ART>1Yr,0.049,0.0012
BLOOD,PMA/Iono,8,-,+,-,+,DEI 118,HIV+ART>1Yr,0.03,0.0014
BLOOD,PMA/Iono,8,-,+,-,+,DEI 119,HIV+ART>1Yr,0.3,0.0107
BLOOD,PMA/Iono,8,-,+,-,+,DEI 11A,HIV+ART>1Yr,0.93,0.0135
BLOOD,PMA/Iono,8,-,+,-,+,DEI 11B,HIV-,0.118,0.0115
BLOOD,PMA/Iono,8,-,+,-,+,DEI 11C,HIV+ART>1Yr,0.03,0.0009
BLOOD,PMA/Iono,8,-,+,-,+,DEI 11D,HIV+ART>1Yr,0.08,0.0026
BLOOD,PMA/Iono,8,-,+,-,+,DEI 11E,HIV+ART>1Yr,0.31,0.0041
BLOOD,PMA/Iono,8,-,+,-,+,DEI 11F,HIV+ART>1Yr,0.667,0.0085
BLOOD,PMA/Iono,8,-,+,-,+,DEI 11G,HIV+ART>1Yr,0.09,0.001
BLOOD,PMA/Iono,8,-,+,-,+,DEI 11H,HIV-,0.06,0.0008
BLOOD,PMA/Iono,8,-,+,-,+,DEI 11I,HIV+ART>1Yr,0.038,0.0005
BLOOD,PMA/Iono,8,-,+,-,+,DEI 11J,HIV+ART>1Yr,0.04,0.001
BLOOD,PMA/Iono,8,-,+,-,+,DEI 11K,HIV-,0.058,0.0011
BLOOD,PMA/Iono,8,-,+,-,+,DEI 11M,HIV+ART>1Yr,0.001,0
BLOOD,PMA/Iono,8,-,+,-,+,DEI 11N,HIV-,0.07,0.0015
BLOOD,PMA/Iono,8,-,+,-,+,DEI 11P,HIV+ART>1Yr,0.07,0.001
BLOOD,PMA/Iono,8,-,+,-,+,DEI 11Q,HIV-,0.003,0.0001
BLOOD,PMA/Iono,8,-,+,-,+,DEI 11R,HIV+ART>1Yr,0.001,0
BLOOD,PMA/Iono,8,-,+,-,+,DEI 11U,HIV-,0.19,0.005
BLOOD,PMA/Iono,8,-,+,-,+,DEI 11V,HIV-,0.188,0.0058
BLOOD,PMA/Iono,8,-,+,-,+,DEI 11Y,HIV-,0.112,0.0016
BLOOD,PMA/Iono,8,-,+,-,+,DEI 11Z,HIV-,0.001,0
BLOOD,PMA/Iono,8,-,+,-,+,DEI 13V,HIV-,0.06,0.0013
BLOOD,PMA/Iono,8,-,+,-,+,DEI 13W,HIV-,0.062,0.0016
BLOOD,PMA/Iono,8,-,+,-,+,DEI 141,HIV-,0.262,0.004
BLOOD,PMA/Iono,8,-,+,-,+,DEI 143,HIV-,0.63,0.0102
BLOOD,PMA/Iono,8,-,-,+,+,DEI 103,HIV-,33.197,0.6915
BLOOD,PMA/Iono,8,-,-,+,+,DEI 104,HIV-,25.29,0.5671
BLOOD,PMA/Iono,8,-,-,+,+,DEI 105,HIV-,29.496,0.6246
BLOOD,PMA/Iono,8,-,-,+,+,DEI 106,HIV-,51.494,0.7176
BLOOD,PMA/Iono,8,-,-,+,+,DEI 107,HIV-,54,0.8205
BLOOD,PMA/Iono,8,-,-,+,+,DEI 108,HIV-,26.49,0.6805
BLOOD,PMA/Iono,8,-,-,+,+,DEI 109,HIV-,36.75,0.7592
BLOOD,PMA/Iono,8,-,-,+,+,DEI 10A,HIV-,18.115,0.6163
BLOOD,PMA/Iono,8,-,-,+,+,DEI 10B,HIV-,57.795,0.7731
BLOOD,PMA/Iono,8,-,-,+,+,DEI 10C,HIV-,41.098,0.7014
BLOOD,PMA/Iono,8,-,-,+,+,DEI 10D,HIV-,29.392,0.7391
BLOOD,PMA/Iono,8,-,-,+,+,DEI 10E,HIV-,26.694,0.4839
BLOOD,PMA/Iono,8,-,-,+,+,DEI 10F,HIV-,44.4,0.615
BLOOD,PMA/Iono,8,-,-,+,+,DEI 10G,HIV-,15.297,0.4393
BLOOD,PMA/Iono,8,-,-,+,+,DEI 10H,HIV-,16.27,0.5724
BLOOD,PMA/Iono,8,-,-,+,+,DEI 10I,HIV-,24.695,0.5611
BLOOD,PMA/Iono,8,-,-,+,+,DEI 10J,HIV+ART>1Yr,14.38,0.5556
BLOOD,PMA/Iono,8,-,-,+,+,DEI 10K,HIV+ART>1Yr,21.295,0.3976
BLOOD,PMA/Iono,8,-,-,+,+,DEI 10L,HIV-,20.692,0.6667
BLOOD,PMA/Iono,8,-,-,+,+,DEI 10M,HIV-,19.596,0.6652
BLOOD,PMA/Iono,8,-,-,+,+,DEI 10N,HIV+ART>1Yr,24.797,0.4674
BLOOD,PMA/Iono,8,-,-,+,+,DEI 10P,HIV+ART>1Yr,34.493,0.5114
BLOOD,PMA/Iono,8,-,-,+,+,DEI 10Q,HIV-,25.19,0.7166
BLOOD,PMA/Iono,8,-,-,+,+,DEI 10R,HIV+ART>1Yr,38.87,0.7223
BLOOD,PMA/Iono,8,-,-,+,+,DEI 10S,HIV-,11.895,0.588
BLOOD,PMA/Iono,8,-,-,+,+,DEI 10T,HIV-,28.796,0.5871
BLOOD,PMA/Iono,8,-,-,+,+,DEI 10U,HIV-,9.319,0.4368
BLOOD,PMA/Iono,8,-,-,+,+,DEI 10V,HIV-,8.44,0.4674
BLOOD,PMA/Iono,8,-,-,+,+,DEI 10W,HIV-,6.167,0.3448
BLOOD,PMA/Iono,8,-,-,+,+,DEI 10X,HIV-,68.67,0.7937
BLOOD,PMA/Iono,8,-,-,+,+,DEI 10Y,HIV-,27.797,0.7215
BLOOD,PMA/Iono,8,-,-,+,+,DEI 10Z,HIV+ART>1Yr,23.396,0.6608
BLOOD,PMA/Iono,8,-,-,+,+,DEI 110,HIV-,20.39,0.5325
BLOOD,PMA/Iono,8,-,-,+,+,DEI 111,HIV+ART>1Yr,35.098,0.7375
BLOOD,PMA/Iono,8,-,-,+,+,DEI 112,HIV+ART>1Yr,31.293,0.7238
BLOOD,PMA/Iono,8,-,-,+,+,DEI 113,HIV-,17.794,0.5102
BLOOD,PMA/Iono,8,-,-,+,+,DEI 114,HIV+ART>1Yr,22.798,0.6078
BLOOD,PMA/Iono,8,-,-,+,+,DEI 115,HIV+ART>1Yr,22.893,0.5803
BLOOD,PMA/Iono,8,-,-,+,+,DEI 117,HIV+ART>1Yr,21.694,0.5524
BLOOD,PMA/Iono,8,-,-,+,+,DEI 118,HIV+ART>1Yr,12.096,0.5585
BLOOD,PMA/Iono,8,-,-,+,+,DEI 119,HIV+ART>1Yr,16.79,0.5962
BLOOD,PMA/Iono,8,-,-,+,+,DEI 11A,HIV+ART>1Yr,35.391,0.5152
BLOOD,PMA/Iono,8,-,-,+,+,DEI 11B,HIV-,3.739,0.3633
BLOOD,PMA/Iono,8,-,-,+,+,DEI 11C,HIV+ART>1Yr,16.994,0.5025
BLOOD,PMA/Iono,8,-,-,+,+,DEI 11D,HIV+ART>1Yr,18.696,0.6125
BLOOD,PMA/Iono,8,-,-,+,+,DEI 11E,HIV+ART>1Yr,49.399,0.6605
BLOOD,PMA/Iono,8,-,-,+,+,DEI 11F,HIV+ART>1Yr,60.694,0.7739
BLOOD,PMA/Iono,8,-,-,+,+,DEI 11G,HIV+ART>1Yr,70.95,0.7978
BLOOD,PMA/Iono,8,-,-,+,+,DEI 11H,HIV-,58.39,0.7672
BLOOD,PMA/Iono,8,-,-,+,+,DEI 11I,HIV+ART>1Yr,51.098,0.7201
BLOOD,PMA/Iono,8,-,-,+,+,DEI 11J,HIV+ART>1Yr,18.4,0.4375
BLOOD,PMA/Iono,8,-,-,+,+,DEI 11K,HIV-,40.27,0.7425
BLOOD,PMA/Iono,8,-,-,+,+,DEI 11M,HIV+ART>1Yr,15.1,0.1944
BLOOD,PMA/Iono,8,-,-,+,+,DEI 11N,HIV-,5.29,0.1127
BLOOD,PMA/Iono,8,-,-,+,+,DEI 11P,HIV+ART>1Yr,49.9,0.6974
BLOOD,PMA/Iono,8,-,-,+,+,DEI 11Q,HIV-,11.57,0.5467
BLOOD,PMA/Iono,8,-,-,+,+,DEI 11R,HIV+ART>1Yr,17.891,0.4843
BLOOD,PMA/Iono,8,-,-,+,+,DEI 11U,HIV-,17.1,0.4473
BLOOD,PMA/Iono,8,-,-,+,+,DEI 11V,HIV-,15.9,0.493
BLOOD,PMA/Iono,8,-,-,+,+,DEI 11Y,HIV-,10.6,0.1468
BLOOD,PMA/Iono,8,-,-,+,+,DEI 11Z,HIV-,49.89,0.8163
BLOOD,PMA/Iono,8,-,-,+,+,DEI 13V,HIV-,28.6,0.6273
BLOOD,PMA/Iono,8,-,-,+,+,DEI 13W,HIV-,21.4,0.5513
BLOOD,PMA/Iono,8,-,-,+,+,DEI 141,HIV-,12,0.1848
BLOOD,PMA/Iono,8,-,-,+,+,DEI 143,HIV-,6.64,0.1075
BLOOD,PMA/Iono,8,-,-,+,-,DEI 103,HIV-,6.74,0.1404
BLOOD,PMA/Iono,8,-,-,+,-,DEI 104,HIV-,7.68,0.1722
BLOOD,PMA/Iono,8,-,-,+,-,DEI 105,HIV-,6.52,0.1381
BLOOD,PMA/Iono,8,-,-,+,-,DEI 106,HIV-,6.69,0.0932
BLOOD,PMA/Iono,8,-,-,+,-,DEI 107,HIV-,2.93,0.0445
BLOOD,PMA/Iono,8,-,-,+,-,DEI 108,HIV-,6.93,0.178
BLOOD,PMA/Iono,8,-,-,+,-,DEI 109,HIV-,3.18,0.0657
BLOOD,PMA/Iono,8,-,-,+,-,DEI 10A,HIV-,3.84,0.1306
BLOOD,PMA/Iono,8,-,-,+,-,DEI 10B,HIV-,4.87,0.0651
BLOOD,PMA/Iono,8,-,-,+,-,DEI 10C,HIV-,3.25,0.0555
BLOOD,PMA/Iono,8,-,-,+,-,DEI 10D,HIV-,2.81,0.0707
BLOOD,PMA/Iono,8,-,-,+,-,DEI 10E,HIV-,9.29,0.1684
BLOOD,PMA/Iono,8,-,-,+,-,DEI 10F,HIV-,2.14,0.0296
BLOOD,PMA/Iono,8,-,-,+,-,DEI 10G,HIV-,2.87,0.0824
BLOOD,PMA/Iono,8,-,-,+,-,DEI 10H,HIV-,4.83,0.1699
BLOOD,PMA/Iono,8,-,-,+,-,DEI 10I,HIV-,7.9,0.1795
BLOOD,PMA/Iono,8,-,-,+,-,DEI 10J,HIV+ART>1Yr,2.77,0.107
BLOOD,PMA/Iono,8,-,-,+,-,DEI 10K,HIV+ART>1Yr,20.54,0.3835
BLOOD,PMA/Iono,8,-,-,+,-,DEI 10L,HIV-,5.76,0.1856
BLOOD,PMA/Iono,8,-,-,+,-,DEI 10M,HIV-,3.48,0.1181
BLOOD,PMA/Iono,8,-,-,+,-,DEI 10N,HIV+ART>1Yr,20.12,0.3793
BLOOD,PMA/Iono,8,-,-,+,-,DEI 10P,HIV+ART>1Yr,9.72,0.1441
BLOOD,PMA/Iono,8,-,-,+,-,DEI 10Q,HIV-,3.1,0.0882
BLOOD,PMA/Iono,8,-,-,+,-,DEI 10R,HIV+ART>1Yr,11.8,0.2193
BLOOD,PMA/Iono,8,-,-,+,-,DEI 10S,HIV-,2.84,0.1404
BLOOD,PMA/Iono,8,-,-,+,-,DEI 10T,HIV-,10.15,0.2069
BLOOD,PMA/Iono,8,-,-,+,-,DEI 10U,HIV-,2.65,0.1242
BLOOD,PMA/Iono,8,-,-,+,-,DEI 10V,HIV-,3.86,0.2138
BLOOD,PMA/Iono,8,-,-,+,-,DEI 10W,HIV-,1.02,0.057
BLOOD,PMA/Iono,8,-,-,+,-,DEI 10X,HIV-,4.25,0.0491
BLOOD,PMA/Iono,8,-,-,+,-,DEI 10Y,HIV-,4.06,0.1054
BLOOD,PMA/Iono,8,-,-,+,-,DEI 10Z,HIV+ART>1Yr,5.84,0.165
BLOOD,PMA/Iono,8,-,-,+,-,DEI 110,HIV-,7.75,0.2024
BLOOD,PMA/Iono,8,-,-,+,-,DEI 111,HIV+ART>1Yr,5.2,0.1093
BLOOD,PMA/Iono,8,-,-,+,-,DEI 112,HIV+ART>1Yr,4.32,0.0999
BLOOD,PMA/Iono,8,-,-,+,-,DEI 113,HIV-,4.99,0.1431
BLOOD,PMA/Iono,8,-,-,+,-,DEI 114,HIV+ART>1Yr,8.59,0.229
BLOOD,PMA/Iono,8,-,-,+,-,DEI 115,HIV+ART>1Yr,7.53,0.1909
BLOOD,PMA/Iono,8,-,-,+,-,DEI 117,HIV+ART>1Yr,8.26,0.2103
BLOOD,PMA/Iono,8,-,-,+,-,DEI 118,HIV+ART>1Yr,4.102,0.1894
BLOOD,PMA/Iono,8,-,-,+,-,DEI 119,HIV+ART>1Yr,6.09,0.2162
BLOOD,PMA/Iono,8,-,-,+,-,DEI 11A,HIV+ART>1Yr,13.54,0.1971
BLOOD,PMA/Iono,8,-,-,+,-,DEI 11B,HIV-,2.57,0.2497
BLOOD,PMA/Iono,8,-,-,+,-,DEI 11C,HIV+ART>1Yr,10.44,0.3087
BLOOD,PMA/Iono,8,-,-,+,-,DEI 11D,HIV+ART>1Yr,3.78,0.1238
BLOOD,PMA/Iono,8,-,-,+,-,DEI 11E,HIV+ART>1Yr,13.26,0.1773
BLOOD,PMA/Iono,8,-,-,+,-,DEI 11F,HIV+ART>1Yr,4.45,0.0567
BLOOD,PMA/Iono,8,-,-,+,-,DEI 11G,HIV+ART>1Yr,7.11,0.08
BLOOD,PMA/Iono,8,-,-,+,-,DEI 11H,HIV-,8.52,0.1119
BLOOD,PMA/Iono,8,-,-,+,-,DEI 11I,HIV+ART>1Yr,10.32,0.1454
BLOOD,PMA/Iono,8,-,-,+,-,DEI 11J,HIV+ART>1Yr,18.16,0.4318
BLOOD,PMA/Iono,8,-,-,+,-,DEI 11K,HIV-,3.04,0.0561
BLOOD,PMA/Iono,8,-,-,+,-,DEI 11M,HIV+ART>1Yr,0.15,0.0019
BLOOD,PMA/Iono,8,-,-,+,-,DEI 11N,HIV-,0.001,0
BLOOD,PMA/Iono,8,-,-,+,-,DEI 11P,HIV+ART>1Yr,8.02,0.1121
BLOOD,PMA/Iono,8,-,-,+,-,DEI 11Q,HIV-,5.96,0.2816
BLOOD,PMA/Iono,8,-,-,+,-,DEI 11R,HIV+ART>1Yr,14.57,0.3944
BLOOD,PMA/Iono,8,-,-,+,-,DEI 11U,HIV-,1.48,0.0387
BLOOD,PMA/Iono,8,-,-,+,-,DEI 11V,HIV-,2.11,0.0654
BLOOD,PMA/Iono,8,-,-,+,-,DEI 11Y,HIV-,0.99,0.0137
BLOOD,PMA/Iono,8,-,-,+,-,DEI 11Z,HIV-,4.11,0.0673
BLOOD,PMA/Iono,8,-,-,+,-,DEI 13V,HIV-,5.51,0.1209
BLOOD,PMA/Iono,8,-,-,+,-,DEI 13W,HIV-,4.094,0.1055
BLOOD,PMA/Iono,8,-,-,+,-,DEI 141,HIV-,1.45,0.0223
BLOOD,PMA/Iono,8,-,-,+,-,DEI 143,HIV-,0.001,0
BLOOD,PMA/Iono,8,-,-,-,+,DEI 103,HIV-,5.43,0.1131
BLOOD,PMA/Iono,8,-,-,-,+,DEI 104,HIV-,4.8,0.1076
BLOOD,PMA/Iono,8,-,-,-,+,DEI 105,HIV-,5.77,0.1222
BLOOD,PMA/Iono,8,-,-,-,+,DEI 106,HIV-,11.66,0.1625
BLOOD,PMA/Iono,8,-,-,-,+,DEI 107,HIV-,7.9,0.12
BLOOD,PMA/Iono,8,-,-,-,+,DEI 108,HIV-,4.59,0.1179
BLOOD,PMA/Iono,8,-,-,-,+,DEI 109,HIV-,4.61,0.0952
BLOOD,PMA/Iono,8,-,-,-,+,DEI 10A,HIV-,3.675,0.125
BLOOD,PMA/Iono,8,-,-,-,+,DEI 10B,HIV-,7.97,0.1066
BLOOD,PMA/Iono,8,-,-,-,+,DEI 10C,HIV-,12.64,0.2157
BLOOD,PMA/Iono,8,-,-,-,+,DEI 10D,HIV-,6.54,0.1645
BLOOD,PMA/Iono,8,-,-,-,+,DEI 10E,HIV-,16.41,0.2975
BLOOD,PMA/Iono,8,-,-,-,+,DEI 10F,HIV-,20.2,0.2798
BLOOD,PMA/Iono,8,-,-,-,+,DEI 10G,HIV-,15.56,0.4469
BLOOD,PMA/Iono,8,-,-,-,+,DEI 10H,HIV-,4.69,0.165
BLOOD,PMA/Iono,8,-,-,-,+,DEI 10I,HIV-,9.04,0.2054
BLOOD,PMA/Iono,8,-,-,-,+,DEI 10J,HIV+ART>1Yr,6.96,0.2689
BLOOD,PMA/Iono,8,-,-,-,+,DEI 10K,HIV+ART>1Yr,10.52,0.1964
BLOOD,PMA/Iono,8,-,-,-,+,DEI 10L,HIV-,2.6,0.0838
BLOOD,PMA/Iono,8,-,-,-,+,DEI 10M,HIV-,5.48,0.186
BLOOD,PMA/Iono,8,-,-,-,+,DEI 10N,HIV+ART>1Yr,5.66,0.1067
BLOOD,PMA/Iono,8,-,-,-,+,DEI 10P,HIV+ART>1Yr,22.56,0.3345
BLOOD,PMA/Iono,8,-,-,-,+,DEI 10Q,HIV-,4.81,0.1368
BLOOD,PMA/Iono,8,-,-,-,+,DEI 10R,HIV+ART>1Yr,2.09,0.0388
BLOOD,PMA/Iono,8,-,-,-,+,DEI 10S,HIV-,4.31,0.2131
BLOOD,PMA/Iono,8,-,-,-,+,DEI 10T,HIV-,6.73,0.1372
BLOOD,PMA/Iono,8,-,-,-,+,DEI 10U,HIV-,7.23,0.3389
BLOOD,PMA/Iono,8,-,-,-,+,DEI 10V,HIV-,3.86,0.2138
BLOOD,PMA/Iono,8,-,-,-,+,DEI 10W,HIV-,9.16,0.5121
BLOOD,PMA/Iono,8,-,-,-,+,DEI 10X,HIV-,12.6,0.1456
BLOOD,PMA/Iono,8,-,-,-,+,DEI 10Y,HIV-,4.93,0.128
BLOOD,PMA/Iono,8,-,-,-,+,DEI 10Z,HIV+ART>1Yr,5.1,0.1441
BLOOD,PMA/Iono,8,-,-,-,+,DEI 110,HIV-,8.67,0.2264
BLOOD,PMA/Iono,8,-,-,-,+,DEI 111,HIV+ART>1Yr,6.15,0.1292
BLOOD,PMA/Iono,8,-,-,-,+,DEI 112,HIV+ART>1Yr,5.21,0.1205
BLOOD,PMA/Iono,8,-,-,-,+,DEI 113,HIV-,8.64,0.2477
BLOOD,PMA/Iono,8,-,-,-,+,DEI 114,HIV+ART>1Yr,4.24,0.113
BLOOD,PMA/Iono,8,-,-,-,+,DEI 115,HIV+ART>1Yr,6.23,0.1579
BLOOD,PMA/Iono,8,-,-,-,+,DEI 117,HIV+ART>1Yr,5.37,0.1367
BLOOD,PMA/Iono,8,-,-,-,+,DEI 118,HIV+ART>1Yr,4.01,0.1852
BLOOD,PMA/Iono,8,-,-,-,+,DEI 119,HIV+ART>1Yr,3.65,0.1296
BLOOD,PMA/Iono,8,-,-,-,+,DEI 11A,HIV+ART>1Yr,13.19,0.192
BLOOD,PMA/Iono,8,-,-,-,+,DEI 11B,HIV-,3.07,0.2983
BLOOD,PMA/Iono,8,-,-,-,+,DEI 11C,HIV+ART>1Yr,2.33,0.0689
BLOOD,PMA/Iono,8,-,-,-,+,DEI 11D,HIV+ART>1Yr,6.15,0.2015
BLOOD,PMA/Iono,8,-,-,-,+,DEI 11E,HIV+ART>1Yr,9.73,0.1301
BLOOD,PMA/Iono,8,-,-,-,+,DEI 11F,HIV+ART>1Yr,8.75,0.1116
BLOOD,PMA/Iono,8,-,-,-,+,DEI 11G,HIV+ART>1Yr,9.76,0.1098
BLOOD,PMA/Iono,8,-,-,-,+,DEI 11H,HIV-,7.29,0.0958
BLOOD,PMA/Iono,8,-,-,-,+,DEI 11I,HIV+ART>1Yr,7.11,0.1002
BLOOD,PMA/Iono,8,-,-,-,+,DEI 11J,HIV+ART>1Yr,3.73,0.0887
BLOOD,PMA/Iono,8,-,-,-,+,DEI 11K,HIV-,9.57,0.1765
BLOOD,PMA/Iono,8,-,-,-,+,DEI 11M,HIV+ART>1Yr,62.1,0.7997
BLOOD,PMA/Iono,8,-,-,-,+,DEI 11N,HIV-,41.3,0.8801
BLOOD,PMA/Iono,8,-,-,-,+,DEI 11P,HIV+ART>1Yr,6.68,0.0934
BLOOD,PMA/Iono,8,-,-,-,+,DEI 11Q,HIV-,1.89,0.0893
BLOOD,PMA/Iono,8,-,-,-,+,DEI 11R,HIV+ART>1Yr,3.14,0.085
BLOOD,PMA/Iono,8,-,-,-,+,DEI 11U,HIV-,17.28,0.452
BLOOD,PMA/Iono,8,-,-,-,+,DEI 11V,HIV-,12.86,0.3988
BLOOD,PMA/Iono,8,-,-,-,+,DEI 11Y,HIV-,59.09,0.8181
BLOOD,PMA/Iono,8,-,-,-,+,DEI 11Z,HIV-,5.15,0.0843
BLOOD,PMA/Iono,8,-,-,-,+,DEI 13V,HIV-,8.533,0.1872
BLOOD,PMA/Iono,8,-,-,-,+,DEI 13W,HIV-,10.15,0.2615
BLOOD,PMA/Iono,8,-,-,-,+,DEI 141,HIV-,49.94,0.7693
BLOOD,PMA/Iono,8,-,-,-,+,DEI 143,HIV-,53.41,0.8649
BLOOD,Spike P,4,+,+,+,+,DEI 103,HIV-,0.006,0.0144
BLOOD,Spike P,4,+,+,+,+,DEI 104,HIV-,0.001,0.0526
BLOOD,Spike P,4,+,+,+,+,DEI 105,HIV-,0.001,0.0074
BLOOD,Spike P,4,+,+,+,+,DEI 106,HIV-,0.001,0.0556
BLOOD,Spike P,4,+,+,+,+,DEI 107,HIV-,0.001,0.0192
BLOOD,Spike P,4,+,+,+,+,DEI 108,HIV-,0.001,0.02
BLOOD,Spike P,4,+,+,+,+,DEI 109,HIV-,0.001,0.0005
BLOOD,Spike P,4,+,+,+,+,DEI 10A,HIV-,0.004,0.0205
BLOOD,Spike P,4,+,+,+,+,DEI 10B,HIV-,0.001,0.0208
BLOOD,Spike P,4,+,+,+,+,DEI 10C,HIV-,0.001,0.0217
BLOOD,Spike P,4,+,+,+,+,DEI 10D,HIV-,0.005,0.0055
BLOOD,Spike P,4,+,+,+,+,DEI 10E,HIV-,0.001,0.0833
BLOOD,Spike P,4,+,+,+,+,DEI 10F,HIV-,0.01,0.0181
BLOOD,Spike P,4,+,+,+,+,DEI 10G,HIV-,0.003,0.0492
BLOOD,Spike P,4,+,+,+,+,DEI 10H,HIV-,0.001,0.0196
BLOOD,Spike P,4,+,+,+,+,DEI 10I,HIV-,0.001,0.0034
BLOOD,Spike P,4,+,+,+,+,DEI 10J,HIV+ART>1Yr,0.001,0.0476
BLOOD,Spike P,4,+,+,+,+,DEI 10K,HIV+ART>1Yr,0.001,0.0238
BLOOD,Spike P,4,+,+,+,+,DEI 10L,HIV-,0.001,0.0769
BLOOD,Spike P,4,+,+,+,+,DEI 10M,HIV-,0.001,0.0769
BLOOD,Spike P,4,+,+,+,+,DEI 10N,HIV+ART>1Yr,0.001,0.0303
BLOOD,Spike P,4,+,+,+,+,DEI 10P,HIV+ART>1Yr,0.001,0.01
BLOOD,Spike P,4,+,+,+,+,DEI 10Q,HIV-,0.001,0.0833
BLOOD,Spike P,4,+,+,+,+,DEI 10R,HIV+ART>1Yr,0.001,0.0714
BLOOD,Spike P,4,+,+,+,+,DEI 10S,HIV-,0.001,0.0278
BLOOD,Spike P,4,+,+,+,+,DEI 10T,HIV-,0.001,0.0833
BLOOD,Spike P,4,+,+,+,+,DEI 10U,HIV-,0.001,0.0833
BLOOD,Spike P,4,+,+,+,+,DEI 10V,HIV-,0.001,0.04
BLOOD,Spike P,4,+,+,+,+,DEI 10W,HIV-,0.001,0.0833
BLOOD,Spike P,4,+,+,+,+,DEI 10X,HIV-,0.001,0.0455
BLOOD,Spike P,4,+,+,+,+,DEI 10Y,HIV-,0.001,0.0769
BLOOD,Spike P,4,+,+,+,+,DEI 10Z,HIV+ART>1Yr,0.001,0.04
BLOOD,Spike P,4,+,+,+,+,DEI 110,HIV-,0.001,0.0833
BLOOD,Spike P,4,+,+,+,+,DEI 111,HIV+ART>1Yr,0.001,0.0204
BLOOD,Spike P,4,+,+,+,+,DEI 112,HIV+ART>1Yr,0.001,0.002
BLOOD,Spike P,4,+,+,+,+,DEI 113,HIV-,0.001,0.0625
BLOOD,Spike P,4,+,+,+,+,DEI 114,HIV+ART>1Yr,0.001,0.0238
BLOOD,Spike P,4,+,+,+,+,DEI 115,HIV+ART>1Yr,0.001,0.0233
BLOOD,Spike P,4,+,+,+,+,DEI 117,HIV+ART>1Yr,0.001,0.0164
BLOOD,Spike P,4,+,+,+,+,DEI 118,HIV+ART>1Yr,0.001,0.0045
BLOOD,Spike P,4,+,+,+,+,DEI 119,HIV+ART>1Yr,0.001,0.0047
BLOOD,Spike P,4,+,+,+,+,DEI 11A,HIV+ART>1Yr,0.001,0.0056
BLOOD,Spike P,4,+,+,+,+,DEI 11B,HIV-,0.001,0.0286
BLOOD,Spike P,4,+,+,+,+,DEI 11C,HIV+ART>1Yr,0.001,0.0278
BLOOD,Spike P,4,+,+,+,+,DEI 11D,HIV+ART>1Yr,0.001,0.0133
BLOOD,Spike P,4,+,+,+,+,DEI 11E,HIV+ART>1Yr,0.001,0.0164
BLOOD,Spike P,4,+,+,+,+,DEI 11F,HIV+ART>1Yr,0.001,0.0303
BLOOD,Spike P,4,+,+,+,+,DEI 11G,HIV+ART>1Yr,0.001,0.0833
BLOOD,Spike P,4,+,+,+,+,DEI 11H,HIV-,0.001,0.0161
BLOOD,Spike P,4,+,+,+,+,DEI 11I,HIV+ART>1Yr,0.001,0.0064
BLOOD,Spike P,4,+,+,+,+,DEI 11J,HIV+ART>1Yr,0.001,0.0233
BLOOD,Spike P,4,+,+,+,+,DEI 11K,HIV-,0.001,0.0526
BLOOD,Spike P,4,+,+,+,+,DEI 11M,HIV+ART>1Yr,0.001,0.0833
BLOOD,Spike P,4,+,+,+,+,DEI 11N,HIV-,0.001,0.0009
BLOOD,Spike P,4,+,+,+,+,DEI 11P,HIV+ART>1Yr,0.001,0.0008
BLOOD,Spike P,4,+,+,+,+,DEI 11Q,HIV-,0.001,0.0208
BLOOD,Spike P,4,+,+,+,+,DEI 11R,HIV+ART>1Yr,0.001,0.0833
BLOOD,Spike P,4,+,+,+,+,DEI 11U,HIV-,0.001,0.0588
BLOOD,Spike P,4,+,+,+,+,DEI 11V,HIV-,0.001,0.0769
BLOOD,Spike P,4,+,+,+,+,DEI 11Y,HIV-,0.001,0.0013
BLOOD,Spike P,4,+,+,+,+,DEI 11Z,HIV-,0.001,0.0714
BLOOD,Spike P,4,+,+,+,+,DEI 13V,HIV-,0.001,0.0833
BLOOD,Spike P,4,+,+,+,+,DEI 13W,HIV-,0.001,0.0667
BLOOD,Spike P,4,+,+,+,+,DEI 141,HIV-,0.001,0.0323
BLOOD,Spike P,4,+,+,+,+,DEI 143,HIV-,0.001,0.0027
BLOOD,Spike P,4,+,+,+,-,DEI 103,HIV-,0.001,0.0024
BLOOD,Spike P,4,+,+,+,-,DEI 104,HIV-,0.004,0.2105
BLOOD,Spike P,4,+,+,+,-,DEI 105,HIV-,0.001,0.0074
BLOOD,Spike P,4,+,+,+,-,DEI 106,HIV-,0.001,0.0556
BLOOD,Spike P,4,+,+,+,-,DEI 107,HIV-,0.001,0.0192
BLOOD,Spike P,4,+,+,+,-,DEI 108,HIV-,0.003,0.06
BLOOD,Spike P,4,+,+,+,-,DEI 109,HIV-,0.02,0.0102
BLOOD,Spike P,4,+,+,+,-,DEI 10A,HIV-,0.001,0.0051
BLOOD,Spike P,4,+,+,+,-,DEI 10B,HIV-,0.001,0.0208
BLOOD,Spike P,4,+,+,+,-,DEI 10C,HIV-,0.001,0.0217
BLOOD,Spike P,4,+,+,+,-,DEI 10D,HIV-,0.003,0.0033
BLOOD,Spike P,4,+,+,+,-,DEI 10E,HIV-,0.001,0.0833
BLOOD,Spike P,4,+,+,+,-,DEI 10F,HIV-,0.01,0.0181
BLOOD,Spike P,4,+,+,+,-,DEI 10G,HIV-,0.001,0.0164
BLOOD,Spike P,4,+,+,+,-,DEI 10H,HIV-,0.003,0.0588
BLOOD,Spike P,4,+,+,+,-,DEI 10I,HIV-,0.001,0.0034
BLOOD,Spike P,4,+,+,+,-,DEI 10J,HIV+ART>1Yr,0.001,0.0476
BLOOD,Spike P,4,+,+,+,-,DEI 10K,HIV+ART>1Yr,0.001,0.0238
BLOOD,Spike P,4,+,+,+,-,DEI 10L,HIV-,0.001,0.0769
BLOOD,Spike P,4,+,+,+,-,DEI 10M,HIV-,0.001,0.0769
BLOOD,Spike P,4,+,+,+,-,DEI 10N,HIV+ART>1Yr,0.001,0.0303
BLOOD,Spike P,4,+,+,+,-,DEI 10P,HIV+ART>1Yr,0.001,0.01
BLOOD,Spike P,4,+,+,+,-,DEI 10Q,HIV-,0.001,0.0833
BLOOD,Spike P,4,+,+,+,-,DEI 10R,HIV+ART>1Yr,0.001,0.0714
BLOOD,Spike P,4,+,+,+,-,DEI 10S,HIV-,0.002,0.0556
BLOOD,Spike P,4,+,+,+,-,DEI 10T,HIV-,0.001,0.0833
BLOOD,Spike P,4,+,+,+,-,DEI 10U,HIV-,0.001,0.0833
BLOOD,Spike P,4,+,+,+,-,DEI 10V,HIV-,0.001,0.04
BLOOD,Spike P,4,+,+,+,-,DEI 10W,HIV-,0.001,0.0833
BLOOD,Spike P,4,+,+,+,-,DEI 10X,HIV-,0.001,0.0455
BLOOD,Spike P,4,+,+,+,-,DEI 10Y,HIV-,0.001,0.0769
BLOOD,Spike P,4,+,+,+,-,DEI 10Z,HIV+ART>1Yr,0.001,0.04
BLOOD,Spike P,4,+,+,+,-,DEI 110,HIV-,0.001,0.0833
BLOOD,Spike P,4,+,+,+,-,DEI 111,HIV+ART>1Yr,0.001,0.0204
BLOOD,Spike P,4,+,+,+,-,DEI 112,HIV+ART>1Yr,0.001,0.002
BLOOD,Spike P,4,+,+,+,-,DEI 113,HIV-,0.001,0.0625
BLOOD,Spike P,4,+,+,+,-,DEI 114,HIV+ART>1Yr,0.001,0.0238
BLOOD,Spike P,4,+,+,+,-,DEI 115,HIV+ART>1Yr,0.001,0.0233
BLOOD,Spike P,4,+,+,+,-,DEI 117,HIV+ART>1Yr,0.001,0.0164
BLOOD,Spike P,4,+,+,+,-,DEI 118,HIV+ART>1Yr,0.001,0.0045
BLOOD,Spike P,4,+,+,+,-,DEI 119,HIV+ART>1Yr,0.001,0.0047
BLOOD,Spike P,4,+,+,+,-,DEI 11A,HIV+ART>1Yr,0.001,0.0056
BLOOD,Spike P,4,+,+,+,-,DEI 11B,HIV-,0.001,0.0286
BLOOD,Spike P,4,+,+,+,-,DEI 11C,HIV+ART>1Yr,0.001,0.0278
BLOOD,Spike P,4,+,+,+,-,DEI 11D,HIV+ART>1Yr,0.002,0.0267
BLOOD,Spike P,4,+,+,+,-,DEI 11E,HIV+ART>1Yr,0.001,0.0164
BLOOD,Spike P,4,+,+,+,-,DEI 11F,HIV+ART>1Yr,0.001,0.0303
BLOOD,Spike P,4,+,+,+,-,DEI 11G,HIV+ART>1Yr,0.001,0.0833
BLOOD,Spike P,4,+,+,+,-,DEI 11H,HIV-,0.001,0.0161
BLOOD,Spike P,4,+,+,+,-,DEI 11I,HIV+ART>1Yr,0.001,0.0064
BLOOD,Spike P,4,+,+,+,-,DEI 11J,HIV+ART>1Yr,0.001,0.0233
BLOOD,Spike P,4,+,+,+,-,DEI 11K,HIV-,0.001,0.0526
BLOOD,Spike P,4,+,+,+,-,DEI 11M,HIV+ART>1Yr,0.001,0.0833
BLOOD,Spike P,4,+,+,+,-,DEI 11N,HIV-,0.001,0.0009
BLOOD,Spike P,4,+,+,+,-,DEI 11P,HIV+ART>1Yr,0.002,0.0016
BLOOD,Spike P,4,+,+,+,-,DEI 11Q,HIV-,0.001,0.0208
BLOOD,Spike P,4,+,+,+,-,DEI 11R,HIV+ART>1Yr,0.001,0.0833
BLOOD,Spike P,4,+,+,+,-,DEI 11U,HIV-,0.001,0.0588
BLOOD,Spike P,4,+,+,+,-,DEI 11V,HIV-,0.001,0.0769
BLOOD,Spike P,4,+,+,+,-,DEI 11Y,HIV-,0.001,0.0013
BLOOD,Spike P,4,+,+,+,-,DEI 11Z,HIV-,0.001,0.0714
BLOOD,Spike P,4,+,+,+,-,DEI 13V,HIV-,0.001,0.0833
BLOOD,Spike P,4,+,+,+,-,DEI 13W,HIV-,0.001,0.0667
BLOOD,Spike P,4,+,+,+,-,DEI 141,HIV-,0.001,0.0323
BLOOD,Spike P,4,+,+,+,-,DEI 143,HIV-,0.001,0.0027
BLOOD,Spike P,4,+,+,-,+,DEI 103,HIV-,0.001,0.0024
BLOOD,Spike P,4,+,+,-,+,DEI 104,HIV-,0.004,0.2105
BLOOD,Spike P,4,+,+,-,+,DEI 105,HIV-,0.001,0.0074
BLOOD,Spike P,4,+,+,-,+,DEI 106,HIV-,0.001,0.0556
BLOOD,Spike P,4,+,+,-,+,DEI 107,HIV-,0.003,0.0577
BLOOD,Spike P,4,+,+,-,+,DEI 108,HIV-,0.002,0.04
BLOOD,Spike P,4,+,+,-,+,DEI 109,HIV-,0.001,0.0005
BLOOD,Spike P,4,+,+,-,+,DEI 10A,HIV-,0.001,0.0051
BLOOD,Spike P,4,+,+,-,+,DEI 10B,HIV-,0.001,0.0208
BLOOD,Spike P,4,+,+,-,+,DEI 10C,HIV-,0.001,0.0217
BLOOD,Spike P,4,+,+,-,+,DEI 10D,HIV-,0.006,0.0066
BLOOD,Spike P,4,+,+,-,+,DEI 10E,HIV-,0.001,0.0833
BLOOD,Spike P,4,+,+,-,+,DEI 10F,HIV-,0.06,0.1085
BLOOD,Spike P,4,+,+,-,+,DEI 10G,HIV-,0.002,0.0328
BLOOD,Spike P,4,+,+,-,+,DEI 10H,HIV-,0.001,0.0196
BLOOD,Spike P,4,+,+,-,+,DEI 10I,HIV-,0.001,0.0034
BLOOD,Spike P,4,+,+,-,+,DEI 10J,HIV+ART>1Yr,0.001,0.0476
BLOOD,Spike P,4,+,+,-,+,DEI 10K,HIV+ART>1Yr,0.001,0.0238
BLOOD,Spike P,4,+,+,-,+,DEI 10L,HIV-,0.001,0.0769
BLOOD,Spike P,4,+,+,-,+,DEI 10M,HIV-,0.001,0.0769
BLOOD,Spike P,4,+,+,-,+,DEI 10N,HIV+ART>1Yr,0.001,0.0303
BLOOD,Spike P,4,+,+,-,+,DEI 10P,HIV+ART>1Yr,0.001,0.01
BLOOD,Spike P,4,+,+,-,+,DEI 10Q,HIV-,0.001,0.0833
BLOOD,Spike P,4,+,+,-,+,DEI 10R,HIV+ART>1Yr,0.001,0.0714
BLOOD,Spike P,4,+,+,-,+,DEI 10S,HIV-,0.001,0.0278
BLOOD,Spike P,4,+,+,-,+,DEI 10T,HIV-,0.001,0.0833
BLOOD,Spike P,4,+,+,-,+,DEI 10U,HIV-,0.001,0.0833
BLOOD,Spike P,4,+,+,-,+,DEI 10V,HIV-,0.003,0.12
BLOOD,Spike P,4,+,+,-,+,DEI 10W,HIV-,0.001,0.0833
BLOOD,Spike P,4,+,+,-,+,DEI 10X,HIV-,0.001,0.0455
BLOOD,Spike P,4,+,+,-,+,DEI 10Y,HIV-,0.001,0.0769
BLOOD,Spike P,4,+,+,-,+,DEI 10Z,HIV+ART>1Yr,0.001,0.04
BLOOD,Spike P,4,+,+,-,+,DEI 110,HIV-,0.001,0.0833
BLOOD,Spike P,4,+,+,-,+,DEI 111,HIV+ART>1Yr,0.001,0.0204
BLOOD,Spike P,4,+,+,-,+,DEI 112,HIV+ART>1Yr,0.001,0.002
BLOOD,Spike P,4,+,+,-,+,DEI 113,HIV-,0.001,0.0625
BLOOD,Spike P,4,+,+,-,+,DEI 114,HIV+ART>1Yr,0.001,0.0238
BLOOD,Spike P,4,+,+,-,+,DEI 115,HIV+ART>1Yr,0.001,0.0233
BLOOD,Spike P,4,+,+,-,+,DEI 117,HIV+ART>1Yr,0.001,0.0164
BLOOD,Spike P,4,+,+,-,+,DEI 118,HIV+ART>1Yr,0.001,0.0045
BLOOD,Spike P,4,+,+,-,+,DEI 119,HIV+ART>1Yr,0.01,0.0465
BLOOD,Spike P,4,+,+,-,+,DEI 11A,HIV+ART>1Yr,0.001,0.0056
BLOOD,Spike P,4,+,+,-,+,DEI 11B,HIV-,0.001,0.0286
BLOOD,Spike P,4,+,+,-,+,DEI 11C,HIV+ART>1Yr,0.013,0.3611
BLOOD,Spike P,4,+,+,-,+,DEI 11D,HIV+ART>1Yr,0.001,0.0133
BLOOD,Spike P,4,+,+,-,+,DEI 11E,HIV+ART>1Yr,0.001,0.0164
BLOOD,Spike P,4,+,+,-,+,DEI 11F,HIV+ART>1Yr,0.001,0.0303
BLOOD,Spike P,4,+,+,-,+,DEI 11G,HIV+ART>1Yr,0.001,0.0833
BLOOD,Spike P,4,+,+,-,+,DEI 11H,HIV-,0.001,0.0161
BLOOD,Spike P,4,+,+,-,+,DEI 11I,HIV+ART>1Yr,0.001,0.0064
BLOOD,Spike P,4,+,+,-,+,DEI 11J,HIV+ART>1Yr,0.02,0.4651
BLOOD,Spike P,4,+,+,-,+,DEI 11K,HIV-,0.001,0.0526
BLOOD,Spike P,4,+,+,-,+,DEI 11M,HIV+ART>1Yr,0.001,0.0833
BLOOD,Spike P,4,+,+,-,+,DEI 11N,HIV-,0.001,0.0009
BLOOD,Spike P,4,+,+,-,+,DEI 11P,HIV+ART>1Yr,0.008,0.0065
BLOOD,Spike P,4,+,+,-,+,DEI 11Q,HIV-,0.001,0.0208
BLOOD,Spike P,4,+,+,-,+,DEI 11R,HIV+ART>1Yr,0.001,0.0833
BLOOD,Spike P,4,+,+,-,+,DEI 11U,HIV-,0.001,0.0588
BLOOD,Spike P,4,+,+,-,+,DEI 11V,HIV-,0.001,0.0769
BLOOD,Spike P,4,+,+,-,+,DEI 11Y,HIV-,0.001,0.0013
BLOOD,Spike P,4,+,+,-,+,DEI 11Z,HIV-,0.001,0.0714
BLOOD,Spike P,4,+,+,-,+,DEI 13V,HIV-,0.001,0.0833
BLOOD,Spike P,4,+,+,-,+,DEI 13W,HIV-,0.001,0.0667
BLOOD,Spike P,4,+,+,-,+,DEI 141,HIV-,0.001,0.0323
BLOOD,Spike P,4,+,+,-,+,DEI 143,HIV-,0.005,0.0136
BLOOD,Spike P,4,+,-,+,+,DEI 103,HIV-,0.001,0.0024
BLOOD,Spike P,4,+,-,+,+,DEI 104,HIV-,0.001,0.0526
BLOOD,Spike P,4,+,-,+,+,DEI 105,HIV-,0.001,0.0074
BLOOD,Spike P,4,+,-,+,+,DEI 106,HIV-,0.001,0.0556
BLOOD,Spike P,4,+,-,+,+,DEI 107,HIV-,0.001,0.0192
BLOOD,Spike P,4,+,-,+,+,DEI 108,HIV-,0.003,0.06
BLOOD,Spike P,4,+,-,+,+,DEI 109,HIV-,0.001,0.0005
BLOOD,Spike P,4,+,-,+,+,DEI 10A,HIV-,0.001,0.0051
BLOOD,Spike P,4,+,-,+,+,DEI 10B,HIV-,0.001,0.0208
BLOOD,Spike P,4,+,-,+,+,DEI 10C,HIV-,0.006,0.1304
BLOOD,Spike P,4,+,-,+,+,DEI 10D,HIV-,0.004,0.0044
BLOOD,Spike P,4,+,-,+,+,DEI 10E,HIV-,0.001,0.0833
BLOOD,Spike P,4,+,-,+,+,DEI 10F,HIV-,0.01,0.0181
BLOOD,Spike P,4,+,-,+,+,DEI 10G,HIV-,0.001,0.0164
BLOOD,Spike P,4,+,-,+,+,DEI 10H,HIV-,0.001,0.0196
BLOOD,Spike P,4,+,-,+,+,DEI 10I,HIV-,0.003,0.0102
BLOOD,Spike P,4,+,-,+,+,DEI 10J,HIV+ART>1Yr,0.001,0.0476
BLOOD,Spike P,4,+,-,+,+,DEI 10K,HIV+ART>1Yr,0.001,0.0238
BLOOD,Spike P,4,+,-,+,+,DEI 10L,HIV-,0.001,0.0769
BLOOD,Spike P,4,+,-,+,+,DEI 10M,HIV-,0.001,0.0769
BLOOD,Spike P,4,+,-,+,+,DEI 10N,HIV+ART>1Yr,0.001,0.0303
BLOOD,Spike P,4,+,-,+,+,DEI 10P,HIV+ART>1Yr,0.001,0.01
BLOOD,Spike P,4,+,-,+,+,DEI 10Q,HIV-,0.001,0.0833
BLOOD,Spike P,4,+,-,+,+,DEI 10R,HIV+ART>1Yr,0.001,0.0714
BLOOD,Spike P,4,+,-,+,+,DEI 10S,HIV-,0.001,0.0278
BLOOD,Spike P,4,+,-,+,+,DEI 10T,HIV-,0.001,0.0833
BLOOD,Spike P,4,+,-,+,+,DEI 10U,HIV-,0.001,0.0833
BLOOD,Spike P,4,+,-,+,+,DEI 10V,HIV-,0.001,0.04
BLOOD,Spike P,4,+,-,+,+,DEI 10W,HIV-,0.001,0.0833
BLOOD,Spike P,4,+,-,+,+,DEI 10X,HIV-,0.001,0.0455
BLOOD,Spike P,4,+,-,+,+,DEI 10Y,HIV-,0.001,0.0769
BLOOD,Spike P,4,+,-,+,+,DEI 10Z,HIV+ART>1Yr,0.001,0.04
BLOOD,Spike P,4,+,-,+,+,DEI 110,HIV-,0.001,0.0833
BLOOD,Spike P,4,+,-,+,+,DEI 111,HIV+ART>1Yr,0.001,0.0204
BLOOD,Spike P,4,+,-,+,+,DEI 112,HIV+ART>1Yr,0.001,0.002
BLOOD,Spike P,4,+,-,+,+,DEI 113,HIV-,0.002,0.125
BLOOD,Spike P,4,+,-,+,+,DEI 114,HIV+ART>1Yr,0.001,0.0238
BLOOD,Spike P,4,+,-,+,+,DEI 115,HIV+ART>1Yr,0.001,0.0233
BLOOD,Spike P,4,+,-,+,+,DEI 117,HIV+ART>1Yr,0.001,0.0164
BLOOD,Spike P,4,+,-,+,+,DEI 118,HIV+ART>1Yr,0.001,0.0045
BLOOD,Spike P,4,+,-,+,+,DEI 119,HIV+ART>1Yr,0.01,0.0465
BLOOD,Spike P,4,+,-,+,+,DEI 11A,HIV+ART>1Yr,0.001,0.0056
BLOOD,Spike P,4,+,-,+,+,DEI 11B,HIV-,0.001,0.0286
BLOOD,Spike P,4,+,-,+,+,DEI 11C,HIV+ART>1Yr,0.002,0.0556
BLOOD,Spike P,4,+,-,+,+,DEI 11D,HIV+ART>1Yr,0.001,0.0133
BLOOD,Spike P,4,+,-,+,+,DEI 11E,HIV+ART>1Yr,0.001,0.0164
BLOOD,Spike P,4,+,-,+,+,DEI 11F,HIV+ART>1Yr,0.011,0.3333
BLOOD,Spike P,4,+,-,+,+,DEI 11G,HIV+ART>1Yr,0.001,0.0833
BLOOD,Spike P,4,+,-,+,+,DEI 11H,HIV-,0.001,0.0161
BLOOD,Spike P,4,+,-,+,+,DEI 11I,HIV+ART>1Yr,0.003,0.0192
BLOOD,Spike P,4,+,-,+,+,DEI 11J,HIV+ART>1Yr,0.001,0.0233
BLOOD,Spike P,4,+,-,+,+,DEI 11K,HIV-,0.001,0.0526
BLOOD,Spike P,4,+,-,+,+,DEI 11M,HIV+ART>1Yr,0.001,0.0833
BLOOD,Spike P,4,+,-,+,+,DEI 11N,HIV-,0.001,0.0009
BLOOD,Spike P,4,+,-,+,+,DEI 11P,HIV+ART>1Yr,0.001,0.0008
BLOOD,Spike P,4,+,-,+,+,DEI 11Q,HIV-,0.001,0.0208
BLOOD,Spike P,4,+,-,+,+,DEI 11R,HIV+ART>1Yr,0.001,0.0833
BLOOD,Spike P,4,+,-,+,+,DEI 11U,HIV-,0.001,0.0588
BLOOD,Spike P,4,+,-,+,+,DEI 11V,HIV-,0.001,0.0769
BLOOD,Spike P,4,+,-,+,+,DEI 11Y,HIV-,0.001,0.0013
BLOOD,Spike P,4,+,-,+,+,DEI 11Z,HIV-,0.001,0.0714
BLOOD,Spike P,4,+,-,+,+,DEI 13V,HIV-,0.001,0.0833
BLOOD,Spike P,4,+,-,+,+,DEI 13W,HIV-,0.001,0.0667
BLOOD,Spike P,4,+,-,+,+,DEI 141,HIV-,0.001,0.0323
BLOOD,Spike P,4,+,-,+,+,DEI 143,HIV-,0.003,0.0081
BLOOD,Spike P,4,+,-,+,-,DEI 103,HIV-,0.02,0.0481
BLOOD,Spike P,4,+,-,+,-,DEI 104,HIV-,0.001,0.0526
BLOOD,Spike P,4,+,-,+,-,DEI 105,HIV-,0.02,0.1481
BLOOD,Spike P,4,+,-,+,-,DEI 106,HIV-,0.001,0.0556
BLOOD,Spike P,4,+,-,+,-,DEI 107,HIV-,0.001,0.0192
BLOOD,Spike P,4,+,-,+,-,DEI 108,HIV-,0.001,0.02
BLOOD,Spike P,4,+,-,+,-,DEI 109,HIV-,1.57,0.8031
BLOOD,Spike P,4,+,-,+,-,DEI 10A,HIV-,0.021,0.1077
BLOOD,Spike P,4,+,-,+,-,DEI 10B,HIV-,0.001,0.0208
BLOOD,Spike P,4,+,-,+,-,DEI 10C,HIV-,0.001,0.0217
BLOOD,Spike P,4,+,-,+,-,DEI 10D,HIV-,0.1,0.1105
BLOOD,Spike P,4,+,-,+,-,DEI 10E,HIV-,0.001,0.0833
BLOOD,Spike P,4,+,-,+,-,DEI 10F,HIV-,0.04,0.0723
BLOOD,Spike P,4,+,-,+,-,DEI 10G,HIV-,0.003,0.0492
BLOOD,Spike P,4,+,-,+,-,DEI 10H,HIV-,0.001,0.0196
BLOOD,Spike P,4,+,-,+,-,DEI 10I,HIV-,0.006,0.0205
BLOOD,Spike P,4,+,-,+,-,DEI 10J,HIV+ART>1Yr,0.001,0.0476
BLOOD,Spike P,4,+,-,+,-,DEI 10K,HIV+ART>1Yr,0.001,0.0238
BLOOD,Spike P,4,+,-,+,-,DEI 10L,HIV-,0.002,0.1538
BLOOD,Spike P,4,+,-,+,-,DEI 10M,HIV-,0.002,0.1538
BLOOD,Spike P,4,+,-,+,-,DEI 10N,HIV+ART>1Yr,0.001,0.0303
BLOOD,Spike P,4,+,-,+,-,DEI 10P,HIV+ART>1Yr,0.001,0.01
BLOOD,Spike P,4,+,-,+,-,DEI 10Q,HIV-,0.001,0.0833
BLOOD,Spike P,4,+,-,+,-,DEI 10R,HIV+ART>1Yr,0.001,0.0714
BLOOD,Spike P,4,+,-,+,-,DEI 10S,HIV-,0.001,0.0278
BLOOD,Spike P,4,+,-,+,-,DEI 10T,HIV-,0.001,0.0833
BLOOD,Spike P,4,+,-,+,-,DEI 10U,HIV-,0.001,0.0833
BLOOD,Spike P,4,+,-,+,-,DEI 10V,HIV-,0.001,0.04
BLOOD,Spike P,4,+,-,+,-,DEI 10W,HIV-,0.001,0.0833
BLOOD,Spike P,4,+,-,+,-,DEI 10X,HIV-,0.001,0.0455
BLOOD,Spike P,4,+,-,+,-,DEI 10Y,HIV-,0.001,0.0769
BLOOD,Spike P,4,+,-,+,-,DEI 10Z,HIV+ART>1Yr,0.002,0.08
BLOOD,Spike P,4,+,-,+,-,DEI 110,HIV-,0.001,0.0833
BLOOD,Spike P,4,+,-,+,-,DEI 111,HIV+ART>1Yr,0.002,0.0408
BLOOD,Spike P,4,+,-,+,-,DEI 112,HIV+ART>1Yr,0.001,0.002
BLOOD,Spike P,4,+,-,+,-,DEI 113,HIV-,0.001,0.0625
BLOOD,Spike P,4,+,-,+,-,DEI 114,HIV+ART>1Yr,0.01,0.2381
BLOOD,Spike P,4,+,-,+,-,DEI 115,HIV+ART>1Yr,0.001,0.0233
BLOOD,Spike P,4,+,-,+,-,DEI 117,HIV+ART>1Yr,0.001,0.0164
BLOOD,Spike P,4,+,-,+,-,DEI 118,HIV+ART>1Yr,0.001,0.0045
BLOOD,Spike P,4,+,-,+,-,DEI 119,HIV+ART>1Yr,0.01,0.0465
BLOOD,Spike P,4,+,-,+,-,DEI 11A,HIV+ART>1Yr,0.001,0.0056
BLOOD,Spike P,4,+,-,+,-,DEI 11B,HIV-,0.003,0.0857
BLOOD,Spike P,4,+,-,+,-,DEI 11C,HIV+ART>1Yr,0.001,0.0278
BLOOD,Spike P,4,+,-,+,-,DEI 11D,HIV+ART>1Yr,0.002,0.0267
BLOOD,Spike P,4,+,-,+,-,DEI 11E,HIV+ART>1Yr,0.001,0.0164
BLOOD,Spike P,4,+,-,+,-,DEI 11F,HIV+ART>1Yr,0.003,0.0909
BLOOD,Spike P,4,+,-,+,-,DEI 11G,HIV+ART>1Yr,0.001,0.0833
BLOOD,Spike P,4,+,-,+,-,DEI 11H,HIV-,0.001,0.0161
BLOOD,Spike P,4,+,-,+,-,DEI 11I,HIV+ART>1Yr,0.001,0.0064
BLOOD,Spike P,4,+,-,+,-,DEI 11J,HIV+ART>1Yr,0.001,0.0233
BLOOD,Spike P,4,+,-,+,-,DEI 11K,HIV-,0.001,0.0526
BLOOD,Spike P,4,+,-,+,-,DEI 11M,HIV+ART>1Yr,0.001,0.0833
BLOOD,Spike P,4,+,-,+,-,DEI 11N,HIV-,0.001,0.0009
BLOOD,Spike P,4,+,-,+,-,DEI 11P,HIV+ART>1Yr,0.02,0.0162
BLOOD,Spike P,4,+,-,+,-,DEI 11Q,HIV-,0.001,0.0208
BLOOD,Spike P,4,+,-,+,-,DEI 11R,HIV+ART>1Yr,0.001,0.0833
BLOOD,Spike P,4,+,-,+,-,DEI 11U,HIV-,0.001,0.0588
BLOOD,Spike P,4,+,-,+,-,DEI 11V,HIV-,0.002,0.1538
BLOOD,Spike P,4,+,-,+,-,DEI 11Y,HIV-,0.004,0.0053
BLOOD,Spike P,4,+,-,+,-,DEI 11Z,HIV-,0.001,0.0714
BLOOD,Spike P,4,+,-,+,-,DEI 13V,HIV-,0.001,0.0833
BLOOD,Spike P,4,+,-,+,-,DEI 13W,HIV-,0.001,0.0667
BLOOD,Spike P,4,+,-,+,-,DEI 141,HIV-,0.001,0.0323
BLOOD,Spike P,4,+,-,+,-,DEI 143,HIV-,0.001,0.0027
BLOOD,Spike P,4,+,-,-,+,DEI 103,HIV-,0.001,0.0024
BLOOD,Spike P,4,+,-,-,+,DEI 104,HIV-,0.001,0.0526
BLOOD,Spike P,4,+,-,-,+,DEI 105,HIV-,0.02,0.1481
BLOOD,Spike P,4,+,-,-,+,DEI 106,HIV-,0.001,0.0556
BLOOD,Spike P,4,+,-,-,+,DEI 107,HIV-,0.001,0.0192
BLOOD,Spike P,4,+,-,-,+,DEI 108,HIV-,0.01,0.2
BLOOD,Spike P,4,+,-,-,+,DEI 109,HIV-,0.09,0.046
BLOOD,Spike P,4,+,-,-,+,DEI 10A,HIV-,0.001,0.0051
BLOOD,Spike P,4,+,-,-,+,DEI 10B,HIV-,0.011,0.2292
BLOOD,Spike P,4,+,-,-,+,DEI 10C,HIV-,0.001,0.0217
BLOOD,Spike P,4,+,-,-,+,DEI 10D,HIV-,0.028,0.0309
BLOOD,Spike P,4,+,-,-,+,DEI 10E,HIV-,0.001,0.0833
BLOOD,Spike P,4,+,-,-,+,DEI 10F,HIV-,0.04,0.0723
BLOOD,Spike P,4,+,-,-,+,DEI 10G,HIV-,0.001,0.0164
BLOOD,Spike P,4,+,-,-,+,DEI 10H,HIV-,0.001,0.0196
BLOOD,Spike P,4,+,-,-,+,DEI 10I,HIV-,0.02,0.0683
BLOOD,Spike P,4,+,-,-,+,DEI 10J,HIV+ART>1Yr,0.001,0.0476
BLOOD,Spike P,4,+,-,-,+,DEI 10K,HIV+ART>1Yr,0.002,0.0476
BLOOD,Spike P,4,+,-,-,+,DEI 10L,HIV-,0.001,0.0769
BLOOD,Spike P,4,+,-,-,+,DEI 10M,HIV-,0.001,0.0769
BLOOD,Spike P,4,+,-,-,+,DEI 10N,HIV+ART>1Yr,0.001,0.0303
BLOOD,Spike P,4,+,-,-,+,DEI 10P,HIV+ART>1Yr,0.001,0.01
BLOOD,Spike P,4,+,-,-,+,DEI 10Q,HIV-,0.001,0.0833
BLOOD,Spike P,4,+,-,-,+,DEI 10R,HIV+ART>1Yr,0.001,0.0714
BLOOD,Spike P,4,+,-,-,+,DEI 10S,HIV-,0.001,0.0278
BLOOD,Spike P,4,+,-,-,+,DEI 10T,HIV-,0.001,0.0833
BLOOD,Spike P,4,+,-,-,+,DEI 10U,HIV-,0.001,0.0833
BLOOD,Spike P,4,+,-,-,+,DEI 10V,HIV-,0.001,0.04
BLOOD,Spike P,4,+,-,-,+,DEI 10W,HIV-,0.001,0.0833
BLOOD,Spike P,4,+,-,-,+,DEI 10X,HIV-,0.001,0.0455
BLOOD,Spike P,4,+,-,-,+,DEI 10Y,HIV-,0.001,0.0769
BLOOD,Spike P,4,+,-,-,+,DEI 10Z,HIV+ART>1Yr,0.001,0.04
BLOOD,Spike P,4,+,-,-,+,DEI 110,HIV-,0.001,0.0833
BLOOD,Spike P,4,+,-,-,+,DEI 111,HIV+ART>1Yr,0.005,0.102
BLOOD,Spike P,4,+,-,-,+,DEI 112,HIV+ART>1Yr,0.001,0.002
BLOOD,Spike P,4,+,-,-,+,DEI 113,HIV-,0.001,0.0625
BLOOD,Spike P,4,+,-,-,+,DEI 114,HIV+ART>1Yr,0.01,0.2381
BLOOD,Spike P,4,+,-,-,+,DEI 115,HIV+ART>1Yr,0.001,0.0233
BLOOD,Spike P,4,+,-,-,+,DEI 117,HIV+ART>1Yr,0.001,0.0164
BLOOD,Spike P,4,+,-,-,+,DEI 118,HIV+ART>1Yr,0.002,0.009
BLOOD,Spike P,4,+,-,-,+,DEI 119,HIV+ART>1Yr,0.001,0.0047
BLOOD,Spike P,4,+,-,-,+,DEI 11A,HIV+ART>1Yr,0.01,0.0565
BLOOD,Spike P,4,+,-,-,+,DEI 11B,HIV-,0.001,0.0286
BLOOD,Spike P,4,+,-,-,+,DEI 11C,HIV+ART>1Yr,0.001,0.0278
BLOOD,Spike P,4,+,-,-,+,DEI 11D,HIV+ART>1Yr,0.01,0.1333
BLOOD,Spike P,4,+,-,-,+,DEI 11E,HIV+ART>1Yr,0.001,0.0164
BLOOD,Spike P,4,+,-,-,+,DEI 11F,HIV+ART>1Yr,0.001,0.0303
BLOOD,Spike P,4,+,-,-,+,DEI 11G,HIV+ART>1Yr,0.001,0.0833
BLOOD,Spike P,4,+,-,-,+,DEI 11H,HIV-,0.001,0.0161
BLOOD,Spike P,4,+,-,-,+,DEI 11I,HIV+ART>1Yr,0.004,0.0256
BLOOD,Spike P,4,+,-,-,+,DEI 11J,HIV+ART>1Yr,0.001,0.0233
BLOOD,Spike P,4,+,-,-,+,DEI 11K,HIV-,0.001,0.0526
BLOOD,Spike P,4,+,-,-,+,DEI 11M,HIV+ART>1Yr,0.001,0.0833
BLOOD,Spike P,4,+,-,-,+,DEI 11N,HIV-,0.001,0.0009
BLOOD,Spike P,4,+,-,-,+,DEI 11P,HIV+ART>1Yr,0.02,0.0162
BLOOD,Spike P,4,+,-,-,+,DEI 11Q,HIV-,0.001,0.0208
BLOOD,Spike P,4,+,-,-,+,DEI 11R,HIV+ART>1Yr,0.001,0.0833
BLOOD,Spike P,4,+,-,-,+,DEI 11U,HIV-,0.001,0.0588
BLOOD,Spike P,4,+,-,-,+,DEI 11V,HIV-,0.001,0.0769
BLOOD,Spike P,4,+,-,-,+,DEI 11Y,HIV-,0.001,0.0013
BLOOD,Spike P,4,+,-,-,+,DEI 11Z,HIV-,0.001,0.0714
BLOOD,Spike P,4,+,-,-,+,DEI 13V,HIV-,0.001,0.0833
BLOOD,Spike P,4,+,-,-,+,DEI 13W,HIV-,0.001,0.0667
BLOOD,Spike P,4,+,-,-,+,DEI 141,HIV-,0.002,0.0645
BLOOD,Spike P,4,+,-,-,+,DEI 143,HIV-,0.002,0.0054
BLOOD,Spike P,4,-,+,+,+,DEI 103,HIV-,0.026,0.0625
BLOOD,Spike P,4,-,+,+,+,DEI 104,HIV-,0.002,0.1053
BLOOD,Spike P,4,-,+,+,+,DEI 105,HIV-,0.001,0.0074
BLOOD,Spike P,4,-,+,+,+,DEI 106,HIV-,0.001,0.0556
BLOOD,Spike P,4,-,+,+,+,DEI 107,HIV-,0.004,0.0769
BLOOD,Spike P,4,-,+,+,+,DEI 108,HIV-,0.001,0.02
BLOOD,Spike P,4,-,+,+,+,DEI 109,HIV-,0.02,0.0102
BLOOD,Spike P,4,-,+,+,+,DEI 10A,HIV-,0.001,0.0051
BLOOD,Spike P,4,-,+,+,+,DEI 10B,HIV-,0.018,0.375
BLOOD,Spike P,4,-,+,+,+,DEI 10C,HIV-,0.02,0.4348
BLOOD,Spike P,4,-,+,+,+,DEI 10D,HIV-,0.03,0.0331
BLOOD,Spike P,4,-,+,+,+,DEI 10E,HIV-,0.001,0.0833
BLOOD,Spike P,4,-,+,+,+,DEI 10F,HIV-,0.007,0.0127
BLOOD,Spike P,4,-,+,+,+,DEI 10G,HIV-,0.006,0.0984
BLOOD,Spike P,4,-,+,+,+,DEI 10H,HIV-,0.01,0.1961
BLOOD,Spike P,4,-,+,+,+,DEI 10I,HIV-,0.004,0.0137
BLOOD,Spike P,4,-,+,+,+,DEI 10J,HIV+ART>1Yr,0.001,0.0476
BLOOD,Spike P,4,-,+,+,+,DEI 10K,HIV+ART>1Yr,0.001,0.0238
BLOOD,Spike P,4,-,+,+,+,DEI 10L,HIV-,0.001,0.0769
BLOOD,Spike P,4,-,+,+,+,DEI 10M,HIV-,0.001,0.0769
BLOOD,Spike P,4,-,+,+,+,DEI 10N,HIV+ART>1Yr,0.001,0.0303
BLOOD,Spike P,4,-,+,+,+,DEI 10P,HIV+ART>1Yr,0.001,0.01
BLOOD,Spike P,4,-,+,+,+,DEI 10Q,HIV-,0.001,0.0833
BLOOD,Spike P,4,-,+,+,+,DEI 10R,HIV+ART>1Yr,0.001,0.0714
BLOOD,Spike P,4,-,+,+,+,DEI 10S,HIV-,0.001,0.0278
BLOOD,Spike P,4,-,+,+,+,DEI 10T,HIV-,0.001,0.0833
BLOOD,Spike P,4,-,+,+,+,DEI 10U,HIV-,0.001,0.0833
BLOOD,Spike P,4,-,+,+,+,DEI 10V,HIV-,0.001,0.04
BLOOD,Spike P,4,-,+,+,+,DEI 10W,HIV-,0.001,0.0833
BLOOD,Spike P,4,-,+,+,+,DEI 10X,HIV-,0.001,0.0455
BLOOD,Spike P,4,-,+,+,+,DEI 10Y,HIV-,0.001,0.0769
BLOOD,Spike P,4,-,+,+,+,DEI 10Z,HIV+ART>1Yr,0.004,0.16
BLOOD,Spike P,4,-,+,+,+,DEI 110,HIV-,0.001,0.0833
BLOOD,Spike P,4,-,+,+,+,DEI 111,HIV+ART>1Yr,0.001,0.0204
BLOOD,Spike P,4,-,+,+,+,DEI 112,HIV+ART>1Yr,0.001,0.002
BLOOD,Spike P,4,-,+,+,+,DEI 113,HIV-,0.001,0.0625
BLOOD,Spike P,4,-,+,+,+,DEI 114,HIV+ART>1Yr,0.001,0.0238
BLOOD,Spike P,4,-,+,+,+,DEI 115,HIV+ART>1Yr,0.001,0.0233
BLOOD,Spike P,4,-,+,+,+,DEI 117,HIV+ART>1Yr,0.001,0.0164
BLOOD,Spike P,4,-,+,+,+,DEI 118,HIV+ART>1Yr,0.001,0.0045
BLOOD,Spike P,4,-,+,+,+,DEI 119,HIV+ART>1Yr,0.05,0.2326
BLOOD,Spike P,4,-,+,+,+,DEI 11A,HIV+ART>1Yr,0.001,0.0056
BLOOD,Spike P,4,-,+,+,+,DEI 11B,HIV-,0.001,0.0286
BLOOD,Spike P,4,-,+,+,+,DEI 11C,HIV+ART>1Yr,0.003,0.0833
BLOOD,Spike P,4,-,+,+,+,DEI 11D,HIV+ART>1Yr,0.001,0.0133
BLOOD,Spike P,4,-,+,+,+,DEI 11E,HIV+ART>1Yr,0.001,0.0164
BLOOD,Spike P,4,-,+,+,+,DEI 11F,HIV+ART>1Yr,0.001,0.0303
BLOOD,Spike P,4,-,+,+,+,DEI 11G,HIV+ART>1Yr,0.001,0.0833
BLOOD,Spike P,4,-,+,+,+,DEI 11H,HIV-,0.001,0.0161
BLOOD,Spike P,4,-,+,+,+,DEI 11I,HIV+ART>1Yr,0.001,0.0064
BLOOD,Spike P,4,-,+,+,+,DEI 11J,HIV+ART>1Yr,0.001,0.0233
BLOOD,Spike P,4,-,+,+,+,DEI 11K,HIV-,0.001,0.0526
BLOOD,Spike P,4,-,+,+,+,DEI 11M,HIV+ART>1Yr,0.001,0.0833
BLOOD,Spike P,4,-,+,+,+,DEI 11N,HIV-,0.001,0.0009
BLOOD,Spike P,4,-,+,+,+,DEI 11P,HIV+ART>1Yr,0.02,0.0162
BLOOD,Spike P,4,-,+,+,+,DEI 11Q,HIV-,0.001,0.0208
BLOOD,Spike P,4,-,+,+,+,DEI 11R,HIV+ART>1Yr,0.001,0.0833
BLOOD,Spike P,4,-,+,+,+,DEI 11U,HIV-,0.001,0.0588
BLOOD,Spike P,4,-,+,+,+,DEI 11V,HIV-,0.001,0.0769
BLOOD,Spike P,4,-,+,+,+,DEI 11Y,HIV-,0.001,0.0013
BLOOD,Spike P,4,-,+,+,+,DEI 11Z,HIV-,0.003,0.2143
BLOOD,Spike P,4,-,+,+,+,DEI 13V,HIV-,0.001,0.0833
BLOOD,Spike P,4,-,+,+,+,DEI 13W,HIV-,0.001,0.0667
BLOOD,Spike P,4,-,+,+,+,DEI 141,HIV-,0.003,0.0968
BLOOD,Spike P,4,-,+,+,+,DEI 143,HIV-,0.001,0.0027
BLOOD,Spike P,4,-,+,+,-,DEI 103,HIV-,0.01,0.024
BLOOD,Spike P,4,-,+,+,-,DEI 104,HIV-,0.001,0.0526
BLOOD,Spike P,4,-,+,+,-,DEI 105,HIV-,0.001,0.0074
BLOOD,Spike P,4,-,+,+,-,DEI 106,HIV-,0.001,0.0556
BLOOD,Spike P,4,-,+,+,-,DEI 107,HIV-,0.001,0.0192
BLOOD,Spike P,4,-,+,+,-,DEI 108,HIV-,0.001,0.02
BLOOD,Spike P,4,-,+,+,-,DEI 109,HIV-,0.02,0.0102
BLOOD,Spike P,4,-,+,+,-,DEI 10A,HIV-,0.005,0.0256
BLOOD,Spike P,4,-,+,+,-,DEI 10B,HIV-,0.01,0.2083
BLOOD,Spike P,4,-,+,+,-,DEI 10C,HIV-,0.002,0.0435
BLOOD,Spike P,4,-,+,+,-,DEI 10D,HIV-,0.018,0.0199
BLOOD,Spike P,4,-,+,+,-,DEI 10E,HIV-,0.001,0.0833
BLOOD,Spike P,4,-,+,+,-,DEI 10F,HIV-,0.006,0.0108
BLOOD,Spike P,4,-,+,+,-,DEI 10G,HIV-,0.001,0.0164
BLOOD,Spike P,4,-,+,+,-,DEI 10H,HIV-,0.01,0.1961
BLOOD,Spike P,4,-,+,+,-,DEI 10I,HIV-,0.001,0.0034
BLOOD,Spike P,4,-,+,+,-,DEI 10J,HIV+ART>1Yr,0.001,0.0476
BLOOD,Spike P,4,-,+,+,-,DEI 10K,HIV+ART>1Yr,0.001,0.0238
BLOOD,Spike P,4,-,+,+,-,DEI 10L,HIV-,0.001,0.0769
BLOOD,Spike P,4,-,+,+,-,DEI 10M,HIV-,0.001,0.0769
BLOOD,Spike P,4,-,+,+,-,DEI 10N,HIV+ART>1Yr,0.001,0.0303
BLOOD,Spike P,4,-,+,+,-,DEI 10P,HIV+ART>1Yr,0.001,0.01
BLOOD,Spike P,4,-,+,+,-,DEI 10Q,HIV-,0.001,0.0833
BLOOD,Spike P,4,-,+,+,-,DEI 10R,HIV+ART>1Yr,0.003,0.2143
BLOOD,Spike P,4,-,+,+,-,DEI 10S,HIV-,0.001,0.0278
BLOOD,Spike P,4,-,+,+,-,DEI 10T,HIV-,0.001,0.0833
BLOOD,Spike P,4,-,+,+,-,DEI 10U,HIV-,0.001,0.0833
BLOOD,Spike P,4,-,+,+,-,DEI 10V,HIV-,0.001,0.04
BLOOD,Spike P,4,-,+,+,-,DEI 10W,HIV-,0.001,0.0833
BLOOD,Spike P,4,-,+,+,-,DEI 10X,HIV-,0.002,0.0909
BLOOD,Spike P,4,-,+,+,-,DEI 10Y,HIV-,0.001,0.0769
BLOOD,Spike P,4,-,+,+,-,DEI 10Z,HIV+ART>1Yr,0.01,0.4
BLOOD,Spike P,4,-,+,+,-,DEI 110,HIV-,0.001,0.0833
BLOOD,Spike P,4,-,+,+,-,DEI 111,HIV+ART>1Yr,0.001,0.0204
BLOOD,Spike P,4,-,+,+,-,DEI 112,HIV+ART>1Yr,0.001,0.002
BLOOD,Spike P,4,-,+,+,-,DEI 113,HIV-,0.001,0.0625
BLOOD,Spike P,4,-,+,+,-,DEI 114,HIV+ART>1Yr,0.001,0.0238
BLOOD,Spike P,4,-,+,+,-,DEI 115,HIV+ART>1Yr,0.001,0.0233
BLOOD,Spike P,4,-,+,+,-,DEI 117,HIV+ART>1Yr,0.001,0.0164
BLOOD,Spike P,4,-,+,+,-,DEI 118,HIV+ART>1Yr,0.004,0.0179
BLOOD,Spike P,4,-,+,+,-,DEI 119,HIV+ART>1Yr,0.04,0.186
BLOOD,Spike P,4,-,+,+,-,DEI 11A,HIV+ART>1Yr,0.02,0.113
BLOOD,Spike P,4,-,+,+,-,DEI 11B,HIV-,0.006,0.1714
BLOOD,Spike P,4,-,+,+,-,DEI 11C,HIV+ART>1Yr,0.001,0.0278
BLOOD,Spike P,4,-,+,+,-,DEI 11D,HIV+ART>1Yr,0.02,0.2667
BLOOD,Spike P,4,-,+,+,-,DEI 11E,HIV+ART>1Yr,0.001,0.0164
BLOOD,Spike P,4,-,+,+,-,DEI 11F,HIV+ART>1Yr,0.001,0.0303
BLOOD,Spike P,4,-,+,+,-,DEI 11G,HIV+ART>1Yr,0.001,0.0833
BLOOD,Spike P,4,-,+,+,-,DEI 11H,HIV-,0.002,0.0323
BLOOD,Spike P,4,-,+,+,-,DEI 11I,HIV+ART>1Yr,0.001,0.0064
BLOOD,Spike P,4,-,+,+,-,DEI 11J,HIV+ART>1Yr,0.001,0.0233
BLOOD,Spike P,4,-,+,+,-,DEI 11K,HIV-,0.008,0.4211
BLOOD,Spike P,4,-,+,+,-,DEI 11M,HIV+ART>1Yr,0.001,0.0833
BLOOD,Spike P,4,-,+,+,-,DEI 11N,HIV-,0.001,0.0009
BLOOD,Spike P,4,-,+,+,-,DEI 11P,HIV+ART>1Yr,0.03,0.0244
BLOOD,Spike P,4,-,+,+,-,DEI 11Q,HIV-,0.001,0.0208
BLOOD,Spike P,4,-,+,+,-,DEI 11R,HIV+ART>1Yr,0.001,0.0833
BLOOD,Spike P,4,-,+,+,-,DEI 11U,HIV-,0.001,0.0588
BLOOD,Spike P,4,-,+,+,-,DEI 11V,HIV-,0.001,0.0769
BLOOD,Spike P,4,-,+,+,-,DEI 11Y,HIV-,0.01,0.0133
BLOOD,Spike P,4,-,+,+,-,DEI 11Z,HIV-,0.001,0.0714
BLOOD,Spike P,4,-,+,+,-,DEI 13V,HIV-,0.001,0.0833
BLOOD,Spike P,4,-,+,+,-,DEI 13W,HIV-,0.001,0.0667
BLOOD,Spike P,4,-,+,+,-,DEI 141,HIV-,0.003,0.0968
BLOOD,Spike P,4,-,+,+,-,DEI 143,HIV-,0.002,0.0054
BLOOD,Spike P,4,-,+,-,+,DEI 103,HIV-,0.03,0.0721
BLOOD,Spike P,4,-,+,-,+,DEI 104,HIV-,0.001,0.0526
BLOOD,Spike P,4,-,+,-,+,DEI 105,HIV-,0.001,0.0074
BLOOD,Spike P,4,-,+,-,+,DEI 106,HIV-,0.001,0.0556
BLOOD,Spike P,4,-,+,-,+,DEI 107,HIV-,0.001,0.0192
BLOOD,Spike P,4,-,+,-,+,DEI 108,HIV-,0.002,0.04
BLOOD,Spike P,4,-,+,-,+,DEI 109,HIV-,0.03,0.0153
BLOOD,Spike P,4,-,+,-,+,DEI 10A,HIV-,0.001,0.0051
BLOOD,Spike P,4,-,+,-,+,DEI 10B,HIV-,0.001,0.0208
BLOOD,Spike P,4,-,+,-,+,DEI 10C,HIV-,0.001,0.0217
BLOOD,Spike P,4,-,+,-,+,DEI 10D,HIV-,0.001,0.0011
BLOOD,Spike P,4,-,+,-,+,DEI 10E,HIV-,0.001,0.0833
BLOOD,Spike P,4,-,+,-,+,DEI 10F,HIV-,0.15,0.2712
BLOOD,Spike P,4,-,+,-,+,DEI 10G,HIV-,0.02,0.3279
BLOOD,Spike P,4,-,+,-,+,DEI 10H,HIV-,0.001,0.0196
BLOOD,Spike P,4,-,+,-,+,DEI 10I,HIV-,0.001,0.0034
BLOOD,Spike P,4,-,+,-,+,DEI 10J,HIV+ART>1Yr,0.001,0.0476
BLOOD,Spike P,4,-,+,-,+,DEI 10K,HIV+ART>1Yr,0.001,0.0238
BLOOD,Spike P,4,-,+,-,+,DEI 10L,HIV-,0.001,0.0769
BLOOD,Spike P,4,-,+,-,+,DEI 10M,HIV-,0.001,0.0769
BLOOD,Spike P,4,-,+,-,+,DEI 10N,HIV+ART>1Yr,0.001,0.0303
BLOOD,Spike P,4,-,+,-,+,DEI 10P,HIV+ART>1Yr,0.001,0.01
BLOOD,Spike P,4,-,+,-,+,DEI 10Q,HIV-,0.001,0.0833
BLOOD,Spike P,4,-,+,-,+,DEI 10R,HIV+ART>1Yr,0.001,0.0714
BLOOD,Spike P,4,-,+,-,+,DEI 10S,HIV-,0.005,0.1389
BLOOD,Spike P,4,-,+,-,+,DEI 10T,HIV-,0.001,0.0833
BLOOD,Spike P,4,-,+,-,+,DEI 10U,HIV-,0.001,0.0833
BLOOD,Spike P,4,-,+,-,+,DEI 10V,HIV-,0.001,0.04
BLOOD,Spike P,4,-,+,-,+,DEI 10W,HIV-,0.001,0.0833
BLOOD,Spike P,4,-,+,-,+,DEI 10X,HIV-,0.001,0.0455
BLOOD,Spike P,4,-,+,-,+,DEI 10Y,HIV-,0.002,0.1538
BLOOD,Spike P,4,-,+,-,+,DEI 10Z,HIV+ART>1Yr,0.001,0.04
BLOOD,Spike P,4,-,+,-,+,DEI 110,HIV-,0.001,0.0833
BLOOD,Spike P,4,-,+,-,+,DEI 111,HIV+ART>1Yr,0.001,0.0204
BLOOD,Spike P,4,-,+,-,+,DEI 112,HIV+ART>1Yr,0.001,0.002
BLOOD,Spike P,4,-,+,-,+,DEI 113,HIV-,0.001,0.0625
BLOOD,Spike P,4,-,+,-,+,DEI 114,HIV+ART>1Yr,0.001,0.0238
BLOOD,Spike P,4,-,+,-,+,DEI 115,HIV+ART>1Yr,0.001,0.0233
BLOOD,Spike P,4,-,+,-,+,DEI 117,HIV+ART>1Yr,0.001,0.0164
BLOOD,Spike P,4,-,+,-,+,DEI 118,HIV+ART>1Yr,0.005,0.0224
BLOOD,Spike P,4,-,+,-,+,DEI 119,HIV+ART>1Yr,0.01,0.0465
BLOOD,Spike P,4,-,+,-,+,DEI 11A,HIV+ART>1Yr,0.001,0.0056
BLOOD,Spike P,4,-,+,-,+,DEI 11B,HIV-,0.001,0.0286
BLOOD,Spike P,4,-,+,-,+,DEI 11C,HIV+ART>1Yr,0.001,0.0278
BLOOD,Spike P,4,-,+,-,+,DEI 11D,HIV+ART>1Yr,0.02,0.2667
BLOOD,Spike P,4,-,+,-,+,DEI 11E,HIV+ART>1Yr,0.001,0.0164
BLOOD,Spike P,4,-,+,-,+,DEI 11F,HIV+ART>1Yr,0.001,0.0303
BLOOD,Spike P,4,-,+,-,+,DEI 11G,HIV+ART>1Yr,0.001,0.0833
BLOOD,Spike P,4,-,+,-,+,DEI 11H,HIV-,0.001,0.0161
BLOOD,Spike P,4,-,+,-,+,DEI 11I,HIV+ART>1Yr,0.001,0.0064
BLOOD,Spike P,4,-,+,-,+,DEI 11J,HIV+ART>1Yr,0.001,0.0233
BLOOD,Spike P,4,-,+,-,+,DEI 11K,HIV-,0.001,0.0526
BLOOD,Spike P,4,-,+,-,+,DEI 11M,HIV+ART>1Yr,0.001,0.0833
BLOOD,Spike P,4,-,+,-,+,DEI 11N,HIV-,1.06,0.906
BLOOD,Spike P,4,-,+,-,+,DEI 11P,HIV+ART>1Yr,0.04,0.0325
BLOOD,Spike P,4,-,+,-,+,DEI 11Q,HIV-,0.012,0.25
BLOOD,Spike P,4,-,+,-,+,DEI 11R,HIV+ART>1Yr,0.001,0.0833
BLOOD,Spike P,4,-,+,-,+,DEI 11U,HIV-,0.001,0.0588
BLOOD,Spike P,4,-,+,-,+,DEI 11V,HIV-,0.001,0.0769
BLOOD,Spike P,4,-,+,-,+,DEI 11Y,HIV-,0.001,0.0013
BLOOD,Spike P,4,-,+,-,+,DEI 11Z,HIV-,0.001,0.0714
BLOOD,Spike P,4,-,+,-,+,DEI 13V,HIV-,0.001,0.0833
BLOOD,Spike P,4,-,+,-,+,DEI 13W,HIV-,0.001,0.0667
BLOOD,Spike P,4,-,+,-,+,DEI 141,HIV-,0.01,0.3226
BLOOD,Spike P,4,-,+,-,+,DEI 143,HIV-,0.05,0.1355
BLOOD,Spike P,4,-,-,+,+,DEI 103,HIV-,0.05,0.1202
BLOOD,Spike P,4,-,-,+,+,DEI 104,HIV-,0.001,0.0526
BLOOD,Spike P,4,-,-,+,+,DEI 105,HIV-,0.027,0.2
BLOOD,Spike P,4,-,-,+,+,DEI 106,HIV-,0.007,0.3889
BLOOD,Spike P,4,-,-,+,+,DEI 107,HIV-,0.036,0.6923
BLOOD,Spike P,4,-,-,+,+,DEI 108,HIV-,0.015,0.3
BLOOD,Spike P,4,-,-,+,+,DEI 109,HIV-,0.001,0.0005
BLOOD,Spike P,4,-,-,+,+,DEI 10A,HIV-,0.018,0.0923
BLOOD,Spike P,4,-,-,+,+,DEI 10B,HIV-,0.001,0.0208
BLOOD,Spike P,4,-,-,+,+,DEI 10C,HIV-,0.01,0.2174
BLOOD,Spike P,4,-,-,+,+,DEI 10D,HIV-,0.06,0.0663
BLOOD,Spike P,4,-,-,+,+,DEI 10E,HIV-,0.001,0.0833
BLOOD,Spike P,4,-,-,+,+,DEI 10F,HIV-,0.02,0.0362
BLOOD,Spike P,4,-,-,+,+,DEI 10G,HIV-,0.012,0.1967
BLOOD,Spike P,4,-,-,+,+,DEI 10H,HIV-,0.02,0.3922
BLOOD,Spike P,4,-,-,+,+,DEI 10I,HIV-,0.015,0.0512
BLOOD,Spike P,4,-,-,+,+,DEI 10J,HIV+ART>1Yr,0.001,0.0476
BLOOD,Spike P,4,-,-,+,+,DEI 10K,HIV+ART>1Yr,0.03,0.7143
BLOOD,Spike P,4,-,-,+,+,DEI 10L,HIV-,0.001,0.0769
BLOOD,Spike P,4,-,-,+,+,DEI 10M,HIV-,0.001,0.0769
BLOOD,Spike P,4,-,-,+,+,DEI 10N,HIV+ART>1Yr,0.013,0.3939
BLOOD,Spike P,4,-,-,+,+,DEI 10P,HIV+ART>1Yr,0.07,0.7
BLOOD,Spike P,4,-,-,+,+,DEI 10Q,HIV-,0.001,0.0833
BLOOD,Spike P,4,-,-,+,+,DEI 10R,HIV+ART>1Yr,0.001,0.0714
BLOOD,Spike P,4,-,-,+,+,DEI 10S,HIV-,0.011,0.3056
BLOOD,Spike P,4,-,-,+,+,DEI 10T,HIV-,0.001,0.0833
BLOOD,Spike P,4,-,-,+,+,DEI 10U,HIV-,0.001,0.0833
BLOOD,Spike P,4,-,-,+,+,DEI 10V,HIV-,0.003,0.12
BLOOD,Spike P,4,-,-,+,+,DEI 10W,HIV-,0.001,0.0833
BLOOD,Spike P,4,-,-,+,+,DEI 10X,HIV-,0.001,0.0455
BLOOD,Spike P,4,-,-,+,+,DEI 10Y,HIV-,0.001,0.0769
BLOOD,Spike P,4,-,-,+,+,DEI 10Z,HIV+ART>1Yr,0.001,0.04
BLOOD,Spike P,4,-,-,+,+,DEI 110,HIV-,0.001,0.0833
BLOOD,Spike P,4,-,-,+,+,DEI 111,HIV+ART>1Yr,0.033,0.6735
BLOOD,Spike P,4,-,-,+,+,DEI 112,HIV+ART>1Yr,0.03,0.0588
BLOOD,Spike P,4,-,-,+,+,DEI 113,HIV-,0.004,0.25
BLOOD,Spike P,4,-,-,+,+,DEI 114,HIV+ART>1Yr,0.013,0.3095
BLOOD,Spike P,4,-,-,+,+,DEI 115,HIV+ART>1Yr,0.023,0.5349
BLOOD,Spike P,4,-,-,+,+,DEI 117,HIV+ART>1Yr,0.05,0.8197
BLOOD,Spike P,4,-,-,+,+,DEI 118,HIV+ART>1Yr,0.116,0.5202
BLOOD,Spike P,4,-,-,+,+,DEI 119,HIV+ART>1Yr,0.08,0.3721
BLOOD,Spike P,4,-,-,+,+,DEI 11A,HIV+ART>1Yr,0.02,0.113
BLOOD,Spike P,4,-,-,+,+,DEI 11B,HIV-,0.017,0.4857
BLOOD,Spike P,4,-,-,+,+,DEI 11C,HIV+ART>1Yr,0.01,0.2778
BLOOD,Spike P,4,-,-,+,+,DEI 11D,HIV+ART>1Yr,0.006,0.08
BLOOD,Spike P,4,-,-,+,+,DEI 11E,HIV+ART>1Yr,0.001,0.0164
BLOOD,Spike P,4,-,-,+,+,DEI 11F,HIV+ART>1Yr,0.01,0.303
BLOOD,Spike P,4,-,-,+,+,DEI 11G,HIV+ART>1Yr,0.001,0.0833
BLOOD,Spike P,4,-,-,+,+,DEI 11H,HIV-,0.05,0.8065
BLOOD,Spike P,4,-,-,+,+,DEI 11I,HIV+ART>1Yr,0.14,0.8974
BLOOD,Spike P,4,-,-,+,+,DEI 11J,HIV+ART>1Yr,0.013,0.3023
BLOOD,Spike P,4,-,-,+,+,DEI 11K,HIV-,0.001,0.0526
BLOOD,Spike P,4,-,-,+,+,DEI 11M,HIV+ART>1Yr,0.001,0.0833
BLOOD,Spike P,4,-,-,+,+,DEI 11N,HIV-,0.1,0.0855
BLOOD,Spike P,4,-,-,+,+,DEI 11P,HIV+ART>1Yr,0.02,0.0162
BLOOD,Spike P,4,-,-,+,+,DEI 11Q,HIV-,0.007,0.1458
BLOOD,Spike P,4,-,-,+,+,DEI 11R,HIV+ART>1Yr,0.001,0.0833
BLOOD,Spike P,4,-,-,+,+,DEI 11U,HIV-,0.006,0.3529
BLOOD,Spike P,4,-,-,+,+,DEI 11V,HIV-,0.001,0.0769
BLOOD,Spike P,4,-,-,+,+,DEI 11Y,HIV-,0.002,0.0027
BLOOD,Spike P,4,-,-,+,+,DEI 11Z,HIV-,0.001,0.0714
BLOOD,Spike P,4,-,-,+,+,DEI 13V,HIV-,0.001,0.0833
BLOOD,Spike P,4,-,-,+,+,DEI 13W,HIV-,0.004,0.2667
BLOOD,Spike P,4,-,-,+,+,DEI 141,HIV-,0.003,0.0968
BLOOD,Spike P,4,-,-,+,+,DEI 143,HIV-,0.001,0.0027
BLOOD,Spike P,4,-,-,+,-,DEI 103,HIV-,0.08,0.1923
BLOOD,Spike P,4,-,-,+,-,DEI 104,HIV-,0.001,0.0526
BLOOD,Spike P,4,-,-,+,-,DEI 105,HIV-,0.06,0.4444
BLOOD,Spike P,4,-,-,+,-,DEI 106,HIV-,0.001,0.0556
BLOOD,Spike P,4,-,-,+,-,DEI 107,HIV-,0.001,0.0192
BLOOD,Spike P,4,-,-,+,-,DEI 108,HIV-,0.01,0.2
BLOOD,Spike P,4,-,-,+,-,DEI 109,HIV-,0.2,0.1023
BLOOD,Spike P,4,-,-,+,-,DEI 10A,HIV-,0.14,0.7179
BLOOD,Spike P,4,-,-,+,-,DEI 10B,HIV-,0.001,0.0208
BLOOD,Spike P,4,-,-,+,-,DEI 10C,HIV-,0.001,0.0217
BLOOD,Spike P,4,-,-,+,-,DEI 10D,HIV-,0.19,0.2099
BLOOD,Spike P,4,-,-,+,-,DEI 10E,HIV-,0.001,0.0833
BLOOD,Spike P,4,-,-,+,-,DEI 10F,HIV-,0.08,0.1447
BLOOD,Spike P,4,-,-,+,-,DEI 10G,HIV-,0.001,0.0164
BLOOD,Spike P,4,-,-,+,-,DEI 10H,HIV-,0.001,0.0196
BLOOD,Spike P,4,-,-,+,-,DEI 10I,HIV-,0.17,0.5802
BLOOD,Spike P,4,-,-,+,-,DEI 10J,HIV+ART>1Yr,0.01,0.4762
BLOOD,Spike P,4,-,-,+,-,DEI 10K,HIV+ART>1Yr,0.001,0.0238
BLOOD,Spike P,4,-,-,+,-,DEI 10L,HIV-,0.001,0.0769
BLOOD,Spike P,4,-,-,+,-,DEI 10M,HIV-,0.001,0.0769
BLOOD,Spike P,4,-,-,+,-,DEI 10N,HIV+ART>1Yr,0.001,0.0303
BLOOD,Spike P,4,-,-,+,-,DEI 10P,HIV+ART>1Yr,0.02,0.2
BLOOD,Spike P,4,-,-,+,-,DEI 10Q,HIV-,0.001,0.0833
BLOOD,Spike P,4,-,-,+,-,DEI 10R,HIV+ART>1Yr,0.001,0.0714
BLOOD,Spike P,4,-,-,+,-,DEI 10S,HIV-,0.001,0.0278
BLOOD,Spike P,4,-,-,+,-,DEI 10T,HIV-,0.001,0.0833
BLOOD,Spike P,4,-,-,+,-,DEI 10U,HIV-,0.001,0.0833
BLOOD,Spike P,4,-,-,+,-,DEI 10V,HIV-,0.01,0.4
BLOOD,Spike P,4,-,-,+,-,DEI 10W,HIV-,0.001,0.0833
BLOOD,Spike P,4,-,-,+,-,DEI 10X,HIV-,0.01,0.4545
BLOOD,Spike P,4,-,-,+,-,DEI 10Y,HIV-,0.001,0.0769
BLOOD,Spike P,4,-,-,+,-,DEI 10Z,HIV+ART>1Yr,0.001,0.04
BLOOD,Spike P,4,-,-,+,-,DEI 110,HIV-,0.001,0.0833
BLOOD,Spike P,4,-,-,+,-,DEI 111,HIV+ART>1Yr,0.001,0.0204
BLOOD,Spike P,4,-,-,+,-,DEI 112,HIV+ART>1Yr,0.001,0.002
BLOOD,Spike P,4,-,-,+,-,DEI 113,HIV-,0.001,0.0625
BLOOD,Spike P,4,-,-,+,-,DEI 114,HIV+ART>1Yr,0.001,0.0238
BLOOD,Spike P,4,-,-,+,-,DEI 115,HIV+ART>1Yr,0.01,0.2326
BLOOD,Spike P,4,-,-,+,-,DEI 117,HIV+ART>1Yr,0.001,0.0164
BLOOD,Spike P,4,-,-,+,-,DEI 118,HIV+ART>1Yr,0.03,0.1345
BLOOD,Spike P,4,-,-,+,-,DEI 119,HIV+ART>1Yr,0.001,0.0047
BLOOD,Spike P,4,-,-,+,-,DEI 11A,HIV+ART>1Yr,0.02,0.113
BLOOD,Spike P,4,-,-,+,-,DEI 11B,HIV-,0.001,0.0286
BLOOD,Spike P,4,-,-,+,-,DEI 11C,HIV+ART>1Yr,0.001,0.0278
BLOOD,Spike P,4,-,-,+,-,DEI 11D,HIV+ART>1Yr,0.01,0.1333
BLOOD,Spike P,4,-,-,+,-,DEI 11E,HIV+ART>1Yr,0.05,0.8197
BLOOD,Spike P,4,-,-,+,-,DEI 11F,HIV+ART>1Yr,0.001,0.0303
BLOOD,Spike P,4,-,-,+,-,DEI 11G,HIV+ART>1Yr,0.001,0.0833
BLOOD,Spike P,4,-,-,+,-,DEI 11H,HIV-,0.001,0.0161
BLOOD,Spike P,4,-,-,+,-,DEI 11I,HIV+ART>1Yr,0.001,0.0064
BLOOD,Spike P,4,-,-,+,-,DEI 11J,HIV+ART>1Yr,0.001,0.0233
BLOOD,Spike P,4,-,-,+,-,DEI 11K,HIV-,0.001,0.0526
BLOOD,Spike P,4,-,-,+,-,DEI 11M,HIV+ART>1Yr,0.001,0.0833
BLOOD,Spike P,4,-,-,+,-,DEI 11N,HIV-,0.001,0.0009
BLOOD,Spike P,4,-,-,+,-,DEI 11P,HIV+ART>1Yr,0.6,0.487
BLOOD,Spike P,4,-,-,+,-,DEI 11Q,HIV-,0.02,0.4167
BLOOD,Spike P,4,-,-,+,-,DEI 11R,HIV+ART>1Yr,0.001,0.0833
BLOOD,Spike P,4,-,-,+,-,DEI 11U,HIV-,0.001,0.0588
BLOOD,Spike P,4,-,-,+,-,DEI 11V,HIV-,0.001,0.0769
BLOOD,Spike P,4,-,-,+,-,DEI 11Y,HIV-,0.73,0.9682
BLOOD,Spike P,4,-,-,+,-,DEI 11Z,HIV-,0.001,0.0714
BLOOD,Spike P,4,-,-,+,-,DEI 13V,HIV-,0.001,0.0833
BLOOD,Spike P,4,-,-,+,-,DEI 13W,HIV-,0.001,0.0667
BLOOD,Spike P,4,-,-,+,-,DEI 141,HIV-,0.004,0.129
BLOOD,Spike P,4,-,-,+,-,DEI 143,HIV-,0.032,0.0867
BLOOD,Spike P,4,-,-,-,+,DEI 103,HIV-,0.19,0.4567
BLOOD,Spike P,4,-,-,-,+,DEI 104,HIV-,0.001,0.0526
BLOOD,Spike P,4,-,-,-,+,DEI 105,HIV-,0.001,0.0074
BLOOD,Spike P,4,-,-,-,+,DEI 106,HIV-,0.001,0.0556
BLOOD,Spike P,4,-,-,-,+,DEI 107,HIV-,0.001,0.0192
BLOOD,Spike P,4,-,-,-,+,DEI 108,HIV-,0.001,0.02
BLOOD,Spike P,4,-,-,-,+,DEI 109,HIV-,0.001,0.0005
BLOOD,Spike P,4,-,-,-,+,DEI 10A,HIV-,0.001,0.0051
BLOOD,Spike P,4,-,-,-,+,DEI 10B,HIV-,0.001,0.0208
BLOOD,Spike P,4,-,-,-,+,DEI 10C,HIV-,0.001,0.0217
BLOOD,Spike P,4,-,-,-,+,DEI 10D,HIV-,0.46,0.5083
BLOOD,Spike P,4,-,-,-,+,DEI 10E,HIV-,0.001,0.0833
BLOOD,Spike P,4,-,-,-,+,DEI 10F,HIV-,0.12,0.217
BLOOD,Spike P,4,-,-,-,+,DEI 10G,HIV-,0.01,0.1639
BLOOD,Spike P,4,-,-,-,+,DEI 10H,HIV-,0.001,0.0196
BLOOD,Spike P,4,-,-,-,+,DEI 10I,HIV-,0.07,0.2389
BLOOD,Spike P,4,-,-,-,+,DEI 10J,HIV+ART>1Yr,0.001,0.0476
BLOOD,Spike P,4,-,-,-,+,DEI 10K,HIV+ART>1Yr,0.001,0.0238
BLOOD,Spike P,4,-,-,-,+,DEI 10L,HIV-,0.001,0.0769
BLOOD,Spike P,4,-,-,-,+,DEI 10M,HIV-,0.001,0.0769
BLOOD,Spike P,4,-,-,-,+,DEI 10N,HIV+ART>1Yr,0.01,0.303
BLOOD,Spike P,4,-,-,-,+,DEI 10P,HIV+ART>1Yr,0.001,0.01
BLOOD,Spike P,4,-,-,-,+,DEI 10Q,HIV-,0.001,0.0833
BLOOD,Spike P,4,-,-,-,+,DEI 10R,HIV+ART>1Yr,0.001,0.0714
BLOOD,Spike P,4,-,-,-,+,DEI 10S,HIV-,0.01,0.2778
BLOOD,Spike P,4,-,-,-,+,DEI 10T,HIV-,0.001,0.0833
BLOOD,Spike P,4,-,-,-,+,DEI 10U,HIV-,0.001,0.0833
BLOOD,Spike P,4,-,-,-,+,DEI 10V,HIV-,0.001,0.04
BLOOD,Spike P,4,-,-,-,+,DEI 10W,HIV-,0.001,0.0833
BLOOD,Spike P,4,-,-,-,+,DEI 10X,HIV-,0.001,0.0455
BLOOD,Spike P,4,-,-,-,+,DEI 10Y,HIV-,0.001,0.0769
BLOOD,Spike P,4,-,-,-,+,DEI 10Z,HIV+ART>1Yr,0.001,0.04
BLOOD,Spike P,4,-,-,-,+,DEI 110,HIV-,0.001,0.0833
BLOOD,Spike P,4,-,-,-,+,DEI 111,HIV+ART>1Yr,0.001,0.0204
BLOOD,Spike P,4,-,-,-,+,DEI 112,HIV+ART>1Yr,0.47,0.9216
BLOOD,Spike P,4,-,-,-,+,DEI 113,HIV-,0.001,0.0625
BLOOD,Spike P,4,-,-,-,+,DEI 114,HIV+ART>1Yr,0.001,0.0238
BLOOD,Spike P,4,-,-,-,+,DEI 115,HIV+ART>1Yr,0.001,0.0233
BLOOD,Spike P,4,-,-,-,+,DEI 117,HIV+ART>1Yr,0.001,0.0164
BLOOD,Spike P,4,-,-,-,+,DEI 118,HIV+ART>1Yr,0.06,0.2691
BLOOD,Spike P,4,-,-,-,+,DEI 119,HIV+ART>1Yr,0.001,0.0047
BLOOD,Spike P,4,-,-,-,+,DEI 11A,HIV+ART>1Yr,0.1,0.565
BLOOD,Spike P,4,-,-,-,+,DEI 11B,HIV-,0.001,0.0286
BLOOD,Spike P,4,-,-,-,+,DEI 11C,HIV+ART>1Yr,0.001,0.0278
BLOOD,Spike P,4,-,-,-,+,DEI 11D,HIV+ART>1Yr,0.001,0.0133
BLOOD,Spike P,4,-,-,-,+,DEI 11E,HIV+ART>1Yr,0.001,0.0164
BLOOD,Spike P,4,-,-,-,+,DEI 11F,HIV+ART>1Yr,0.001,0.0303
BLOOD,Spike P,4,-,-,-,+,DEI 11G,HIV+ART>1Yr,0.001,0.0833
BLOOD,Spike P,4,-,-,-,+,DEI 11H,HIV-,0.001,0.0161
BLOOD,Spike P,4,-,-,-,+,DEI 11I,HIV+ART>1Yr,0.001,0.0064
BLOOD,Spike P,4,-,-,-,+,DEI 11J,HIV+ART>1Yr,0.001,0.0233
BLOOD,Spike P,4,-,-,-,+,DEI 11K,HIV-,0.001,0.0526
BLOOD,Spike P,4,-,-,-,+,DEI 11M,HIV+ART>1Yr,0.001,0.0833
BLOOD,Spike P,4,-,-,-,+,DEI 11N,HIV-,0.001,0.0009
BLOOD,Spike P,4,-,-,-,+,DEI 11P,HIV+ART>1Yr,0.47,0.3815
BLOOD,Spike P,4,-,-,-,+,DEI 11Q,HIV-,0.001,0.0208
BLOOD,Spike P,4,-,-,-,+,DEI 11R,HIV+ART>1Yr,0.001,0.0833
BLOOD,Spike P,4,-,-,-,+,DEI 11U,HIV-,0.001,0.0588
BLOOD,Spike P,4,-,-,-,+,DEI 11V,HIV-,0.001,0.0769
BLOOD,Spike P,4,-,-,-,+,DEI 11Y,HIV-,0.001,0.0013
BLOOD,Spike P,4,-,-,-,+,DEI 11Z,HIV-,0.001,0.0714
BLOOD,Spike P,4,-,-,-,+,DEI 13V,HIV-,0.001,0.0833
BLOOD,Spike P,4,-,-,-,+,DEI 13W,HIV-,0.001,0.0667
BLOOD,Spike P,4,-,-,-,+,DEI 141,HIV-,0.001,0.0323
BLOOD,Spike P,4,-,-,-,+,DEI 143,HIV-,0.27,0.7317
BLOOD,Spike P,8,+,+,+,+,DEI 103,HIV-,0.001,0.0055
BLOOD,Spike P,8,+,+,+,+,DEI 104,HIV-,0.001,0.0476
BLOOD,Spike P,8,+,+,+,+,DEI 105,HIV-,0.003,0.0252
BLOOD,Spike P,8,+,+,+,+,DEI 106,HIV-,0.001,0.0769
BLOOD,Spike P,8,+,+,+,+,DEI 107,HIV-,0.001,0.0204
BLOOD,Spike P,8,+,+,+,+,DEI 108,HIV-,0.001,0.0833
BLOOD,Spike P,8,+,+,+,+,DEI 109,HIV-,0.001,0.0017
BLOOD,Spike P,8,+,+,+,+,DEI 10A,HIV-,0.001,0.0061
BLOOD,Spike P,8,+,+,+,+,DEI 10B,HIV-,0.001,0.0385
BLOOD,Spike P,8,+,+,+,+,DEI 10C,HIV-,0.001,0.0303
BLOOD,Spike P,8,+,+,+,+,DEI 10D,HIV-,0.001,0.0012
BLOOD,Spike P,8,+,+,+,+,DEI 10E,HIV-,0.001,0.0769
BLOOD,Spike P,8,+,+,+,+,DEI 10F,HIV-,0.003,0.0036
BLOOD,Spike P,8,+,+,+,+,DEI 10G,HIV-,0.001,0.0185
BLOOD,Spike P,8,+,+,+,+,DEI 10H,HIV-,0.001,0.0106
BLOOD,Spike P,8,+,+,+,+,DEI 10I,HIV-,0.003,0.014
BLOOD,Spike P,8,+,+,+,+,DEI 10J,HIV+ART>1Yr,0.001,0.0125
BLOOD,Spike P,8,+,+,+,+,DEI 10K,HIV+ART>1Yr,0.001,0.025
BLOOD,Spike P,8,+,+,+,+,DEI 10L,HIV-,0.001,0.0417
BLOOD,Spike P,8,+,+,+,+,DEI 10M,HIV-,0.001,0.0278
BLOOD,Spike P,8,+,+,+,+,DEI 10N,HIV+ART>1Yr,0.001,0.0089
BLOOD,Spike P,8,+,+,+,+,DEI 10P,HIV+ART>1Yr,0.001,0.0189
BLOOD,Spike P,8,+,+,+,+,DEI 10Q,HIV-,0.001,0.0625
BLOOD,Spike P,8,+,+,+,+,DEI 10R,HIV+ART>1Yr,0.001,0.0769
BLOOD,Spike P,8,+,+,+,+,DEI 10S,HIV-,0.001,0.0714
BLOOD,Spike P,8,+,+,+,+,DEI 10T,HIV-,0.001,0.0455
BLOOD,Spike P,8,+,+,+,+,DEI 10U,HIV-,0.001,0.0833
BLOOD,Spike P,8,+,+,+,+,DEI 10V,HIV-,0.001,0.02
BLOOD,Spike P,8,+,+,+,+,DEI 10W,HIV-,0.001,0.0556
BLOOD,Spike P,8,+,+,+,+,DEI 10X,HIV-,0.001,0.0833
BLOOD,Spike P,8,+,+,+,+,DEI 10Y,HIV-,0.001,0.0833
BLOOD,Spike P,8,+,+,+,+,DEI 10Z,HIV+ART>1Yr,0.001,0.0769
BLOOD,Spike P,8,+,+,+,+,DEI 110,HIV-,0.001,0.0244
BLOOD,Spike P,8,+,+,+,+,DEI 111,HIV+ART>1Yr,0.001,0.0233
BLOOD,Spike P,8,+,+,+,+,DEI 112,HIV+ART>1Yr,0.001,0.011
BLOOD,Spike P,8,+,+,+,+,DEI 113,HIV-,0.001,0.0196
BLOOD,Spike P,8,+,+,+,+,DEI 114,HIV+ART>1Yr,0.001,0.027
BLOOD,Spike P,8,+,+,+,+,DEI 115,HIV+ART>1Yr,0.001,0.0435
BLOOD,Spike P,8,+,+,+,+,DEI 117,HIV+ART>1Yr,0.001,0.0833
BLOOD,Spike P,8,+,+,+,+,DEI 118,HIV+ART>1Yr,0.001,0.0244
BLOOD,Spike P,8,+,+,+,+,DEI 119,HIV+ART>1Yr,0.001,0.0323
BLOOD,Spike P,8,+,+,+,+,DEI 11A,HIV+ART>1Yr,0.001,0.0769
BLOOD,Spike P,8,+,+,+,+,DEI 11B,HIV-,0.001,0.0217
BLOOD,Spike P,8,+,+,+,+,DEI 11C,HIV+ART>1Yr,0.001,0.0054
BLOOD,Spike P,8,+,+,+,+,DEI 11D,HIV+ART>1Yr,0.001,0.0476
BLOOD,Spike P,8,+,+,+,+,DEI 11E,HIV+ART>1Yr,0.001,0.0714
BLOOD,Spike P,8,+,+,+,+,DEI 11F,HIV+ART>1Yr,0.001,0.0156
BLOOD,Spike P,8,+,+,+,+,DEI 11G,HIV+ART>1Yr,0.001,0.0476
BLOOD,Spike P,8,+,+,+,+,DEI 11H,HIV-,0.001,0.0204
BLOOD,Spike P,8,+,+,+,+,DEI 11I,HIV+ART>1Yr,0.001,0.0027
BLOOD,Spike P,8,+,+,+,+,DEI 11J,HIV+ART>1Yr,0.001,0.0625
BLOOD,Spike P,8,+,+,+,+,DEI 11K,HIV-,0.001,0.0833
BLOOD,Spike P,8,+,+,+,+,DEI 11M,HIV+ART>1Yr,0.001,0.0083
BLOOD,Spike P,8,+,+,+,+,DEI 11N,HIV-,0.001,0.003
BLOOD,Spike P,8,+,+,+,+,DEI 11P,HIV+ART>1Yr,0.001,0.007
BLOOD,Spike P,8,+,+,+,+,DEI 11Q,HIV-,0.001,0.02
BLOOD,Spike P,8,+,+,+,+,DEI 11R,HIV+ART>1Yr,0.001,0.0833
BLOOD,Spike P,8,+,+,+,+,DEI 11U,HIV-,0.001,0.0435
BLOOD,Spike P,8,+,+,+,+,DEI 11V,HIV-,0.001,0.0476
BLOOD,Spike P,8,+,+,+,+,DEI 11Y,HIV-,0.001,0.0014
BLOOD,Spike P,8,+,+,+,+,DEI 11Z,HIV-,0.001,0.0833
BLOOD,Spike P,8,+,+,+,+,DEI 13V,HIV-,0.001,0.0476
BLOOD,Spike P,8,+,+,+,+,DEI 13W,HIV-,0.001,0.0476
BLOOD,Spike P,8,+,+,+,+,DEI 141,HIV-,0.001,0.0024
BLOOD,Spike P,8,+,+,+,+,DEI 143,HIV-,0.008,0.0043
BLOOD,Spike P,8,+,+,+,-,DEI 103,HIV-,0.002,0.011
BLOOD,Spike P,8,+,+,+,-,DEI 104,HIV-,0.001,0.0476
BLOOD,Spike P,8,+,+,+,-,DEI 105,HIV-,0.003,0.0252
BLOOD,Spike P,8,+,+,+,-,DEI 106,HIV-,0.001,0.0769
BLOOD,Spike P,8,+,+,+,-,DEI 107,HIV-,0.01,0.2041
BLOOD,Spike P,8,+,+,+,-,DEI 108,HIV-,0.001,0.0833
BLOOD,Spike P,8,+,+,+,-,DEI 109,HIV-,0.01,0.0166
BLOOD,Spike P,8,+,+,+,-,DEI 10A,HIV-,0.001,0.0061
BLOOD,Spike P,8,+,+,+,-,DEI 10B,HIV-,0.001,0.0385
BLOOD,Spike P,8,+,+,+,-,DEI 10C,HIV-,0.001,0.0303
BLOOD,Spike P,8,+,+,+,-,DEI 10D,HIV-,0.001,0.0012
BLOOD,Spike P,8,+,+,+,-,DEI 10E,HIV-,0.001,0.0769
BLOOD,Spike P,8,+,+,+,-,DEI 10F,HIV-,0.008,0.0095
BLOOD,Spike P,8,+,+,+,-,DEI 10G,HIV-,0.001,0.0185
BLOOD,Spike P,8,+,+,+,-,DEI 10H,HIV-,0.001,0.0106
BLOOD,Spike P,8,+,+,+,-,DEI 10I,HIV-,0.001,0.0047
BLOOD,Spike P,8,+,+,+,-,DEI 10J,HIV+ART>1Yr,0.001,0.0125
BLOOD,Spike P,8,+,+,+,-,DEI 10K,HIV+ART>1Yr,0.001,0.025
BLOOD,Spike P,8,+,+,+,-,DEI 10L,HIV-,0.001,0.0417
BLOOD,Spike P,8,+,+,+,-,DEI 10M,HIV-,0.001,0.0278
BLOOD,Spike P,8,+,+,+,-,DEI 10N,HIV+ART>1Yr,0.001,0.0089
BLOOD,Spike P,8,+,+,+,-,DEI 10P,HIV+ART>1Yr,0.001,0.0189
BLOOD,Spike P,8,+,+,+,-,DEI 10Q,HIV-,0.001,0.0625
BLOOD,Spike P,8,+,+,+,-,DEI 10R,HIV+ART>1Yr,0.001,0.0769
BLOOD,Spike P,8,+,+,+,-,DEI 10S,HIV-,0.001,0.0714
BLOOD,Spike P,8,+,+,+,-,DEI 10T,HIV-,0.001,0.0455
BLOOD,Spike P,8,+,+,+,-,DEI 10U,HIV-,0.001,0.0833
BLOOD,Spike P,8,+,+,+,-,DEI 10V,HIV-,0.001,0.02
BLOOD,Spike P,8,+,+,+,-,DEI 10W,HIV-,0.001,0.0556
BLOOD,Spike P,8,+,+,+,-,DEI 10X,HIV-,0.001,0.0833
BLOOD,Spike P,8,+,+,+,-,DEI 10Y,HIV-,0.001,0.0833
BLOOD,Spike P,8,+,+,+,-,DEI 10Z,HIV+ART>1Yr,0.002,0.1538
BLOOD,Spike P,8,+,+,+,-,DEI 110,HIV-,0.001,0.0244
BLOOD,Spike P,8,+,+,+,-,DEI 111,HIV+ART>1Yr,0.001,0.0233
BLOOD,Spike P,8,+,+,+,-,DEI 112,HIV+ART>1Yr,0.001,0.011
BLOOD,Spike P,8,+,+,+,-,DEI 113,HIV-,0.001,0.0196
BLOOD,Spike P,8,+,+,+,-,DEI 114,HIV+ART>1Yr,0.001,0.027
BLOOD,Spike P,8,+,+,+,-,DEI 115,HIV+ART>1Yr,0.001,0.0435
BLOOD,Spike P,8,+,+,+,-,DEI 117,HIV+ART>1Yr,0.001,0.0833
BLOOD,Spike P,8,+,+,+,-,DEI 118,HIV+ART>1Yr,0.001,0.0244
BLOOD,Spike P,8,+,+,+,-,DEI 119,HIV+ART>1Yr,0.001,0.0323
BLOOD,Spike P,8,+,+,+,-,DEI 11A,HIV+ART>1Yr,0.001,0.0769
BLOOD,Spike P,8,+,+,+,-,DEI 11B,HIV-,0.001,0.0217
BLOOD,Spike P,8,+,+,+,-,DEI 11C,HIV+ART>1Yr,0.001,0.0054
BLOOD,Spike P,8,+,+,+,-,DEI 11D,HIV+ART>1Yr,0.001,0.0476
BLOOD,Spike P,8,+,+,+,-,DEI 11E,HIV+ART>1Yr,0.001,0.0714
BLOOD,Spike P,8,+,+,+,-,DEI 11F,HIV+ART>1Yr,0.001,0.0156
BLOOD,Spike P,8,+,+,+,-,DEI 11G,HIV+ART>1Yr,0.001,0.0476
BLOOD,Spike P,8,+,+,+,-,DEI 11H,HIV-,0.001,0.0204
BLOOD,Spike P,8,+,+,+,-,DEI 11I,HIV+ART>1Yr,0.001,0.0027
BLOOD,Spike P,8,+,+,+,-,DEI 11J,HIV+ART>1Yr,0.001,0.0625
BLOOD,Spike P,8,+,+,+,-,DEI 11K,HIV-,0.001,0.0833
BLOOD,Spike P,8,+,+,+,-,DEI 11M,HIV+ART>1Yr,0.001,0.0083
BLOOD,Spike P,8,+,+,+,-,DEI 11N,HIV-,0.001,0.003
BLOOD,Spike P,8,+,+,+,-,DEI 11P,HIV+ART>1Yr,0.001,0.007
BLOOD,Spike P,8,+,+,+,-,DEI 11Q,HIV-,0.001,0.02
BLOOD,Spike P,8,+,+,+,-,DEI 11R,HIV+ART>1Yr,0.001,0.0833
BLOOD,Spike P,8,+,+,+,-,DEI 11U,HIV-,0.001,0.0435
BLOOD,Spike P,8,+,+,+,-,DEI 11V,HIV-,0.001,0.0476
BLOOD,Spike P,8,+,+,+,-,DEI 11Y,HIV-,0.004,0.0057
BLOOD,Spike P,8,+,+,+,-,DEI 11Z,HIV-,0.001,0.0833
BLOOD,Spike P,8,+,+,+,-,DEI 13V,HIV-,0.001,0.0476
BLOOD,Spike P,8,+,+,+,-,DEI 13W,HIV-,0.001,0.0476
BLOOD,Spike P,8,+,+,+,-,DEI 141,HIV-,0.001,0.0024
BLOOD,Spike P,8,+,+,+,-,DEI 143,HIV-,0.001,0.0005
BLOOD,Spike P,8,+,+,-,+,DEI 103,HIV-,0.002,0.011
BLOOD,Spike P,8,+,+,-,+,DEI 104,HIV-,0.001,0.0476
BLOOD,Spike P,8,+,+,-,+,DEI 105,HIV-,0.001,0.0084
BLOOD,Spike P,8,+,+,-,+,DEI 106,HIV-,0.001,0.0769
BLOOD,Spike P,8,+,+,-,+,DEI 107,HIV-,0.005,0.102
BLOOD,Spike P,8,+,+,-,+,DEI 108,HIV-,0.001,0.0833
BLOOD,Spike P,8,+,+,-,+,DEI 109,HIV-,0.001,0.0017
BLOOD,Spike P,8,+,+,-,+,DEI 10A,HIV-,0.001,0.0061
BLOOD,Spike P,8,+,+,-,+,DEI 10B,HIV-,0.002,0.0769
BLOOD,Spike P,8,+,+,-,+,DEI 10C,HIV-,0.001,0.0303
BLOOD,Spike P,8,+,+,-,+,DEI 10D,HIV-,0.001,0.0012
BLOOD,Spike P,8,+,+,-,+,DEI 10E,HIV-,0.001,0.0769
BLOOD,Spike P,8,+,+,-,+,DEI 10F,HIV-,0.01,0.0119
BLOOD,Spike P,8,+,+,-,+,DEI 10G,HIV-,0.003,0.0556
BLOOD,Spike P,8,+,+,-,+,DEI 10H,HIV-,0.005,0.0532
BLOOD,Spike P,8,+,+,-,+,DEI 10I,HIV-,0.002,0.0093
BLOOD,Spike P,8,+,+,-,+,DEI 10J,HIV+ART>1Yr,0.001,0.0125
BLOOD,Spike P,8,+,+,-,+,DEI 10K,HIV+ART>1Yr,0.001,0.025
BLOOD,Spike P,8,+,+,-,+,DEI 10L,HIV-,0.001,0.0417
BLOOD,Spike P,8,+,+,-,+,DEI 10M,HIV-,0.001,0.0278
BLOOD,Spike P,8,+,+,-,+,DEI 10N,HIV+ART>1Yr,0.001,0.0089
BLOOD,Spike P,8,+,+,-,+,DEI 10P,HIV+ART>1Yr,0.001,0.0189
BLOOD,Spike P,8,+,+,-,+,DEI 10Q,HIV-,0.001,0.0625
BLOOD,Spike P,8,+,+,-,+,DEI 10R,HIV+ART>1Yr,0.001,0.0769
BLOOD,Spike P,8,+,+,-,+,DEI 10S,HIV-,0.001,0.0714
BLOOD,Spike P,8,+,+,-,+,DEI 10T,HIV-,0.001,0.0455
BLOOD,Spike P,8,+,+,-,+,DEI 10U,HIV-,0.001,0.0833
BLOOD,Spike P,8,+,+,-,+,DEI 10V,HIV-,0.001,0.02
BLOOD,Spike P,8,+,+,-,+,DEI 10W,HIV-,0.001,0.0556
BLOOD,Spike P,8,+,+,-,+,DEI 10X,HIV-,0.001,0.0833
BLOOD,Spike P,8,+,+,-,+,DEI 10Y,HIV-,0.001,0.0833
BLOOD,Spike P,8,+,+,-,+,DEI 10Z,HIV+ART>1Yr,0.001,0.0769
BLOOD,Spike P,8,+,+,-,+,DEI 110,HIV-,0.001,0.0244
BLOOD,Spike P,8,+,+,-,+,DEI 111,HIV+ART>1Yr,0.001,0.0233
BLOOD,Spike P,8,+,+,-,+,DEI 112,HIV+ART>1Yr,0.001,0.011
BLOOD,Spike P,8,+,+,-,+,DEI 113,HIV-,0.001,0.0196
BLOOD,Spike P,8,+,+,-,+,DEI 114,HIV+ART>1Yr,0.001,0.027
BLOOD,Spike P,8,+,+,-,+,DEI 115,HIV+ART>1Yr,0.003,0.1304
BLOOD,Spike P,8,+,+,-,+,DEI 117,HIV+ART>1Yr,0.001,0.0833
BLOOD,Spike P,8,+,+,-,+,DEI 118,HIV+ART>1Yr,0.001,0.0244
BLOOD,Spike P,8,+,+,-,+,DEI 119,HIV+ART>1Yr,0.001,0.0323
BLOOD,Spike P,8,+,+,-,+,DEI 11A,HIV+ART>1Yr,0.001,0.0769
BLOOD,Spike P,8,+,+,-,+,DEI 11B,HIV-,0.005,0.1087
BLOOD,Spike P,8,+,+,-,+,DEI 11C,HIV+ART>1Yr,0.001,0.0054
BLOOD,Spike P,8,+,+,-,+,DEI 11D,HIV+ART>1Yr,0.004,0.1905
BLOOD,Spike P,8,+,+,-,+,DEI 11E,HIV+ART>1Yr,0.001,0.0714
BLOOD,Spike P,8,+,+,-,+,DEI 11F,HIV+ART>1Yr,0.001,0.0156
BLOOD,Spike P,8,+,+,-,+,DEI 11G,HIV+ART>1Yr,0.001,0.0476
BLOOD,Spike P,8,+,+,-,+,DEI 11H,HIV-,0.001,0.0204
BLOOD,Spike P,8,+,+,-,+,DEI 11I,HIV+ART>1Yr,0.002,0.0054
BLOOD,Spike P,8,+,+,-,+,DEI 11J,HIV+ART>1Yr,0.001,0.0625
BLOOD,Spike P,8,+,+,-,+,DEI 11K,HIV-,0.001,0.0833
BLOOD,Spike P,8,+,+,-,+,DEI 11M,HIV+ART>1Yr,0.001,0.0083
BLOOD,Spike P,8,+,+,-,+,DEI 11N,HIV-,0.001,0.003
BLOOD,Spike P,8,+,+,-,+,DEI 11P,HIV+ART>1Yr,0.001,0.007
BLOOD,Spike P,8,+,+,-,+,DEI 11Q,HIV-,0.001,0.02
BLOOD,Spike P,8,+,+,-,+,DEI 11R,HIV+ART>1Yr,0.001,0.0833
BLOOD,Spike P,8,+,+,-,+,DEI 11U,HIV-,0.001,0.0435
BLOOD,Spike P,8,+,+,-,+,DEI 11V,HIV-,0.001,0.0476
BLOOD,Spike P,8,+,+,-,+,DEI 11Y,HIV-,0.001,0.0014
BLOOD,Spike P,8,+,+,-,+,DEI 11Z,HIV-,0.001,0.0833
BLOOD,Spike P,8,+,+,-,+,DEI 13V,HIV-,0.001,0.0476
BLOOD,Spike P,8,+,+,-,+,DEI 13W,HIV-,0.001,0.0476
BLOOD,Spike P,8,+,+,-,+,DEI 141,HIV-,0.001,0.0024
BLOOD,Spike P,8,+,+,-,+,DEI 143,HIV-,0.001,0.0005
BLOOD,Spike P,8,+,-,+,+,DEI 103,HIV-,0.005,0.0275
BLOOD,Spike P,8,+,-,+,+,DEI 104,HIV-,0.001,0.0476
BLOOD,Spike P,8,+,-,+,+,DEI 105,HIV-,0.001,0.0084
BLOOD,Spike P,8,+,-,+,+,DEI 106,HIV-,0.001,0.0769
BLOOD,Spike P,8,+,-,+,+,DEI 107,HIV-,0.001,0.0204
BLOOD,Spike P,8,+,-,+,+,DEI 108,HIV-,0.001,0.0833
BLOOD,Spike P,8,+,-,+,+,DEI 109,HIV-,0.02,0.0333
BLOOD,Spike P,8,+,-,+,+,DEI 10A,HIV-,0.001,0.0061
BLOOD,Spike P,8,+,-,+,+,DEI 10B,HIV-,0.001,0.0385
BLOOD,Spike P,8,+,-,+,+,DEI 10C,HIV-,0.001,0.0303
BLOOD,Spike P,8,+,-,+,+,DEI 10D,HIV-,0.007,0.0085
BLOOD,Spike P,8,+,-,+,+,DEI 10E,HIV-,0.001,0.0769
BLOOD,Spike P,8,+,-,+,+,DEI 10F,HIV-,0.009,0.0107
BLOOD,Spike P,8,+,-,+,+,DEI 10G,HIV-,0.001,0.0185
BLOOD,Spike P,8,+,-,+,+,DEI 10H,HIV-,0.001,0.0106
BLOOD,Spike P,8,+,-,+,+,DEI 10I,HIV-,0.005,0.0234
BLOOD,Spike P,8,+,-,+,+,DEI 10J,HIV+ART>1Yr,0.001,0.0125
BLOOD,Spike P,8,+,-,+,+,DEI 10K,HIV+ART>1Yr,0.001,0.025
BLOOD,Spike P,8,+,-,+,+,DEI 10L,HIV-,0.001,0.0417
BLOOD,Spike P,8,+,-,+,+,DEI 10M,HIV-,0.001,0.0278
BLOOD,Spike P,8,+,-,+,+,DEI 10N,HIV+ART>1Yr,0.001,0.0089
BLOOD,Spike P,8,+,-,+,+,DEI 10P,HIV+ART>1Yr,0.001,0.0189
BLOOD,Spike P,8,+,-,+,+,DEI 10Q,HIV-,0.001,0.0625
BLOOD,Spike P,8,+,-,+,+,DEI 10R,HIV+ART>1Yr,0.001,0.0769
BLOOD,Spike P,8,+,-,+,+,DEI 10S,HIV-,0.002,0.1429
BLOOD,Spike P,8,+,-,+,+,DEI 10T,HIV-,0.002,0.0909
BLOOD,Spike P,8,+,-,+,+,DEI 10U,HIV-,0.001,0.0833
BLOOD,Spike P,8,+,-,+,+,DEI 10V,HIV-,0.001,0.02
BLOOD,Spike P,8,+,-,+,+,DEI 10W,HIV-,0.001,0.0556
BLOOD,Spike P,8,+,-,+,+,DEI 10X,HIV-,0.001,0.0833
BLOOD,Spike P,8,+,-,+,+,DEI 10Y,HIV-,0.001,0.0833
BLOOD,Spike P,8,+,-,+,+,DEI 10Z,HIV+ART>1Yr,0.001,0.0769
BLOOD,Spike P,8,+,-,+,+,DEI 110,HIV-,0.001,0.0244
BLOOD,Spike P,8,+,-,+,+,DEI 111,HIV+ART>1Yr,0.002,0.0465
BLOOD,Spike P,8,+,-,+,+,DEI 112,HIV+ART>1Yr,0.001,0.011
BLOOD,Spike P,8,+,-,+,+,DEI 113,HIV-,0.001,0.0196
BLOOD,Spike P,8,+,-,+,+,DEI 114,HIV+ART>1Yr,0.004,0.1081
BLOOD,Spike P,8,+,-,+,+,DEI 115,HIV+ART>1Yr,0.001,0.0435
BLOOD,Spike P,8,+,-,+,+,DEI 117,HIV+ART>1Yr,0.001,0.0833
BLOOD,Spike P,8,+,-,+,+,DEI 118,HIV+ART>1Yr,0.001,0.0244
BLOOD,Spike P,8,+,-,+,+,DEI 119,HIV+ART>1Yr,0.001,0.0323
BLOOD,Spike P,8,+,-,+,+,DEI 11A,HIV+ART>1Yr,0.002,0.1538
BLOOD,Spike P,8,+,-,+,+,DEI 11B,HIV-,0.001,0.0217
BLOOD,Spike P,8,+,-,+,+,DEI 11C,HIV+ART>1Yr,0.001,0.0054
BLOOD,Spike P,8,+,-,+,+,DEI 11D,HIV+ART>1Yr,0.004,0.1905
BLOOD,Spike P,8,+,-,+,+,DEI 11E,HIV+ART>1Yr,0.001,0.0714
BLOOD,Spike P,8,+,-,+,+,DEI 11F,HIV+ART>1Yr,0.001,0.0156
BLOOD,Spike P,8,+,-,+,+,DEI 11G,HIV+ART>1Yr,0.001,0.0476
BLOOD,Spike P,8,+,-,+,+,DEI 11H,HIV-,0.001,0.0204
BLOOD,Spike P,8,+,-,+,+,DEI 11I,HIV+ART>1Yr,0.001,0.0027
BLOOD,Spike P,8,+,-,+,+,DEI 11J,HIV+ART>1Yr,0.001,0.0625
BLOOD,Spike P,8,+,-,+,+,DEI 11K,HIV-,0.001,0.0833
BLOOD,Spike P,8,+,-,+,+,DEI 11M,HIV+ART>1Yr,0.001,0.0083
BLOOD,Spike P,8,+,-,+,+,DEI 11N,HIV-,0.001,0.003
BLOOD,Spike P,8,+,-,+,+,DEI 11P,HIV+ART>1Yr,0.001,0.007
BLOOD,Spike P,8,+,-,+,+,DEI 11Q,HIV-,0.001,0.02
BLOOD,Spike P,8,+,-,+,+,DEI 11R,HIV+ART>1Yr,0.001,0.0833
BLOOD,Spike P,8,+,-,+,+,DEI 11U,HIV-,0.001,0.0435
BLOOD,Spike P,8,+,-,+,+,DEI 11V,HIV-,0.001,0.0476
BLOOD,Spike P,8,+,-,+,+,DEI 11Y,HIV-,0.001,0.0014
BLOOD,Spike P,8,+,-,+,+,DEI 11Z,HIV-,0.001,0.0833
BLOOD,Spike P,8,+,-,+,+,DEI 13V,HIV-,0.001,0.0476
BLOOD,Spike P,8,+,-,+,+,DEI 13W,HIV-,0.001,0.0476
BLOOD,Spike P,8,+,-,+,+,DEI 141,HIV-,0.001,0.0024
BLOOD,Spike P,8,+,-,+,+,DEI 143,HIV-,0.001,0.0005
BLOOD,Spike P,8,+,-,+,-,DEI 103,HIV-,0.012,0.0659
BLOOD,Spike P,8,+,-,+,-,DEI 104,HIV-,0.001,0.0476
BLOOD,Spike P,8,+,-,+,-,DEI 105,HIV-,0.01,0.084
BLOOD,Spike P,8,+,-,+,-,DEI 106,HIV-,0.001,0.0769
BLOOD,Spike P,8,+,-,+,-,DEI 107,HIV-,0.01,0.2041
BLOOD,Spike P,8,+,-,+,-,DEI 108,HIV-,0.001,0.0833
BLOOD,Spike P,8,+,-,+,-,DEI 109,HIV-,0.48,0.7987
BLOOD,Spike P,8,+,-,+,-,DEI 10A,HIV-,0.03,0.184
BLOOD,Spike P,8,+,-,+,-,DEI 10B,HIV-,0.001,0.0385
BLOOD,Spike P,8,+,-,+,-,DEI 10C,HIV-,0.001,0.0303
BLOOD,Spike P,8,+,-,+,-,DEI 10D,HIV-,0.07,0.0847
BLOOD,Spike P,8,+,-,+,-,DEI 10E,HIV-,0.002,0.1538
BLOOD,Spike P,8,+,-,+,-,DEI 10F,HIV-,0.03,0.0357
BLOOD,Spike P,8,+,-,+,-,DEI 10G,HIV-,0.001,0.0185
BLOOD,Spike P,8,+,-,+,-,DEI 10H,HIV-,0.01,0.1064
BLOOD,Spike P,8,+,-,+,-,DEI 10I,HIV-,0.005,0.0234
BLOOD,Spike P,8,+,-,+,-,DEI 10J,HIV+ART>1Yr,0.001,0.0125
BLOOD,Spike P,8,+,-,+,-,DEI 10K,HIV+ART>1Yr,0.001,0.025
BLOOD,Spike P,8,+,-,+,-,DEI 10L,HIV-,0.001,0.0417
BLOOD,Spike P,8,+,-,+,-,DEI 10M,HIV-,0.001,0.0278
BLOOD,Spike P,8,+,-,+,-,DEI 10N,HIV+ART>1Yr,0.03,0.2679
BLOOD,Spike P,8,+,-,+,-,DEI 10P,HIV+ART>1Yr,0.002,0.0377
BLOOD,Spike P,8,+,-,+,-,DEI 10Q,HIV-,0.001,0.0625
BLOOD,Spike P,8,+,-,+,-,DEI 10R,HIV+ART>1Yr,0.002,0.1538
BLOOD,Spike P,8,+,-,+,-,DEI 10S,HIV-,0.001,0.0714
BLOOD,Spike P,8,+,-,+,-,DEI 10T,HIV-,0.001,0.0455
BLOOD,Spike P,8,+,-,+,-,DEI 10U,HIV-,0.001,0.0833
BLOOD,Spike P,8,+,-,+,-,DEI 10V,HIV-,0.001,0.02
BLOOD,Spike P,8,+,-,+,-,DEI 10W,HIV-,0.001,0.0556
BLOOD,Spike P,8,+,-,+,-,DEI 10X,HIV-,0.001,0.0833
BLOOD,Spike P,8,+,-,+,-,DEI 10Y,HIV-,0.001,0.0833
BLOOD,Spike P,8,+,-,+,-,DEI 10Z,HIV+ART>1Yr,0.001,0.0769
BLOOD,Spike P,8,+,-,+,-,DEI 110,HIV-,0.002,0.0488
BLOOD,Spike P,8,+,-,+,-,DEI 111,HIV+ART>1Yr,0.002,0.0465
BLOOD,Spike P,8,+,-,+,-,DEI 112,HIV+ART>1Yr,0.01,0.1099
BLOOD,Spike P,8,+,-,+,-,DEI 113,HIV-,0.001,0.0196
BLOOD,Spike P,8,+,-,+,-,DEI 114,HIV+ART>1Yr,0.001,0.027
BLOOD,Spike P,8,+,-,+,-,DEI 115,HIV+ART>1Yr,0.001,0.0435
BLOOD,Spike P,8,+,-,+,-,DEI 117,HIV+ART>1Yr,0.001,0.0833
BLOOD,Spike P,8,+,-,+,-,DEI 118,HIV+ART>1Yr,0.001,0.0244
BLOOD,Spike P,8,+,-,+,-,DEI 119,HIV+ART>1Yr,0.001,0.0323
BLOOD,Spike P,8,+,-,+,-,DEI 11A,HIV+ART>1Yr,0.001,0.0769
BLOOD,Spike P,8,+,-,+,-,DEI 11B,HIV-,0.001,0.0217
BLOOD,Spike P,8,+,-,+,-,DEI 11C,HIV+ART>1Yr,0.01,0.0538
BLOOD,Spike P,8,+,-,+,-,DEI 11D,HIV+ART>1Yr,0.001,0.0476
BLOOD,Spike P,8,+,-,+,-,DEI 11E,HIV+ART>1Yr,0.001,0.0714
BLOOD,Spike P,8,+,-,+,-,DEI 11F,HIV+ART>1Yr,0.002,0.0312
BLOOD,Spike P,8,+,-,+,-,DEI 11G,HIV+ART>1Yr,0.001,0.0476
BLOOD,Spike P,8,+,-,+,-,DEI 11H,HIV-,0.001,0.0204
BLOOD,Spike P,8,+,-,+,-,DEI 11I,HIV+ART>1Yr,0.001,0.0027
BLOOD,Spike P,8,+,-,+,-,DEI 11J,HIV+ART>1Yr,0.003,0.1875
BLOOD,Spike P,8,+,-,+,-,DEI 11K,HIV-,0.001,0.0833
BLOOD,Spike P,8,+,-,+,-,DEI 11M,HIV+ART>1Yr,0.001,0.0083
BLOOD,Spike P,8,+,-,+,-,DEI 11N,HIV-,0.001,0.003
BLOOD,Spike P,8,+,-,+,-,DEI 11P,HIV+ART>1Yr,0.004,0.0282
BLOOD,Spike P,8,+,-,+,-,DEI 11Q,HIV-,0.01,0.2
BLOOD,Spike P,8,+,-,+,-,DEI 11R,HIV+ART>1Yr,0.001,0.0833
BLOOD,Spike P,8,+,-,+,-,DEI 11U,HIV-,0.001,0.0435
BLOOD,Spike P,8,+,-,+,-,DEI 11V,HIV-,0.001,0.0476
BLOOD,Spike P,8,+,-,+,-,DEI 11Y,HIV-,0.011,0.0158
BLOOD,Spike P,8,+,-,+,-,DEI 11Z,HIV-,0.001,0.0833
BLOOD,Spike P,8,+,-,+,-,DEI 13V,HIV-,0.01,0.4762
BLOOD,Spike P,8,+,-,+,-,DEI 13W,HIV-,0.001,0.0476
BLOOD,Spike P,8,+,-,+,-,DEI 141,HIV-,0.001,0.0024
BLOOD,Spike P,8,+,-,+,-,DEI 143,HIV-,0.001,0.0005
BLOOD,Spike P,8,+,-,-,+,DEI 103,HIV-,0.012,0.0659
BLOOD,Spike P,8,+,-,-,+,DEI 104,HIV-,0.001,0.0476
BLOOD,Spike P,8,+,-,-,+,DEI 105,HIV-,0.001,0.0084
BLOOD,Spike P,8,+,-,-,+,DEI 106,HIV-,0.001,0.0769
BLOOD,Spike P,8,+,-,-,+,DEI 107,HIV-,0.001,0.0204
BLOOD,Spike P,8,+,-,-,+,DEI 108,HIV-,0.001,0.0833
BLOOD,Spike P,8,+,-,-,+,DEI 109,HIV-,0.001,0.0017
BLOOD,Spike P,8,+,-,-,+,DEI 10A,HIV-,0.001,0.0061
BLOOD,Spike P,8,+,-,-,+,DEI 10B,HIV-,0.002,0.0769
BLOOD,Spike P,8,+,-,-,+,DEI 10C,HIV-,0.001,0.0303
BLOOD,Spike P,8,+,-,-,+,DEI 10D,HIV-,0.03,0.0363
BLOOD,Spike P,8,+,-,-,+,DEI 10E,HIV-,0.001,0.0769
BLOOD,Spike P,8,+,-,-,+,DEI 10F,HIV-,0.05,0.0595
BLOOD,Spike P,8,+,-,-,+,DEI 10G,HIV-,0.01,0.1852
BLOOD,Spike P,8,+,-,-,+,DEI 10H,HIV-,0.001,0.0106
BLOOD,Spike P,8,+,-,-,+,DEI 10I,HIV-,0.01,0.0467
BLOOD,Spike P,8,+,-,-,+,DEI 10J,HIV+ART>1Yr,0.001,0.0125
BLOOD,Spike P,8,+,-,-,+,DEI 10K,HIV+ART>1Yr,0.001,0.025
BLOOD,Spike P,8,+,-,-,+,DEI 10L,HIV-,0.001,0.0417
BLOOD,Spike P,8,+,-,-,+,DEI 10M,HIV-,0.001,0.0278
BLOOD,Spike P,8,+,-,-,+,DEI 10N,HIV+ART>1Yr,0.001,0.0089
BLOOD,Spike P,8,+,-,-,+,DEI 10P,HIV+ART>1Yr,0.001,0.0189
BLOOD,Spike P,8,+,-,-,+,DEI 10Q,HIV-,0.005,0.3125
BLOOD,Spike P,8,+,-,-,+,DEI 10R,HIV+ART>1Yr,0.001,0.0769
BLOOD,Spike P,8,+,-,-,+,DEI 10S,HIV-,0.001,0.0714
BLOOD,Spike P,8,+,-,-,+,DEI 10T,HIV-,0.001,0.0455
BLOOD,Spike P,8,+,-,-,+,DEI 10U,HIV-,0.001,0.0833
BLOOD,Spike P,8,+,-,-,+,DEI 10V,HIV-,0.001,0.02
BLOOD,Spike P,8,+,-,-,+,DEI 10W,HIV-,0.001,0.0556
BLOOD,Spike P,8,+,-,-,+,DEI 10X,HIV-,0.001,0.0833
BLOOD,Spike P,8,+,-,-,+,DEI 10Y,HIV-,0.001,0.0833
BLOOD,Spike P,8,+,-,-,+,DEI 10Z,HIV+ART>1Yr,0.001,0.0769
BLOOD,Spike P,8,+,-,-,+,DEI 110,HIV-,0.001,0.0244
BLOOD,Spike P,8,+,-,-,+,DEI 111,HIV+ART>1Yr,0.001,0.0233
BLOOD,Spike P,8,+,-,-,+,DEI 112,HIV+ART>1Yr,0.01,0.1099
BLOOD,Spike P,8,+,-,-,+,DEI 113,HIV-,0.001,0.0196
BLOOD,Spike P,8,+,-,-,+,DEI 114,HIV+ART>1Yr,0.001,0.027
BLOOD,Spike P,8,+,-,-,+,DEI 115,HIV+ART>1Yr,0.001,0.0435
BLOOD,Spike P,8,+,-,-,+,DEI 117,HIV+ART>1Yr,0.001,0.0833
BLOOD,Spike P,8,+,-,-,+,DEI 118,HIV+ART>1Yr,0.01,0.2439
BLOOD,Spike P,8,+,-,-,+,DEI 119,HIV+ART>1Yr,0.02,0.6452
BLOOD,Spike P,8,+,-,-,+,DEI 11A,HIV+ART>1Yr,0.001,0.0769
BLOOD,Spike P,8,+,-,-,+,DEI 11B,HIV-,0.001,0.0217
BLOOD,Spike P,8,+,-,-,+,DEI 11C,HIV+ART>1Yr,0.001,0.0054
BLOOD,Spike P,8,+,-,-,+,DEI 11D,HIV+ART>1Yr,0.001,0.0476
BLOOD,Spike P,8,+,-,-,+,DEI 11E,HIV+ART>1Yr,0.001,0.0714
BLOOD,Spike P,8,+,-,-,+,DEI 11F,HIV+ART>1Yr,0.03,0.4688
BLOOD,Spike P,8,+,-,-,+,DEI 11G,HIV+ART>1Yr,0.001,0.0476
BLOOD,Spike P,8,+,-,-,+,DEI 11H,HIV-,0.001,0.0204
BLOOD,Spike P,8,+,-,-,+,DEI 11I,HIV+ART>1Yr,0.001,0.0027
BLOOD,Spike P,8,+,-,-,+,DEI 11J,HIV+ART>1Yr,0.003,0.1875
BLOOD,Spike P,8,+,-,-,+,DEI 11K,HIV-,0.001,0.0833
BLOOD,Spike P,8,+,-,-,+,DEI 11M,HIV+ART>1Yr,0.001,0.0083
BLOOD,Spike P,8,+,-,-,+,DEI 11N,HIV-,0.001,0.003
BLOOD,Spike P,8,+,-,-,+,DEI 11P,HIV+ART>1Yr,0.006,0.0423
BLOOD,Spike P,8,+,-,-,+,DEI 11Q,HIV-,0.001,0.02
BLOOD,Spike P,8,+,-,-,+,DEI 11R,HIV+ART>1Yr,0.001,0.0833
BLOOD,Spike P,8,+,-,-,+,DEI 11U,HIV-,0.001,0.0435
BLOOD,Spike P,8,+,-,-,+,DEI 11V,HIV-,0.001,0.0476
BLOOD,Spike P,8,+,-,-,+,DEI 11Y,HIV-,0.001,0.0014
BLOOD,Spike P,8,+,-,-,+,DEI 11Z,HIV-,0.001,0.0833
BLOOD,Spike P,8,+,-,-,+,DEI 13V,HIV-,0.001,0.0476
BLOOD,Spike P,8,+,-,-,+,DEI 13W,HIV-,0.001,0.0476
BLOOD,Spike P,8,+,-,-,+,DEI 141,HIV-,0.001,0.0024
BLOOD,Spike P,8,+,-,-,+,DEI 143,HIV-,0.05,0.0269
BLOOD,Spike P,8,-,+,+,+,DEI 103,HIV-,0.007,0.0385
BLOOD,Spike P,8,-,+,+,+,DEI 104,HIV-,0.001,0.0476
BLOOD,Spike P,8,-,+,+,+,DEI 105,HIV-,0.001,0.0084
BLOOD,Spike P,8,-,+,+,+,DEI 106,HIV-,0.001,0.0769
BLOOD,Spike P,8,-,+,+,+,DEI 107,HIV-,0.001,0.0204
BLOOD,Spike P,8,-,+,+,+,DEI 108,HIV-,0.001,0.0833
BLOOD,Spike P,8,-,+,+,+,DEI 109,HIV-,0.001,0.0017
BLOOD,Spike P,8,-,+,+,+,DEI 10A,HIV-,0.001,0.0061
BLOOD,Spike P,8,-,+,+,+,DEI 10B,HIV-,0.001,0.0385
BLOOD,Spike P,8,-,+,+,+,DEI 10C,HIV-,0.001,0.0303
BLOOD,Spike P,8,-,+,+,+,DEI 10D,HIV-,0.001,0.0012
BLOOD,Spike P,8,-,+,+,+,DEI 10E,HIV-,0.001,0.0769
BLOOD,Spike P,8,-,+,+,+,DEI 10F,HIV-,0.02,0.0238
BLOOD,Spike P,8,-,+,+,+,DEI 10G,HIV-,0.001,0.0185
BLOOD,Spike P,8,-,+,+,+,DEI 10H,HIV-,0.001,0.0106
BLOOD,Spike P,8,-,+,+,+,DEI 10I,HIV-,0.001,0.0047
BLOOD,Spike P,8,-,+,+,+,DEI 10J,HIV+ART>1Yr,0.001,0.0125
BLOOD,Spike P,8,-,+,+,+,DEI 10K,HIV+ART>1Yr,0.001,0.025
BLOOD,Spike P,8,-,+,+,+,DEI 10L,HIV-,0.001,0.0417
BLOOD,Spike P,8,-,+,+,+,DEI 10M,HIV-,0.001,0.0278
BLOOD,Spike P,8,-,+,+,+,DEI 10N,HIV+ART>1Yr,0.001,0.0089
BLOOD,Spike P,8,-,+,+,+,DEI 10P,HIV+ART>1Yr,0.001,0.0189
BLOOD,Spike P,8,-,+,+,+,DEI 10Q,HIV-,0.001,0.0625
BLOOD,Spike P,8,-,+,+,+,DEI 10R,HIV+ART>1Yr,0.001,0.0769
BLOOD,Spike P,8,-,+,+,+,DEI 10S,HIV-,0.001,0.0714
BLOOD,Spike P,8,-,+,+,+,DEI 10T,HIV-,0.001,0.0455
BLOOD,Spike P,8,-,+,+,+,DEI 10U,HIV-,0.001,0.0833
BLOOD,Spike P,8,-,+,+,+,DEI 10V,HIV-,0.001,0.02
BLOOD,Spike P,8,-,+,+,+,DEI 10W,HIV-,0.001,0.0556
BLOOD,Spike P,8,-,+,+,+,DEI 10X,HIV-,0.001,0.0833
BLOOD,Spike P,8,-,+,+,+,DEI 10Y,HIV-,0.001,0.0833
BLOOD,Spike P,8,-,+,+,+,DEI 10Z,HIV+ART>1Yr,0.001,0.0769
BLOOD,Spike P,8,-,+,+,+,DEI 110,HIV-,0.001,0.0244
BLOOD,Spike P,8,-,+,+,+,DEI 111,HIV+ART>1Yr,0.001,0.0233
BLOOD,Spike P,8,-,+,+,+,DEI 112,HIV+ART>1Yr,0.001,0.011
BLOOD,Spike P,8,-,+,+,+,DEI 113,HIV-,0.001,0.0196
BLOOD,Spike P,8,-,+,+,+,DEI 114,HIV+ART>1Yr,0.001,0.027
BLOOD,Spike P,8,-,+,+,+,DEI 115,HIV+ART>1Yr,0.001,0.0435
BLOOD,Spike P,8,-,+,+,+,DEI 117,HIV+ART>1Yr,0.001,0.0833
BLOOD,Spike P,8,-,+,+,+,DEI 118,HIV+ART>1Yr,0.001,0.0244
BLOOD,Spike P,8,-,+,+,+,DEI 119,HIV+ART>1Yr,0.001,0.0323
BLOOD,Spike P,8,-,+,+,+,DEI 11A,HIV+ART>1Yr,0.001,0.0769
BLOOD,Spike P,8,-,+,+,+,DEI 11B,HIV-,0.001,0.0217
BLOOD,Spike P,8,-,+,+,+,DEI 11C,HIV+ART>1Yr,0.001,0.0054
BLOOD,Spike P,8,-,+,+,+,DEI 11D,HIV+ART>1Yr,0.004,0.1905
BLOOD,Spike P,8,-,+,+,+,DEI 11E,HIV+ART>1Yr,0.001,0.0714
BLOOD,Spike P,8,-,+,+,+,DEI 11F,HIV+ART>1Yr,0.001,0.0156
BLOOD,Spike P,8,-,+,+,+,DEI 11G,HIV+ART>1Yr,0.001,0.0476
BLOOD,Spike P,8,-,+,+,+,DEI 11H,HIV-,0.001,0.0204
BLOOD,Spike P,8,-,+,+,+,DEI 11I,HIV+ART>1Yr,0.001,0.0027
BLOOD,Spike P,8,-,+,+,+,DEI 11J,HIV+ART>1Yr,0.001,0.0625
BLOOD,Spike P,8,-,+,+,+,DEI 11K,HIV-,0.001,0.0833
BLOOD,Spike P,8,-,+,+,+,DEI 11M,HIV+ART>1Yr,0.001,0.0083
BLOOD,Spike P,8,-,+,+,+,DEI 11N,HIV-,0.001,0.003
BLOOD,Spike P,8,-,+,+,+,DEI 11P,HIV+ART>1Yr,0.001,0.007
BLOOD,Spike P,8,-,+,+,+,DEI 11Q,HIV-,0.001,0.02
BLOOD,Spike P,8,-,+,+,+,DEI 11R,HIV+ART>1Yr,0.001,0.0833
BLOOD,Spike P,8,-,+,+,+,DEI 11U,HIV-,0.001,0.0435
BLOOD,Spike P,8,-,+,+,+,DEI 11V,HIV-,0.001,0.0476
BLOOD,Spike P,8,-,+,+,+,DEI 11Y,HIV-,0.001,0.0014
BLOOD,Spike P,8,-,+,+,+,DEI 11Z,HIV-,0.001,0.0833
BLOOD,Spike P,8,-,+,+,+,DEI 13V,HIV-,0.001,0.0476
BLOOD,Spike P,8,-,+,+,+,DEI 13W,HIV-,0.001,0.0476
BLOOD,Spike P,8,-,+,+,+,DEI 141,HIV-,0.001,0.0024
BLOOD,Spike P,8,-,+,+,+,DEI 143,HIV-,0.008,0.0043
BLOOD,Spike P,8,-,+,+,-,DEI 103,HIV-,0.01,0.0549
BLOOD,Spike P,8,-,+,+,-,DEI 104,HIV-,0.001,0.0476
BLOOD,Spike P,8,-,+,+,-,DEI 105,HIV-,0.001,0.0084
BLOOD,Spike P,8,-,+,+,-,DEI 106,HIV-,0.001,0.0769
BLOOD,Spike P,8,-,+,+,-,DEI 107,HIV-,0.006,0.1224
BLOOD,Spike P,8,-,+,+,-,DEI 108,HIV-,0.001,0.0833
BLOOD,Spike P,8,-,+,+,-,DEI 109,HIV-,0.001,0.0017
BLOOD,Spike P,8,-,+,+,-,DEI 10A,HIV-,0.004,0.0245
BLOOD,Spike P,8,-,+,+,-,DEI 10B,HIV-,0.003,0.1154
BLOOD,Spike P,8,-,+,+,-,DEI 10C,HIV-,0.001,0.0303
BLOOD,Spike P,8,-,+,+,-,DEI 10D,HIV-,0.001,0.0012
BLOOD,Spike P,8,-,+,+,-,DEI 10E,HIV-,0.001,0.0769
BLOOD,Spike P,8,-,+,+,-,DEI 10F,HIV-,0.23,0.2738
BLOOD,Spike P,8,-,+,+,-,DEI 10G,HIV-,0.001,0.0185
BLOOD,Spike P,8,-,+,+,-,DEI 10H,HIV-,0.001,0.0106
BLOOD,Spike P,8,-,+,+,-,DEI 10I,HIV-,0.001,0.0047
BLOOD,Spike P,8,-,+,+,-,DEI 10J,HIV+ART>1Yr,0.001,0.0125
BLOOD,Spike P,8,-,+,+,-,DEI 10K,HIV+ART>1Yr,0.001,0.025
BLOOD,Spike P,8,-,+,+,-,DEI 10L,HIV-,0.001,0.0417
BLOOD,Spike P,8,-,+,+,-,DEI 10M,HIV-,0.002,0.0556
BLOOD,Spike P,8,-,+,+,-,DEI 10N,HIV+ART>1Yr,0.001,0.0089
BLOOD,Spike P,8,-,+,+,-,DEI 10P,HIV+ART>1Yr,0.001,0.0189
BLOOD,Spike P,8,-,+,+,-,DEI 10Q,HIV-,0.001,0.0625
BLOOD,Spike P,8,-,+,+,-,DEI 10R,HIV+ART>1Yr,0.001,0.0769
BLOOD,Spike P,8,-,+,+,-,DEI 10S,HIV-,0.001,0.0714
BLOOD,Spike P,8,-,+,+,-,DEI 10T,HIV-,0.001,0.0455
BLOOD,Spike P,8,-,+,+,-,DEI 10U,HIV-,0.001,0.0833
BLOOD,Spike P,8,-,+,+,-,DEI 10V,HIV-,0.001,0.02
BLOOD,Spike P,8,-,+,+,-,DEI 10W,HIV-,0.004,0.2222
BLOOD,Spike P,8,-,+,+,-,DEI 10X,HIV-,0.001,0.0833
BLOOD,Spike P,8,-,+,+,-,DEI 10Y,HIV-,0.001,0.0833
BLOOD,Spike P,8,-,+,+,-,DEI 10Z,HIV+ART>1Yr,0.001,0.0769
BLOOD,Spike P,8,-,+,+,-,DEI 110,HIV-,0.001,0.0244
BLOOD,Spike P,8,-,+,+,-,DEI 111,HIV+ART>1Yr,0.001,0.0233
BLOOD,Spike P,8,-,+,+,-,DEI 112,HIV+ART>1Yr,0.001,0.011
BLOOD,Spike P,8,-,+,+,-,DEI 113,HIV-,0.001,0.0196
BLOOD,Spike P,8,-,+,+,-,DEI 114,HIV+ART>1Yr,0.001,0.027
BLOOD,Spike P,8,-,+,+,-,DEI 115,HIV+ART>1Yr,0.001,0.0435
BLOOD,Spike P,8,-,+,+,-,DEI 117,HIV+ART>1Yr,0.001,0.0833
BLOOD,Spike P,8,-,+,+,-,DEI 118,HIV+ART>1Yr,0.001,0.0244
BLOOD,Spike P,8,-,+,+,-,DEI 119,HIV+ART>1Yr,0.001,0.0323
BLOOD,Spike P,8,-,+,+,-,DEI 11A,HIV+ART>1Yr,0.001,0.0769
BLOOD,Spike P,8,-,+,+,-,DEI 11B,HIV-,0.018,0.3913
BLOOD,Spike P,8,-,+,+,-,DEI 11C,HIV+ART>1Yr,0.003,0.0161
BLOOD,Spike P,8,-,+,+,-,DEI 11D,HIV+ART>1Yr,0.001,0.0476
BLOOD,Spike P,8,-,+,+,-,DEI 11E,HIV+ART>1Yr,0.001,0.0714
BLOOD,Spike P,8,-,+,+,-,DEI 11F,HIV+ART>1Yr,0.001,0.0156
BLOOD,Spike P,8,-,+,+,-,DEI 11G,HIV+ART>1Yr,0.001,0.0476
BLOOD,Spike P,8,-,+,+,-,DEI 11H,HIV-,0.001,0.0204
BLOOD,Spike P,8,-,+,+,-,DEI 11I,HIV+ART>1Yr,0.001,0.0027
BLOOD,Spike P,8,-,+,+,-,DEI 11J,HIV+ART>1Yr,0.001,0.0625
BLOOD,Spike P,8,-,+,+,-,DEI 11K,HIV-,0.001,0.0833
BLOOD,Spike P,8,-,+,+,-,DEI 11M,HIV+ART>1Yr,0.001,0.0083
BLOOD,Spike P,8,-,+,+,-,DEI 11N,HIV-,0.05,0.152
BLOOD,Spike P,8,-,+,+,-,DEI 11P,HIV+ART>1Yr,0.001,0.007
BLOOD,Spike P,8,-,+,+,-,DEI 11Q,HIV-,0.001,0.02
BLOOD,Spike P,8,-,+,+,-,DEI 11R,HIV+ART>1Yr,0.001,0.0833
BLOOD,Spike P,8,-,+,+,-,DEI 11U,HIV-,0.001,0.0435
BLOOD,Spike P,8,-,+,+,-,DEI 11V,HIV-,0.001,0.0476
BLOOD,Spike P,8,-,+,+,-,DEI 11Y,HIV-,0.015,0.0215
BLOOD,Spike P,8,-,+,+,-,DEI 11Z,HIV-,0.001,0.0833
BLOOD,Spike P,8,-,+,+,-,DEI 13V,HIV-,0.001,0.0476
BLOOD,Spike P,8,-,+,+,-,DEI 13W,HIV-,0.001,0.0476
BLOOD,Spike P,8,-,+,+,-,DEI 141,HIV-,0.016,0.0381
BLOOD,Spike P,8,-,+,+,-,DEI 143,HIV-,0.02,0.0108
BLOOD,Spike P,8,-,+,-,+,DEI 103,HIV-,0.04,0.2198
BLOOD,Spike P,8,-,+,-,+,DEI 104,HIV-,0.001,0.0476
BLOOD,Spike P,8,-,+,-,+,DEI 105,HIV-,0.001,0.0084
BLOOD,Spike P,8,-,+,-,+,DEI 106,HIV-,0.002,0.1538
BLOOD,Spike P,8,-,+,-,+,DEI 107,HIV-,0.002,0.0408
BLOOD,Spike P,8,-,+,-,+,DEI 108,HIV-,0.001,0.0833
BLOOD,Spike P,8,-,+,-,+,DEI 109,HIV-,0.083,0.1381
BLOOD,Spike P,8,-,+,-,+,DEI 10A,HIV-,0.002,0.0123
BLOOD,Spike P,8,-,+,-,+,DEI 10B,HIV-,0.001,0.0385
BLOOD,Spike P,8,-,+,-,+,DEI 10C,HIV-,0.001,0.0303
BLOOD,Spike P,8,-,+,-,+,DEI 10D,HIV-,0.002,0.0024
BLOOD,Spike P,8,-,+,-,+,DEI 10E,HIV-,0.001,0.0769
BLOOD,Spike P,8,-,+,-,+,DEI 10F,HIV-,0.14,0.1667
BLOOD,Spike P,8,-,+,-,+,DEI 10G,HIV-,0.001,0.0185
BLOOD,Spike P,8,-,+,-,+,DEI 10H,HIV-,0.002,0.0213
BLOOD,Spike P,8,-,+,-,+,DEI 10I,HIV-,0.001,0.0047
BLOOD,Spike P,8,-,+,-,+,DEI 10J,HIV+ART>1Yr,0.001,0.0125
BLOOD,Spike P,8,-,+,-,+,DEI 10K,HIV+ART>1Yr,0.001,0.025
BLOOD,Spike P,8,-,+,-,+,DEI 10L,HIV-,0.002,0.0833
BLOOD,Spike P,8,-,+,-,+,DEI 10M,HIV-,0.001,0.0278
BLOOD,Spike P,8,-,+,-,+,DEI 10N,HIV+ART>1Yr,0.001,0.0089
BLOOD,Spike P,8,-,+,-,+,DEI 10P,HIV+ART>1Yr,0.001,0.0189
BLOOD,Spike P,8,-,+,-,+,DEI 10Q,HIV-,0.001,0.0625
BLOOD,Spike P,8,-,+,-,+,DEI 10R,HIV+ART>1Yr,0.001,0.0769
BLOOD,Spike P,8,-,+,-,+,DEI 10S,HIV-,0.001,0.0714
BLOOD,Spike P,8,-,+,-,+,DEI 10T,HIV-,0.001,0.0455
BLOOD,Spike P,8,-,+,-,+,DEI 10U,HIV-,0.001,0.0833
BLOOD,Spike P,8,-,+,-,+,DEI 10V,HIV-,0.001,0.02
BLOOD,Spike P,8,-,+,-,+,DEI 10W,HIV-,0.004,0.2222
BLOOD,Spike P,8,-,+,-,+,DEI 10X,HIV-,0.001,0.0833
BLOOD,Spike P,8,-,+,-,+,DEI 10Y,HIV-,0.001,0.0833
BLOOD,Spike P,8,-,+,-,+,DEI 10Z,HIV+ART>1Yr,0.001,0.0769
BLOOD,Spike P,8,-,+,-,+,DEI 110,HIV-,0.001,0.0244
BLOOD,Spike P,8,-,+,-,+,DEI 111,HIV+ART>1Yr,0.001,0.0233
BLOOD,Spike P,8,-,+,-,+,DEI 112,HIV+ART>1Yr,0.001,0.011
BLOOD,Spike P,8,-,+,-,+,DEI 113,HIV-,0.001,0.0196
BLOOD,Spike P,8,-,+,-,+,DEI 114,HIV+ART>1Yr,0.001,0.027
BLOOD,Spike P,8,-,+,-,+,DEI 115,HIV+ART>1Yr,0.001,0.0435
BLOOD,Spike P,8,-,+,-,+,DEI 117,HIV+ART>1Yr,0.001,0.0833
BLOOD,Spike P,8,-,+,-,+,DEI 118,HIV+ART>1Yr,0.001,0.0244
BLOOD,Spike P,8,-,+,-,+,DEI 119,HIV+ART>1Yr,0.001,0.0323
BLOOD,Spike P,8,-,+,-,+,DEI 11A,HIV+ART>1Yr,0.001,0.0769
BLOOD,Spike P,8,-,+,-,+,DEI 11B,HIV-,0.003,0.0652
BLOOD,Spike P,8,-,+,-,+,DEI 11C,HIV+ART>1Yr,0.003,0.0161
BLOOD,Spike P,8,-,+,-,+,DEI 11D,HIV+ART>1Yr,0.001,0.0476
BLOOD,Spike P,8,-,+,-,+,DEI 11E,HIV+ART>1Yr,0.001,0.0714
BLOOD,Spike P,8,-,+,-,+,DEI 11F,HIV+ART>1Yr,0.001,0.0156
BLOOD,Spike P,8,-,+,-,+,DEI 11G,HIV+ART>1Yr,0.001,0.0476
BLOOD,Spike P,8,-,+,-,+,DEI 11H,HIV-,0.001,0.0204
BLOOD,Spike P,8,-,+,-,+,DEI 11I,HIV+ART>1Yr,0.001,0.0027
BLOOD,Spike P,8,-,+,-,+,DEI 11J,HIV+ART>1Yr,0.001,0.0625
BLOOD,Spike P,8,-,+,-,+,DEI 11K,HIV-,0.001,0.0833
BLOOD,Spike P,8,-,+,-,+,DEI 11M,HIV+ART>1Yr,0.001,0.0083
BLOOD,Spike P,8,-,+,-,+,DEI 11N,HIV-,0.05,0.152
BLOOD,Spike P,8,-,+,-,+,DEI 11P,HIV+ART>1Yr,0.004,0.0282
BLOOD,Spike P,8,-,+,-,+,DEI 11Q,HIV-,0.001,0.02
BLOOD,Spike P,8,-,+,-,+,DEI 11R,HIV+ART>1Yr,0.001,0.0833
BLOOD,Spike P,8,-,+,-,+,DEI 11U,HIV-,0.001,0.0435
BLOOD,Spike P,8,-,+,-,+,DEI 11V,HIV-,0.001,0.0476
BLOOD,Spike P,8,-,+,-,+,DEI 11Y,HIV-,0.001,0.0014
BLOOD,Spike P,8,-,+,-,+,DEI 11Z,HIV-,0.001,0.0833
BLOOD,Spike P,8,-,+,-,+,DEI 13V,HIV-,0.001,0.0476
BLOOD,Spike P,8,-,+,-,+,DEI 13W,HIV-,0.001,0.0476
BLOOD,Spike P,8,-,+,-,+,DEI 141,HIV-,0.002,0.0048
BLOOD,Spike P,8,-,+,-,+,DEI 143,HIV-,0.06,0.0323
BLOOD,Spike P,8,-,-,+,+,DEI 103,HIV-,0.001,0.0055
BLOOD,Spike P,8,-,-,+,+,DEI 104,HIV-,0.01,0.4762
BLOOD,Spike P,8,-,-,+,+,DEI 105,HIV-,0.016,0.1345
BLOOD,Spike P,8,-,-,+,+,DEI 106,HIV-,0.001,0.0769
BLOOD,Spike P,8,-,-,+,+,DEI 107,HIV-,0.01,0.2041
BLOOD,Spike P,8,-,-,+,+,DEI 108,HIV-,0.001,0.0833
BLOOD,Spike P,8,-,-,+,+,DEI 109,HIV-,0.001,0.0017
BLOOD,Spike P,8,-,-,+,+,DEI 10A,HIV-,0.001,0.0061
BLOOD,Spike P,8,-,-,+,+,DEI 10B,HIV-,0.002,0.0769
BLOOD,Spike P,8,-,-,+,+,DEI 10C,HIV-,0.003,0.0909
BLOOD,Spike P,8,-,-,+,+,DEI 10D,HIV-,0.062,0.0751
BLOOD,Spike P,8,-,-,+,+,DEI 10E,HIV-,0.001,0.0769
BLOOD,Spike P,8,-,-,+,+,DEI 10F,HIV-,0.03,0.0357
BLOOD,Spike P,8,-,-,+,+,DEI 10G,HIV-,0.003,0.0556
BLOOD,Spike P,8,-,-,+,+,DEI 10H,HIV-,0.02,0.2128
BLOOD,Spike P,8,-,-,+,+,DEI 10I,HIV-,0.015,0.0701
BLOOD,Spike P,8,-,-,+,+,DEI 10J,HIV+ART>1Yr,0.04,0.5
BLOOD,Spike P,8,-,-,+,+,DEI 10K,HIV+ART>1Yr,0.001,0.025
BLOOD,Spike P,8,-,-,+,+,DEI 10L,HIV-,0.012,0.5
BLOOD,Spike P,8,-,-,+,+,DEI 10M,HIV-,0.005,0.1389
BLOOD,Spike P,8,-,-,+,+,DEI 10N,HIV+ART>1Yr,0.004,0.0357
BLOOD,Spike P,8,-,-,+,+,DEI 10P,HIV+ART>1Yr,0.013,0.2453
BLOOD,Spike P,8,-,-,+,+,DEI 10Q,HIV-,0.001,0.0625
BLOOD,Spike P,8,-,-,+,+,DEI 10R,HIV+ART>1Yr,0.001,0.0769
BLOOD,Spike P,8,-,-,+,+,DEI 10S,HIV-,0.002,0.1429
BLOOD,Spike P,8,-,-,+,+,DEI 10T,HIV-,0.001,0.0455
BLOOD,Spike P,8,-,-,+,+,DEI 10U,HIV-,0.001,0.0833
BLOOD,Spike P,8,-,-,+,+,DEI 10V,HIV-,0.001,0.02
BLOOD,Spike P,8,-,-,+,+,DEI 10W,HIV-,0.001,0.0556
BLOOD,Spike P,8,-,-,+,+,DEI 10X,HIV-,0.001,0.0833
BLOOD,Spike P,8,-,-,+,+,DEI 10Y,HIV-,0.001,0.0833
BLOOD,Spike P,8,-,-,+,+,DEI 10Z,HIV+ART>1Yr,0.001,0.0769
BLOOD,Spike P,8,-,-,+,+,DEI 110,HIV-,0.001,0.0244
BLOOD,Spike P,8,-,-,+,+,DEI 111,HIV+ART>1Yr,0.001,0.0233
BLOOD,Spike P,8,-,-,+,+,DEI 112,HIV+ART>1Yr,0.013,0.1429
BLOOD,Spike P,8,-,-,+,+,DEI 113,HIV-,0.001,0.0196
BLOOD,Spike P,8,-,-,+,+,DEI 114,HIV+ART>1Yr,0.005,0.1351
BLOOD,Spike P,8,-,-,+,+,DEI 115,HIV+ART>1Yr,0.001,0.0435
BLOOD,Spike P,8,-,-,+,+,DEI 117,HIV+ART>1Yr,0.001,0.0833
BLOOD,Spike P,8,-,-,+,+,DEI 118,HIV+ART>1Yr,0.001,0.0244
BLOOD,Spike P,8,-,-,+,+,DEI 119,HIV+ART>1Yr,0.001,0.0323
BLOOD,Spike P,8,-,-,+,+,DEI 11A,HIV+ART>1Yr,0.001,0.0769
BLOOD,Spike P,8,-,-,+,+,DEI 11B,HIV-,0.003,0.0652
BLOOD,Spike P,8,-,-,+,+,DEI 11C,HIV+ART>1Yr,0.014,0.0753
BLOOD,Spike P,8,-,-,+,+,DEI 11D,HIV+ART>1Yr,0.001,0.0476
BLOOD,Spike P,8,-,-,+,+,DEI 11E,HIV+ART>1Yr,0.003,0.2143
BLOOD,Spike P,8,-,-,+,+,DEI 11F,HIV+ART>1Yr,0.004,0.0625
BLOOD,Spike P,8,-,-,+,+,DEI 11G,HIV+ART>1Yr,0.001,0.0476
BLOOD,Spike P,8,-,-,+,+,DEI 11H,HIV-,0.02,0.4082
BLOOD,Spike P,8,-,-,+,+,DEI 11I,HIV+ART>1Yr,0.098,0.2663
BLOOD,Spike P,8,-,-,+,+,DEI 11J,HIV+ART>1Yr,0.001,0.0625
BLOOD,Spike P,8,-,-,+,+,DEI 11K,HIV-,0.001,0.0833
BLOOD,Spike P,8,-,-,+,+,DEI 11M,HIV+ART>1Yr,0.001,0.0083
BLOOD,Spike P,8,-,-,+,+,DEI 11N,HIV-,0.001,0.003
BLOOD,Spike P,8,-,-,+,+,DEI 11P,HIV+ART>1Yr,0.002,0.0141
BLOOD,Spike P,8,-,-,+,+,DEI 11Q,HIV-,0.001,0.02
BLOOD,Spike P,8,-,-,+,+,DEI 11R,HIV+ART>1Yr,0.001,0.0833
BLOOD,Spike P,8,-,-,+,+,DEI 11U,HIV-,0.002,0.087
BLOOD,Spike P,8,-,-,+,+,DEI 11V,HIV-,0.001,0.0476
BLOOD,Spike P,8,-,-,+,+,DEI 11Y,HIV-,0.001,0.0014
BLOOD,Spike P,8,-,-,+,+,DEI 11Z,HIV-,0.001,0.0833
BLOOD,Spike P,8,-,-,+,+,DEI 13V,HIV-,0.001,0.0476
BLOOD,Spike P,8,-,-,+,+,DEI 13W,HIV-,0.001,0.0476
BLOOD,Spike P,8,-,-,+,+,DEI 141,HIV-,0.005,0.0119
BLOOD,Spike P,8,-,-,+,+,DEI 143,HIV-,0.05,0.0269
BLOOD,Spike P,8,-,-,+,-,DEI 103,HIV-,0.06,0.3297
BLOOD,Spike P,8,-,-,+,-,DEI 104,HIV-,0.001,0.0476
BLOOD,Spike P,8,-,-,+,-,DEI 105,HIV-,0.08,0.6723
BLOOD,Spike P,8,-,-,+,-,DEI 106,HIV-,0.001,0.0769
BLOOD,Spike P,8,-,-,+,-,DEI 107,HIV-,0.001,0.0204
BLOOD,Spike P,8,-,-,+,-,DEI 108,HIV-,0.001,0.0833
BLOOD,Spike P,8,-,-,+,-,DEI 109,HIV-,0.001,0.0017
BLOOD,Spike P,8,-,-,+,-,DEI 10A,HIV-,0.04,0.2454
BLOOD,Spike P,8,-,-,+,-,DEI 10B,HIV-,0.01,0.3846
BLOOD,Spike P,8,-,-,+,-,DEI 10C,HIV-,0.02,0.6061
BLOOD,Spike P,8,-,-,+,-,DEI 10D,HIV-,0.3,0.3632
BLOOD,Spike P,8,-,-,+,-,DEI 10E,HIV-,0.001,0.0769
BLOOD,Spike P,8,-,-,+,-,DEI 10F,HIV-,0.17,0.2024
BLOOD,Spike P,8,-,-,+,-,DEI 10G,HIV-,0.001,0.0185
BLOOD,Spike P,8,-,-,+,-,DEI 10H,HIV-,0.001,0.0106
BLOOD,Spike P,8,-,-,+,-,DEI 10I,HIV-,0.13,0.6075
BLOOD,Spike P,8,-,-,+,-,DEI 10J,HIV+ART>1Yr,0.03,0.375
BLOOD,Spike P,8,-,-,+,-,DEI 10K,HIV+ART>1Yr,0.01,0.25
BLOOD,Spike P,8,-,-,+,-,DEI 10L,HIV-,0.001,0.0417
BLOOD,Spike P,8,-,-,+,-,DEI 10M,HIV-,0.001,0.0278
BLOOD,Spike P,8,-,-,+,-,DEI 10N,HIV+ART>1Yr,0.03,0.2679
BLOOD,Spike P,8,-,-,+,-,DEI 10P,HIV+ART>1Yr,0.01,0.1887
BLOOD,Spike P,8,-,-,+,-,DEI 10Q,HIV-,0.001,0.0625
BLOOD,Spike P,8,-,-,+,-,DEI 10R,HIV+ART>1Yr,0.001,0.0769
BLOOD,Spike P,8,-,-,+,-,DEI 10S,HIV-,0.001,0.0714
BLOOD,Spike P,8,-,-,+,-,DEI 10T,HIV-,0.01,0.4545
BLOOD,Spike P,8,-,-,+,-,DEI 10U,HIV-,0.001,0.0833
BLOOD,Spike P,8,-,-,+,-,DEI 10V,HIV-,0.02,0.4
BLOOD,Spike P,8,-,-,+,-,DEI 10W,HIV-,0.001,0.0556
BLOOD,Spike P,8,-,-,+,-,DEI 10X,HIV-,0.001,0.0833
BLOOD,Spike P,8,-,-,+,-,DEI 10Y,HIV-,0.001,0.0833
BLOOD,Spike P,8,-,-,+,-,DEI 10Z,HIV+ART>1Yr,0.001,0.0769
BLOOD,Spike P,8,-,-,+,-,DEI 110,HIV-,0.02,0.4878
BLOOD,Spike P,8,-,-,+,-,DEI 111,HIV+ART>1Yr,0.001,0.0233
BLOOD,Spike P,8,-,-,+,-,DEI 112,HIV+ART>1Yr,0.001,0.011
BLOOD,Spike P,8,-,-,+,-,DEI 113,HIV-,0.001,0.0196
BLOOD,Spike P,8,-,-,+,-,DEI 114,HIV+ART>1Yr,0.01,0.2703
BLOOD,Spike P,8,-,-,+,-,DEI 115,HIV+ART>1Yr,0.01,0.4348
BLOOD,Spike P,8,-,-,+,-,DEI 117,HIV+ART>1Yr,0.001,0.0833
BLOOD,Spike P,8,-,-,+,-,DEI 118,HIV+ART>1Yr,0.002,0.0488
BLOOD,Spike P,8,-,-,+,-,DEI 119,HIV+ART>1Yr,0.001,0.0323
BLOOD,Spike P,8,-,-,+,-,DEI 11A,HIV+ART>1Yr,0.001,0.0769
BLOOD,Spike P,8,-,-,+,-,DEI 11B,HIV-,0.001,0.0217
BLOOD,Spike P,8,-,-,+,-,DEI 11C,HIV+ART>1Yr,0.03,0.1613
BLOOD,Spike P,8,-,-,+,-,DEI 11D,HIV+ART>1Yr,0.001,0.0476
BLOOD,Spike P,8,-,-,+,-,DEI 11E,HIV+ART>1Yr,0.001,0.0714
BLOOD,Spike P,8,-,-,+,-,DEI 11F,HIV+ART>1Yr,0.001,0.0156
BLOOD,Spike P,8,-,-,+,-,DEI 11G,HIV+ART>1Yr,0.01,0.4762
BLOOD,Spike P,8,-,-,+,-,DEI 11H,HIV-,0.01,0.2041
BLOOD,Spike P,8,-,-,+,-,DEI 11I,HIV+ART>1Yr,0.07,0.1902
BLOOD,Spike P,8,-,-,+,-,DEI 11J,HIV+ART>1Yr,0.001,0.0625
BLOOD,Spike P,8,-,-,+,-,DEI 11K,HIV-,0.001,0.0833
BLOOD,Spike P,8,-,-,+,-,DEI 11M,HIV+ART>1Yr,0.001,0.0083
BLOOD,Spike P,8,-,-,+,-,DEI 11N,HIV-,0.001,0.003
BLOOD,Spike P,8,-,-,+,-,DEI 11P,HIV+ART>1Yr,0.07,0.493
BLOOD,Spike P,8,-,-,+,-,DEI 11Q,HIV-,0.03,0.6
BLOOD,Spike P,8,-,-,+,-,DEI 11R,HIV+ART>1Yr,0.001,0.0833
BLOOD,Spike P,8,-,-,+,-,DEI 11U,HIV-,0.002,0.087
BLOOD,Spike P,8,-,-,+,-,DEI 11V,HIV-,0.001,0.0476
BLOOD,Spike P,8,-,-,+,-,DEI 11Y,HIV-,0.66,0.9456
BLOOD,Spike P,8,-,-,+,-,DEI 11Z,HIV-,0.001,0.0833
BLOOD,Spike P,8,-,-,+,-,DEI 13V,HIV-,0.001,0.0476
BLOOD,Spike P,8,-,-,+,-,DEI 13W,HIV-,0.001,0.0476
BLOOD,Spike P,8,-,-,+,-,DEI 141,HIV-,0.14,0.3333
BLOOD,Spike P,8,-,-,+,-,DEI 143,HIV-,0.5,0.2688
BLOOD,Spike P,8,-,-,-,+,DEI 103,HIV-,0.03,0.1648
BLOOD,Spike P,8,-,-,-,+,DEI 104,HIV-,0.001,0.0476
BLOOD,Spike P,8,-,-,-,+,DEI 105,HIV-,0.001,0.0084
BLOOD,Spike P,8,-,-,-,+,DEI 106,HIV-,0.001,0.0769
BLOOD,Spike P,8,-,-,-,+,DEI 107,HIV-,0.001,0.0204
BLOOD,Spike P,8,-,-,-,+,DEI 108,HIV-,0.001,0.0833
BLOOD,Spike P,8,-,-,-,+,DEI 109,HIV-,0.001,0.0017
BLOOD,Spike P,8,-,-,-,+,DEI 10A,HIV-,0.08,0.4908
BLOOD,Spike P,8,-,-,-,+,DEI 10B,HIV-,0.001,0.0385
BLOOD,Spike P,8,-,-,-,+,DEI 10C,HIV-,0.001,0.0303
BLOOD,Spike P,8,-,-,-,+,DEI 10D,HIV-,0.35,0.4237
BLOOD,Spike P,8,-,-,-,+,DEI 10E,HIV-,0.001,0.0769
BLOOD,Spike P,8,-,-,-,+,DEI 10F,HIV-,0.14,0.1667
BLOOD,Spike P,8,-,-,-,+,DEI 10G,HIV-,0.03,0.5556
BLOOD,Spike P,8,-,-,-,+,DEI 10H,HIV-,0.05,0.5319
BLOOD,Spike P,8,-,-,-,+,DEI 10I,HIV-,0.04,0.1869
BLOOD,Spike P,8,-,-,-,+,DEI 10J,HIV+ART>1Yr,0.001,0.0125
BLOOD,Spike P,8,-,-,-,+,DEI 10K,HIV+ART>1Yr,0.02,0.5
BLOOD,Spike P,8,-,-,-,+,DEI 10L,HIV-,0.001,0.0417
BLOOD,Spike P,8,-,-,-,+,DEI 10M,HIV-,0.02,0.5556
BLOOD,Spike P,8,-,-,-,+,DEI 10N,HIV+ART>1Yr,0.04,0.3571
BLOOD,Spike P,8,-,-,-,+,DEI 10P,HIV+ART>1Yr,0.02,0.3774
BLOOD,Spike P,8,-,-,-,+,DEI 10Q,HIV-,0.001,0.0625
BLOOD,Spike P,8,-,-,-,+,DEI 10R,HIV+ART>1Yr,0.001,0.0769
BLOOD,Spike P,8,-,-,-,+,DEI 10S,HIV-,0.001,0.0714
BLOOD,Spike P,8,-,-,-,+,DEI 10T,HIV-,0.001,0.0455
BLOOD,Spike P,8,-,-,-,+,DEI 10U,HIV-,0.001,0.0833
BLOOD,Spike P,8,-,-,-,+,DEI 10V,HIV-,0.02,0.4
BLOOD,Spike P,8,-,-,-,+,DEI 10W,HIV-,0.001,0.0556
BLOOD,Spike P,8,-,-,-,+,DEI 10X,HIV-,0.001,0.0833
BLOOD,Spike P,8,-,-,-,+,DEI 10Y,HIV-,0.001,0.0833
BLOOD,Spike P,8,-,-,-,+,DEI 10Z,HIV+ART>1Yr,0.001,0.0769
BLOOD,Spike P,8,-,-,-,+,DEI 110,HIV-,0.01,0.2439
BLOOD,Spike P,8,-,-,-,+,DEI 111,HIV+ART>1Yr,0.03,0.6977
BLOOD,Spike P,8,-,-,-,+,DEI 112,HIV+ART>1Yr,0.05,0.5495
BLOOD,Spike P,8,-,-,-,+,DEI 113,HIV-,0.04,0.7843
BLOOD,Spike P,8,-,-,-,+,DEI 114,HIV+ART>1Yr,0.01,0.2703
BLOOD,Spike P,8,-,-,-,+,DEI 115,HIV+ART>1Yr,0.001,0.0435
BLOOD,Spike P,8,-,-,-,+,DEI 117,HIV+ART>1Yr,0.001,0.0833
BLOOD,Spike P,8,-,-,-,+,DEI 118,HIV+ART>1Yr,0.02,0.4878
BLOOD,Spike P,8,-,-,-,+,DEI 119,HIV+ART>1Yr,0.001,0.0323
BLOOD,Spike P,8,-,-,-,+,DEI 11A,HIV+ART>1Yr,0.001,0.0769
BLOOD,Spike P,8,-,-,-,+,DEI 11B,HIV-,0.01,0.2174
BLOOD,Spike P,8,-,-,-,+,DEI 11C,HIV+ART>1Yr,0.12,0.6452
BLOOD,Spike P,8,-,-,-,+,DEI 11D,HIV+ART>1Yr,0.001,0.0476
BLOOD,Spike P,8,-,-,-,+,DEI 11E,HIV+ART>1Yr,0.001,0.0714
BLOOD,Spike P,8,-,-,-,+,DEI 11F,HIV+ART>1Yr,0.02,0.3125
BLOOD,Spike P,8,-,-,-,+,DEI 11G,HIV+ART>1Yr,0.001,0.0476
BLOOD,Spike P,8,-,-,-,+,DEI 11H,HIV-,0.01,0.2041
BLOOD,Spike P,8,-,-,-,+,DEI 11I,HIV+ART>1Yr,0.19,0.5163
BLOOD,Spike P,8,-,-,-,+,DEI 11J,HIV+ART>1Yr,0.001,0.0625
BLOOD,Spike P,8,-,-,-,+,DEI 11K,HIV-,0.001,0.0833
BLOOD,Spike P,8,-,-,-,+,DEI 11M,HIV+ART>1Yr,0.11,0.9091
BLOOD,Spike P,8,-,-,-,+,DEI 11N,HIV-,0.22,0.6687
BLOOD,Spike P,8,-,-,-,+,DEI 11P,HIV+ART>1Yr,0.05,0.3521
BLOOD,Spike P,8,-,-,-,+,DEI 11Q,HIV-,0.001,0.02
BLOOD,Spike P,8,-,-,-,+,DEI 11R,HIV+ART>1Yr,0.001,0.0833
BLOOD,Spike P,8,-,-,-,+,DEI 11U,HIV-,0.01,0.4348
BLOOD,Spike P,8,-,-,-,+,DEI 11V,HIV-,0.01,0.4762
BLOOD,Spike P,8,-,-,-,+,DEI 11Y,HIV-,0.001,0.0014
BLOOD,Spike P,8,-,-,-,+,DEI 11Z,HIV-,0.001,0.0833
BLOOD,Spike P,8,-,-,-,+,DEI 13V,HIV-,0.001,0.0476
BLOOD,Spike P,8,-,-,-,+,DEI 13W,HIV-,0.01,0.4762
BLOOD,Spike P,8,-,-,-,+,DEI 141,HIV-,0.25,0.5952
BLOOD,Spike P,8,-,-,-,+,DEI 143,HIV-,1.16,0.6237
BLOOD,NP,4,+,+,+,+,DEI 107,HIV-,0.001,0.0244
BLOOD,NP,4,+,+,+,+,DEI 108,HIV-,0.001,0.0116
BLOOD,NP,4,+,+,+,+,DEI 109,HIV-,0.001,0.0006
BLOOD,NP,4,+,+,+,+,DEI 10A,HIV-,0.001,0.0208
BLOOD,NP,4,+,+,+,+,DEI 10B,HIV-,0.001,0.0115
BLOOD,NP,4,+,+,+,+,DEI 10C,HIV-,0.001,0.0053
BLOOD,NP,4,+,+,+,+,DEI 10D,HIV-,0.003,0.0151
BLOOD,NP,4,+,+,+,+,DEI 10E,HIV-,0.001,0.0108
BLOOD,NP,4,+,+,+,+,DEI 10F,HIV-,0.002,0.0046
BLOOD,NP,4,+,+,+,+,DEI 10G,HIV-,0.004,0.1
BLOOD,NP,4,+,+,+,+,DEI 10H,HIV-,0.001,0.0169
BLOOD,NP,4,+,+,+,+,DEI 10I,HIV-,0.001,0.0217
BLOOD,NP,4,+,+,+,+,DEI 10J,HIV+ART>1Yr,0.001,0.0714
BLOOD,NP,4,+,+,+,+,DEI 10K,HIV+ART>1Yr,0.001,0.0238
BLOOD,NP,4,+,+,+,+,DEI 10L,HIV-,0.001,0.0196
BLOOD,NP,4,+,+,+,+,DEI 10M,HIV-,0.001,0.0141
BLOOD,NP,4,+,+,+,+,DEI 10N,HIV+ART>1Yr,0.001,0.0159
BLOOD,NP,4,+,+,+,+,DEI 10P,HIV+ART>1Yr,0.003,0.0048
BLOOD,NP,4,+,+,+,+,DEI 10Q,HIV-,0.001,0.0238
BLOOD,NP,4,+,+,+,+,DEI 10R,HIV+ART>1Yr,0.001,0.0833
BLOOD,NP,4,+,+,+,+,DEI 10S,HIV-,0.001,0.0058
BLOOD,NP,4,+,+,+,+,DEI 10T,HIV-,0.001,0.0667
BLOOD,NP,4,+,+,+,+,DEI 10U,HIV-,0.001,0.0714
BLOOD,NP,4,+,+,+,+,DEI 10V,HIV-,0.001,0.0286
BLOOD,NP,4,+,+,+,+,DEI 10W,HIV-,0.001,0.0833
BLOOD,NP,4,+,+,+,+,DEI 10X,HIV-,0.001,0.0769
BLOOD,NP,4,+,+,+,+,DEI 10Y,HIV-,0.001,0.0455
BLOOD,NP,4,+,+,+,+,DEI 10Z,HIV+ART>1Yr,0.001,0.0625
BLOOD,NP,4,+,+,+,+,DEI 110,HIV-,0.001,0.0323
BLOOD,NP,4,+,+,+,+,DEI 111,HIV+ART>1Yr,0.001,0.0357
BLOOD,NP,4,+,+,+,+,DEI 112,HIV+ART>1Yr,0.001,0.0164
BLOOD,NP,4,+,+,+,+,DEI 113,HIV-,0.001,0.04
BLOOD,NP,4,+,+,+,+,DEI 114,HIV+ART>1Yr,0.001,0.0294
BLOOD,NP,4,+,+,+,+,DEI 115,HIV+ART>1Yr,0.001,0.0294
BLOOD,NP,4,+,+,+,+,DEI 117,HIV+ART>1Yr,0.001,0.02
BLOOD,NP,4,+,+,+,+,DEI 118,HIV+ART>1Yr,0.001,0.0045
BLOOD,NP,4,+,+,+,+,DEI 119,HIV+ART>1Yr,0.001,0.0023
BLOOD,NP,4,+,+,+,+,DEI 11A,HIV+ART>1Yr,0.001,0.0059
BLOOD,NP,4,+,+,+,+,DEI 11B,HIV-,0.001,0.0476
BLOOD,NP,4,+,+,+,+,DEI 11C,HIV+ART>1Yr,0.001,0.0385
BLOOD,NP,4,+,+,+,+,DEI 11D,HIV+ART>1Yr,0.002,0.0074
BLOOD,NP,4,+,+,+,+,DEI 11E,HIV+ART>1Yr,0.001,0.0085
BLOOD,NP,4,+,+,+,+,DEI 11F,HIV+ART>1Yr,0.001,0.0476
BLOOD,NP,4,+,+,+,+,DEI 11G,HIV+ART>1Yr,0.002,0.0952
BLOOD,NP,4,+,+,+,+,DEI 11H,HIV-,0.001,0.0098
BLOOD,NP,4,+,+,+,+,DEI 11I,HIV+ART>1Yr,0.001,0.0303
BLOOD,NP,4,+,+,+,+,DEI 11J,HIV+ART>1Yr,0.001,0.0161
BLOOD,NP,4,+,+,+,+,DEI 11K,HIV-,0.001,0.0217
BLOOD,NP,4,+,+,+,+,DEI 11M,HIV+ART>1Yr,0.001,0.0833
BLOOD,NP,4,+,+,+,+,DEI 11N,HIV-,0.001,0.0048
BLOOD,NP,4,+,+,+,+,DEI 11P,HIV+ART>1Yr,0.001,0.0014
BLOOD,NP,4,+,+,+,+,DEI 11Q,HIV-,0.001,0.0192
BLOOD,NP,4,+,+,+,+,DEI 11R,HIV+ART>1Yr,0.001,0.0333
BLOOD,NP,4,+,+,+,+,DEI 11U,HIV-,0.001,0.04
BLOOD,NP,4,+,+,+,+,DEI 11V,HIV-,0.001,0.0455
BLOOD,NP,4,+,+,+,+,DEI 11Y,HIV-,0.001,0.0345
BLOOD,NP,4,+,+,+,+,DEI 11Z,HIV-,0.001,0.0625
BLOOD,NP,4,+,+,+,+,DEI 13V,HIV-,0.001,0.0588
BLOOD,NP,4,+,+,+,+,DEI 13W,HIV-,0.001,0.0141
BLOOD,NP,4,+,+,+,+,DEI 141,HIV-,0.001,0.0217
BLOOD,NP,4,+,+,+,+,DEI 143,HIV-,0.002,0.0041
BLOOD,NP,4,+,+,+,-,DEI 107,HIV-,0.001,0.0244
BLOOD,NP,4,+,+,+,-,DEI 108,HIV-,0.003,0.0349
BLOOD,NP,4,+,+,+,-,DEI 109,HIV-,0.001,0.0006
BLOOD,NP,4,+,+,+,-,DEI 10A,HIV-,0.001,0.0208
BLOOD,NP,4,+,+,+,-,DEI 10B,HIV-,0.001,0.0115
BLOOD,NP,4,+,+,+,-,DEI 10C,HIV-,0.001,0.0053
BLOOD,NP,4,+,+,+,-,DEI 10D,HIV-,0.006,0.0302
BLOOD,NP,4,+,+,+,-,DEI 10E,HIV-,0.001,0.0108
BLOOD,NP,4,+,+,+,-,DEI 10F,HIV-,0.01,0.023
BLOOD,NP,4,+,+,+,-,DEI 10G,HIV-,0.001,0.025
BLOOD,NP,4,+,+,+,-,DEI 10H,HIV-,0.001,0.0169
BLOOD,NP,4,+,+,+,-,DEI 10I,HIV-,0.001,0.0217
BLOOD,NP,4,+,+,+,-,DEI 10J,HIV+ART>1Yr,0.001,0.0714
BLOOD,NP,4,+,+,+,-,DEI 10K,HIV+ART>1Yr,0.001,0.0238
BLOOD,NP,4,+,+,+,-,DEI 10L,HIV-,0.001,0.0196
BLOOD,NP,4,+,+,+,-,DEI 10M,HIV-,0.001,0.0141
BLOOD,NP,4,+,+,+,-,DEI 10N,HIV+ART>1Yr,0.001,0.0159
BLOOD,NP,4,+,+,+,-,DEI 10P,HIV+ART>1Yr,0.004,0.0065
BLOOD,NP,4,+,+,+,-,DEI 10Q,HIV-,0.001,0.0238
BLOOD,NP,4,+,+,+,-,DEI 10R,HIV+ART>1Yr,0.001,0.0833
BLOOD,NP,4,+,+,+,-,DEI 10S,HIV-,0.004,0.0231
BLOOD,NP,4,+,+,+,-,DEI 10T,HIV-,0.002,0.1333
BLOOD,NP,4,+,+,+,-,DEI 10U,HIV-,0.001,0.0714
BLOOD,NP,4,+,+,+,-,DEI 10V,HIV-,0.002,0.0571
BLOOD,NP,4,+,+,+,-,DEI 10W,HIV-,0.001,0.0833
BLOOD,NP,4,+,+,+,-,DEI 10X,HIV-,0.001,0.0769
BLOOD,NP,4,+,+,+,-,DEI 10Y,HIV-,0.001,0.0455
BLOOD,NP,4,+,+,+,-,DEI 10Z,HIV+ART>1Yr,0.001,0.0625
BLOOD,NP,4,+,+,+,-,DEI 110,HIV-,0.001,0.0323
BLOOD,NP,4,+,+,+,-,DEI 111,HIV+ART>1Yr,0.001,0.0357
BLOOD,NP,4,+,+,+,-,DEI 112,HIV+ART>1Yr,0.001,0.0164
BLOOD,NP,4,+,+,+,-,DEI 113,HIV-,0.001,0.04
BLOOD,NP,4,+,+,+,-,DEI 114,HIV+ART>1Yr,0.001,0.0294
BLOOD,NP,4,+,+,+,-,DEI 115,HIV+ART>1Yr,0.001,0.0294
BLOOD,NP,4,+,+,+,-,DEI 117,HIV+ART>1Yr,0.001,0.02
BLOOD,NP,4,+,+,+,-,DEI 118,HIV+ART>1Yr,0.001,0.0045
BLOOD,NP,4,+,+,+,-,DEI 119,HIV+ART>1Yr,0.001,0.0023
BLOOD,NP,4,+,+,+,-,DEI 11A,HIV+ART>1Yr,0.001,0.0059
BLOOD,NP,4,+,+,+,-,DEI 11B,HIV-,0.002,0.0952
BLOOD,NP,4,+,+,+,-,DEI 11C,HIV+ART>1Yr,0.001,0.0385
BLOOD,NP,4,+,+,+,-,DEI 11D,HIV+ART>1Yr,0.005,0.0184
BLOOD,NP,4,+,+,+,-,DEI 11E,HIV+ART>1Yr,0.001,0.0085
BLOOD,NP,4,+,+,+,-,DEI 11F,HIV+ART>1Yr,0.001,0.0476
BLOOD,NP,4,+,+,+,-,DEI 11G,HIV+ART>1Yr,0.004,0.1905
BLOOD,NP,4,+,+,+,-,DEI 11H,HIV-,0.001,0.0098
BLOOD,NP,4,+,+,+,-,DEI 11I,HIV+ART>1Yr,0.001,0.0303
BLOOD,NP,4,+,+,+,-,DEI 11J,HIV+ART>1Yr,0.002,0.0323
BLOOD,NP,4,+,+,+,-,DEI 11K,HIV-,0.001,0.0217
BLOOD,NP,4,+,+,+,-,DEI 11M,HIV+ART>1Yr,0.001,0.0833
BLOOD,NP,4,+,+,+,-,DEI 11N,HIV-,0.001,0.0048
BLOOD,NP,4,+,+,+,-,DEI 11P,HIV+ART>1Yr,0.004,0.0057
BLOOD,NP,4,+,+,+,-,DEI 11Q,HIV-,0.001,0.0192
BLOOD,NP,4,+,+,+,-,DEI 11R,HIV+ART>1Yr,0.001,0.0333
BLOOD,NP,4,+,+,+,-,DEI 11U,HIV-,0.001,0.04
BLOOD,NP,4,+,+,+,-,DEI 11V,HIV-,0.001,0.0455
BLOOD,NP,4,+,+,+,-,DEI 11Y,HIV-,0.001,0.0345
BLOOD,NP,4,+,+,+,-,DEI 11Z,HIV-,0.001,0.0625
BLOOD,NP,4,+,+,+,-,DEI 13V,HIV-,0.001,0.0588
BLOOD,NP,4,+,+,+,-,DEI 13W,HIV-,0.001,0.0141
BLOOD,NP,4,+,+,+,-,DEI 141,HIV-,0.001,0.0217
BLOOD,NP,4,+,+,+,-,DEI 143,HIV-,0.001,0.002
BLOOD,NP,4,+,+,-,+,DEI 107,HIV-,0.001,0.0244
BLOOD,NP,4,+,+,-,+,DEI 108,HIV-,0.001,0.0116
BLOOD,NP,4,+,+,-,+,DEI 109,HIV-,0.02,0.0122
BLOOD,NP,4,+,+,-,+,DEI 10A,HIV-,0.001,0.0208
BLOOD,NP,4,+,+,-,+,DEI 10B,HIV-,0.001,0.0115
BLOOD,NP,4,+,+,-,+,DEI 10C,HIV-,0.001,0.0053
BLOOD,NP,4,+,+,-,+,DEI 10D,HIV-,0.001,0.005
BLOOD,NP,4,+,+,-,+,DEI 10E,HIV-,0.001,0.0108
BLOOD,NP,4,+,+,-,+,DEI 10F,HIV-,0.04,0.092
BLOOD,NP,4,+,+,-,+,DEI 10G,HIV-,0.002,0.05
BLOOD,NP,4,+,+,-,+,DEI 10H,HIV-,0.001,0.0169
BLOOD,NP,4,+,+,-,+,DEI 10I,HIV-,0.001,0.0217
BLOOD,NP,4,+,+,-,+,DEI 10J,HIV+ART>1Yr,0.001,0.0714
BLOOD,NP,4,+,+,-,+,DEI 10K,HIV+ART>1Yr,0.001,0.0238
BLOOD,NP,4,+,+,-,+,DEI 10L,HIV-,0.001,0.0196
BLOOD,NP,4,+,+,-,+,DEI 10M,HIV-,0.001,0.0141
BLOOD,NP,4,+,+,-,+,DEI 10N,HIV+ART>1Yr,0.001,0.0159
BLOOD,NP,4,+,+,-,+,DEI 10P,HIV+ART>1Yr,0.004,0.0065
BLOOD,NP,4,+,+,-,+,DEI 10Q,HIV-,0.001,0.0238
BLOOD,NP,4,+,+,-,+,DEI 10R,HIV+ART>1Yr,0.001,0.0833
BLOOD,NP,4,+,+,-,+,DEI 10S,HIV-,0.002,0.0116
BLOOD,NP,4,+,+,-,+,DEI 10T,HIV-,0.001,0.0667
BLOOD,NP,4,+,+,-,+,DEI 10U,HIV-,0.001,0.0714
BLOOD,NP,4,+,+,-,+,DEI 10V,HIV-,0.003,0.0857
BLOOD,NP,4,+,+,-,+,DEI 10W,HIV-,0.001,0.0833
BLOOD,NP,4,+,+,-,+,DEI 10X,HIV-,0.001,0.0769
BLOOD,NP,4,+,+,-,+,DEI 10Y,HIV-,0.001,0.0455
BLOOD,NP,4,+,+,-,+,DEI 10Z,HIV+ART>1Yr,0.001,0.0625
BLOOD,NP,4,+,+,-,+,DEI 110,HIV-,0.001,0.0323
BLOOD,NP,4,+,+,-,+,DEI 111,HIV+ART>1Yr,0.001,0.0357
BLOOD,NP,4,+,+,-,+,DEI 112,HIV+ART>1Yr,0.001,0.0164
BLOOD,NP,4,+,+,-,+,DEI 113,HIV-,0.001,0.04
BLOOD,NP,4,+,+,-,+,DEI 114,HIV+ART>1Yr,0.001,0.0294
BLOOD,NP,4,+,+,-,+,DEI 115,HIV+ART>1Yr,0.001,0.0294
BLOOD,NP,4,+,+,-,+,DEI 117,HIV+ART>1Yr,0.001,0.02
BLOOD,NP,4,+,+,-,+,DEI 118,HIV+ART>1Yr,0.001,0.0045
BLOOD,NP,4,+,+,-,+,DEI 119,HIV+ART>1Yr,0.009,0.0209
BLOOD,NP,4,+,+,-,+,DEI 11A,HIV+ART>1Yr,0.001,0.0059
BLOOD,NP,4,+,+,-,+,DEI 11B,HIV-,0.001,0.0476
BLOOD,NP,4,+,+,-,+,DEI 11C,HIV+ART>1Yr,0.001,0.0385
BLOOD,NP,4,+,+,-,+,DEI 11D,HIV+ART>1Yr,0.002,0.0074
BLOOD,NP,4,+,+,-,+,DEI 11E,HIV+ART>1Yr,0.005,0.0427
BLOOD,NP,4,+,+,-,+,DEI 11F,HIV+ART>1Yr,0.001,0.0476
BLOOD,NP,4,+,+,-,+,DEI 11G,HIV+ART>1Yr,0.002,0.0952
BLOOD,NP,4,+,+,-,+,DEI 11H,HIV-,0.001,0.0098
BLOOD,NP,4,+,+,-,+,DEI 11I,HIV+ART>1Yr,0.001,0.0303
BLOOD,NP,4,+,+,-,+,DEI 11J,HIV+ART>1Yr,0.01,0.1613
BLOOD,NP,4,+,+,-,+,DEI 11K,HIV-,0.002,0.0435
BLOOD,NP,4,+,+,-,+,DEI 11M,HIV+ART>1Yr,0.001,0.0833
BLOOD,NP,4,+,+,-,+,DEI 11N,HIV-,0.001,0.0048
BLOOD,NP,4,+,+,-,+,DEI 11P,HIV+ART>1Yr,0.001,0.0014
BLOOD,NP,4,+,+,-,+,DEI 11Q,HIV-,0.001,0.0192
BLOOD,NP,4,+,+,-,+,DEI 11R,HIV+ART>1Yr,0.001,0.0333
BLOOD,NP,4,+,+,-,+,DEI 11U,HIV-,0.001,0.04
BLOOD,NP,4,+,+,-,+,DEI 11V,HIV-,0.001,0.0455
BLOOD,NP,4,+,+,-,+,DEI 11Y,HIV-,0.001,0.0345
BLOOD,NP,4,+,+,-,+,DEI 11Z,HIV-,0.001,0.0625
BLOOD,NP,4,+,+,-,+,DEI 13V,HIV-,0.001,0.0588
BLOOD,NP,4,+,+,-,+,DEI 13W,HIV-,0.001,0.0141
BLOOD,NP,4,+,+,-,+,DEI 141,HIV-,0.001,0.0217
BLOOD,NP,4,+,+,-,+,DEI 143,HIV-,0.02,0.0407
BLOOD,NP,4,+,-,+,+,DEI 107,HIV-,0.001,0.0244
BLOOD,NP,4,+,-,+,+,DEI 108,HIV-,0.001,0.0116
BLOOD,NP,4,+,-,+,+,DEI 109,HIV-,0.02,0.0122
BLOOD,NP,4,+,-,+,+,DEI 10A,HIV-,0.001,0.0208
BLOOD,NP,4,+,-,+,+,DEI 10B,HIV-,0.001,0.0115
BLOOD,NP,4,+,-,+,+,DEI 10C,HIV-,0.001,0.0053
BLOOD,NP,4,+,-,+,+,DEI 10D,HIV-,0.004,0.0201
BLOOD,NP,4,+,-,+,+,DEI 10E,HIV-,0.004,0.043
BLOOD,NP,4,+,-,+,+,DEI 10F,HIV-,0.004,0.0092
BLOOD,NP,4,+,-,+,+,DEI 10G,HIV-,0.001,0.025
BLOOD,NP,4,+,-,+,+,DEI 10H,HIV-,0.001,0.0169
BLOOD,NP,4,+,-,+,+,DEI 10I,HIV-,0.001,0.0217
BLOOD,NP,4,+,-,+,+,DEI 10J,HIV+ART>1Yr,0.003,0.2143
BLOOD,NP,4,+,-,+,+,DEI 10K,HIV+ART>1Yr,0.001,0.0238
BLOOD,NP,4,+,-,+,+,DEI 10L,HIV-,0.001,0.0196
BLOOD,NP,4,+,-,+,+,DEI 10M,HIV-,0.001,0.0141
BLOOD,NP,4,+,-,+,+,DEI 10N,HIV+ART>1Yr,0.001,0.0159
BLOOD,NP,4,+,-,+,+,DEI 10P,HIV+ART>1Yr,0.02,0.0323
BLOOD,NP,4,+,-,+,+,DEI 10Q,HIV-,0.003,0.0714
BLOOD,NP,4,+,-,+,+,DEI 10R,HIV+ART>1Yr,0.001,0.0833
BLOOD,NP,4,+,-,+,+,DEI 10S,HIV-,0.003,0.0173
BLOOD,NP,4,+,-,+,+,DEI 10T,HIV-,0.001,0.0667
BLOOD,NP,4,+,-,+,+,DEI 10U,HIV-,0.001,0.0714
BLOOD,NP,4,+,-,+,+,DEI 10V,HIV-,0.001,0.0286
BLOOD,NP,4,+,-,+,+,DEI 10W,HIV-,0.001,0.0833
BLOOD,NP,4,+,-,+,+,DEI 10X,HIV-,0.001,0.0769
BLOOD,NP,4,+,-,+,+,DEI 10Y,HIV-,0.001,0.0455
BLOOD,NP,4,+,-,+,+,DEI 10Z,HIV+ART>1Yr,0.001,0.0625
BLOOD,NP,4,+,-,+,+,DEI 110,HIV-,0.001,0.0323
BLOOD,NP,4,+,-,+,+,DEI 111,HIV+ART>1Yr,0.002,0.0714
BLOOD,NP,4,+,-,+,+,DEI 112,HIV+ART>1Yr,0.001,0.0164
BLOOD,NP,4,+,-,+,+,DEI 113,HIV-,0.001,0.04
BLOOD,NP,4,+,-,+,+,DEI 114,HIV+ART>1Yr,0.001,0.0294
BLOOD,NP,4,+,-,+,+,DEI 115,HIV+ART>1Yr,0.001,0.0294
BLOOD,NP,4,+,-,+,+,DEI 117,HIV+ART>1Yr,0.001,0.02
BLOOD,NP,4,+,-,+,+,DEI 118,HIV+ART>1Yr,0.008,0.0362
BLOOD,NP,4,+,-,+,+,DEI 119,HIV+ART>1Yr,0.03,0.0696
BLOOD,NP,4,+,-,+,+,DEI 11A,HIV+ART>1Yr,0.001,0.0059
BLOOD,NP,4,+,-,+,+,DEI 11B,HIV-,0.001,0.0476
BLOOD,NP,4,+,-,+,+,DEI 11C,HIV+ART>1Yr,0.005,0.1923
BLOOD,NP,4,+,-,+,+,DEI 11D,HIV+ART>1Yr,0.001,0.0037
BLOOD,NP,4,+,-,+,+,DEI 11E,HIV+ART>1Yr,0.001,0.0085
BLOOD,NP,4,+,-,+,+,DEI 11F,HIV+ART>1Yr,0.001,0.0476
BLOOD,NP,4,+,-,+,+,DEI 11G,HIV+ART>1Yr,0.002,0.0952
BLOOD,NP,4,+,-,+,+,DEI 11H,HIV-,0.001,0.0098
BLOOD,NP,4,+,-,+,+,DEI 11I,HIV+ART>1Yr,0.003,0.0909
BLOOD,NP,4,+,-,+,+,DEI 11J,HIV+ART>1Yr,0.001,0.0161
BLOOD,NP,4,+,-,+,+,DEI 11K,HIV-,0.002,0.0435
BLOOD,NP,4,+,-,+,+,DEI 11M,HIV+ART>1Yr,0.001,0.0833
BLOOD,NP,4,+,-,+,+,DEI 11N,HIV-,0.001,0.0048
BLOOD,NP,4,+,-,+,+,DEI 11P,HIV+ART>1Yr,0.001,0.0014
BLOOD,NP,4,+,-,+,+,DEI 11Q,HIV-,0.004,0.0769
BLOOD,NP,4,+,-,+,+,DEI 11R,HIV+ART>1Yr,0.001,0.0333
BLOOD,NP,4,+,-,+,+,DEI 11U,HIV-,0.001,0.04
BLOOD,NP,4,+,-,+,+,DEI 11V,HIV-,0.001,0.0455
BLOOD,NP,4,+,-,+,+,DEI 11Y,HIV-,0.001,0.0345
BLOOD,NP,4,+,-,+,+,DEI 11Z,HIV-,0.001,0.0625
BLOOD,NP,4,+,-,+,+,DEI 13V,HIV-,0.001,0.0588
BLOOD,NP,4,+,-,+,+,DEI 13W,HIV-,0.001,0.0141
BLOOD,NP,4,+,-,+,+,DEI 141,HIV-,0.001,0.0217
BLOOD,NP,4,+,-,+,+,DEI 143,HIV-,0.002,0.0041
BLOOD,NP,4,+,-,+,-,DEI 107,HIV-,0.001,0.0244
BLOOD,NP,4,+,-,+,-,DEI 108,HIV-,0.01,0.1163
BLOOD,NP,4,+,-,+,-,DEI 109,HIV-,1.1,0.6695
BLOOD,NP,4,+,-,+,-,DEI 10A,HIV-,0.026,0.5417
BLOOD,NP,4,+,-,+,-,DEI 10B,HIV-,0.03,0.3448
BLOOD,NP,4,+,-,+,-,DEI 10C,HIV-,0.16,0.8556
BLOOD,NP,4,+,-,+,-,DEI 10D,HIV-,0.1,0.5025
BLOOD,NP,4,+,-,+,-,DEI 10E,HIV-,0.021,0.2258
BLOOD,NP,4,+,-,+,-,DEI 10F,HIV-,0.02,0.046
BLOOD,NP,4,+,-,+,-,DEI 10G,HIV-,0.002,0.05
BLOOD,NP,4,+,-,+,-,DEI 10H,HIV-,0.001,0.0169
BLOOD,NP,4,+,-,+,-,DEI 10I,HIV-,0.001,0.0217
BLOOD,NP,4,+,-,+,-,DEI 10J,HIV+ART>1Yr,0.001,0.0714
BLOOD,NP,4,+,-,+,-,DEI 10K,HIV+ART>1Yr,0.001,0.0238
BLOOD,NP,4,+,-,+,-,DEI 10L,HIV-,0.001,0.0196
BLOOD,NP,4,+,-,+,-,DEI 10M,HIV-,0.002,0.0282
BLOOD,NP,4,+,-,+,-,DEI 10N,HIV+ART>1Yr,0.001,0.0159
BLOOD,NP,4,+,-,+,-,DEI 10P,HIV+ART>1Yr,0.003,0.0048
BLOOD,NP,4,+,-,+,-,DEI 10Q,HIV-,0.002,0.0476
BLOOD,NP,4,+,-,+,-,DEI 10R,HIV+ART>1Yr,0.001,0.0833
BLOOD,NP,4,+,-,+,-,DEI 10S,HIV-,0.004,0.0231
BLOOD,NP,4,+,-,+,-,DEI 10T,HIV-,0.003,0.2
BLOOD,NP,4,+,-,+,-,DEI 10U,HIV-,0.001,0.0714
BLOOD,NP,4,+,-,+,-,DEI 10V,HIV-,0.001,0.0286
BLOOD,NP,4,+,-,+,-,DEI 10W,HIV-,0.001,0.0833
BLOOD,NP,4,+,-,+,-,DEI 10X,HIV-,0.001,0.0769
BLOOD,NP,4,+,-,+,-,DEI 10Y,HIV-,0.001,0.0455
BLOOD,NP,4,+,-,+,-,DEI 10Z,HIV+ART>1Yr,0.001,0.0625
BLOOD,NP,4,+,-,+,-,DEI 110,HIV-,0.001,0.0323
BLOOD,NP,4,+,-,+,-,DEI 111,HIV+ART>1Yr,0.003,0.1071
BLOOD,NP,4,+,-,+,-,DEI 112,HIV+ART>1Yr,0.003,0.0492
BLOOD,NP,4,+,-,+,-,DEI 113,HIV-,0.001,0.04
BLOOD,NP,4,+,-,+,-,DEI 114,HIV+ART>1Yr,0.001,0.0294
BLOOD,NP,4,+,-,+,-,DEI 115,HIV+ART>1Yr,0.001,0.0294
BLOOD,NP,4,+,-,+,-,DEI 117,HIV+ART>1Yr,0.001,0.02
BLOOD,NP,4,+,-,+,-,DEI 118,HIV+ART>1Yr,0.003,0.0136
BLOOD,NP,4,+,-,+,-,DEI 119,HIV+ART>1Yr,0.01,0.0232
BLOOD,NP,4,+,-,+,-,DEI 11A,HIV+ART>1Yr,0.001,0.0059
BLOOD,NP,4,+,-,+,-,DEI 11B,HIV-,0.001,0.0476
BLOOD,NP,4,+,-,+,-,DEI 11C,HIV+ART>1Yr,0.002,0.0769
BLOOD,NP,4,+,-,+,-,DEI 11D,HIV+ART>1Yr,0.001,0.0037
BLOOD,NP,4,+,-,+,-,DEI 11E,HIV+ART>1Yr,0.003,0.0256
BLOOD,NP,4,+,-,+,-,DEI 11F,HIV+ART>1Yr,0.001,0.0476
BLOOD,NP,4,+,-,+,-,DEI 11G,HIV+ART>1Yr,0.001,0.0476
BLOOD,NP,4,+,-,+,-,DEI 11H,HIV-,0.001,0.0098
BLOOD,NP,4,+,-,+,-,DEI 11I,HIV+ART>1Yr,0.006,0.1818
BLOOD,NP,4,+,-,+,-,DEI 11J,HIV+ART>1Yr,0.001,0.0161
BLOOD,NP,4,+,-,+,-,DEI 11K,HIV-,0.001,0.0217
BLOOD,NP,4,+,-,+,-,DEI 11M,HIV+ART>1Yr,0.001,0.0833
BLOOD,NP,4,+,-,+,-,DEI 11N,HIV-,0.001,0.0048
BLOOD,NP,4,+,-,+,-,DEI 11P,HIV+ART>1Yr,0.02,0.0285
BLOOD,NP,4,+,-,+,-,DEI 11Q,HIV-,0.001,0.0192
BLOOD,NP,4,+,-,+,-,DEI 11R,HIV+ART>1Yr,0.003,0.1
BLOOD,NP,4,+,-,+,-,DEI 11U,HIV-,0.001,0.04
BLOOD,NP,4,+,-,+,-,DEI 11V,HIV-,0.001,0.0455
BLOOD,NP,4,+,-,+,-,DEI 11Y,HIV-,0.001,0.0345
BLOOD,NP,4,+,-,+,-,DEI 11Z,HIV-,0.001,0.0625
BLOOD,NP,4,+,-,+,-,DEI 13V,HIV-,0.001,0.0588
BLOOD,NP,4,+,-,+,-,DEI 13W,HIV-,0.001,0.0141
BLOOD,NP,4,+,-,+,-,DEI 141,HIV-,0.001,0.0217
BLOOD,NP,4,+,-,+,-,DEI 143,HIV-,0.002,0.0041
BLOOD,NP,4,+,-,-,+,DEI 107,HIV-,0.001,0.0244
BLOOD,NP,4,+,-,-,+,DEI 108,HIV-,0.001,0.0116
BLOOD,NP,4,+,-,-,+,DEI 109,HIV-,0.001,0.0006
BLOOD,NP,4,+,-,-,+,DEI 10A,HIV-,0.001,0.0208
BLOOD,NP,4,+,-,-,+,DEI 10B,HIV-,0.001,0.0115
BLOOD,NP,4,+,-,-,+,DEI 10C,HIV-,0.001,0.0053
BLOOD,NP,4,+,-,-,+,DEI 10D,HIV-,0.008,0.0402
BLOOD,NP,4,+,-,-,+,DEI 10E,HIV-,0.01,0.1075
BLOOD,NP,4,+,-,-,+,DEI 10F,HIV-,0.01,0.023
BLOOD,NP,4,+,-,-,+,DEI 10G,HIV-,0.001,0.025
BLOOD,NP,4,+,-,-,+,DEI 10H,HIV-,0.001,0.0169
BLOOD,NP,4,+,-,-,+,DEI 10I,HIV-,0.001,0.0217
BLOOD,NP,4,+,-,-,+,DEI 10J,HIV+ART>1Yr,0.001,0.0714
BLOOD,NP,4,+,-,-,+,DEI 10K,HIV+ART>1Yr,0.002,0.0476
BLOOD,NP,4,+,-,-,+,DEI 10L,HIV-,0.001,0.0196
BLOOD,NP,4,+,-,-,+,DEI 10M,HIV-,0.001,0.0141
BLOOD,NP,4,+,-,-,+,DEI 10N,HIV+ART>1Yr,0.001,0.0159
BLOOD,NP,4,+,-,-,+,DEI 10P,HIV+ART>1Yr,0.01,0.0161
BLOOD,NP,4,+,-,-,+,DEI 10Q,HIV-,0.001,0.0238
BLOOD,NP,4,+,-,-,+,DEI 10R,HIV+ART>1Yr,0.001,0.0833
BLOOD,NP,4,+,-,-,+,DEI 10S,HIV-,0.008,0.0462
BLOOD,NP,4,+,-,-,+,DEI 10T,HIV-,0.001,0.0667
BLOOD,NP,4,+,-,-,+,DEI 10U,HIV-,0.001,0.0714
BLOOD,NP,4,+,-,-,+,DEI 10V,HIV-,0.001,0.0286
BLOOD,NP,4,+,-,-,+,DEI 10W,HIV-,0.001,0.0833
BLOOD,NP,4,+,-,-,+,DEI 10X,HIV-,0.001,0.0769
BLOOD,NP,4,+,-,-,+,DEI 10Y,HIV-,0.001,0.0455
BLOOD,NP,4,+,-,-,+,DEI 10Z,HIV+ART>1Yr,0.001,0.0625
BLOOD,NP,4,+,-,-,+,DEI 110,HIV-,0.001,0.0323
BLOOD,NP,4,+,-,-,+,DEI 111,HIV+ART>1Yr,0.002,0.0714
BLOOD,NP,4,+,-,-,+,DEI 112,HIV+ART>1Yr,0.01,0.1639
BLOOD,NP,4,+,-,-,+,DEI 113,HIV-,0.001,0.04
BLOOD,NP,4,+,-,-,+,DEI 114,HIV+ART>1Yr,0.001,0.0294
BLOOD,NP,4,+,-,-,+,DEI 115,HIV+ART>1Yr,0.001,0.0294
BLOOD,NP,4,+,-,-,+,DEI 117,HIV+ART>1Yr,0.001,0.02
BLOOD,NP,4,+,-,-,+,DEI 118,HIV+ART>1Yr,0.003,0.0136
BLOOD,NP,4,+,-,-,+,DEI 119,HIV+ART>1Yr,0.02,0.0464
BLOOD,NP,4,+,-,-,+,DEI 11A,HIV+ART>1Yr,0.001,0.0059
BLOOD,NP,4,+,-,-,+,DEI 11B,HIV-,0.002,0.0952
BLOOD,NP,4,+,-,-,+,DEI 11C,HIV+ART>1Yr,0.001,0.0385
BLOOD,NP,4,+,-,-,+,DEI 11D,HIV+ART>1Yr,0.01,0.0368
BLOOD,NP,4,+,-,-,+,DEI 11E,HIV+ART>1Yr,0.001,0.0085
BLOOD,NP,4,+,-,-,+,DEI 11F,HIV+ART>1Yr,0.001,0.0476
BLOOD,NP,4,+,-,-,+,DEI 11G,HIV+ART>1Yr,0.001,0.0476
BLOOD,NP,4,+,-,-,+,DEI 11H,HIV-,0.001,0.0098
BLOOD,NP,4,+,-,-,+,DEI 11I,HIV+ART>1Yr,0.001,0.0303
BLOOD,NP,4,+,-,-,+,DEI 11J,HIV+ART>1Yr,0.01,0.1613
BLOOD,NP,4,+,-,-,+,DEI 11K,HIV-,0.002,0.0435
BLOOD,NP,4,+,-,-,+,DEI 11M,HIV+ART>1Yr,0.001,0.0833
BLOOD,NP,4,+,-,-,+,DEI 11N,HIV-,0.07,0.3333
BLOOD,NP,4,+,-,-,+,DEI 11P,HIV+ART>1Yr,0.02,0.0285
BLOOD,NP,4,+,-,-,+,DEI 11Q,HIV-,0.003,0.0577
BLOOD,NP,4,+,-,-,+,DEI 11R,HIV+ART>1Yr,0.002,0.0667
BLOOD,NP,4,+,-,-,+,DEI 11U,HIV-,0.001,0.04
BLOOD,NP,4,+,-,-,+,DEI 11V,HIV-,0.001,0.0455
BLOOD,NP,4,+,-,-,+,DEI 11Y,HIV-,0.001,0.0345
BLOOD,NP,4,+,-,-,+,DEI 11Z,HIV-,0.001,0.0625
BLOOD,NP,4,+,-,-,+,DEI 13V,HIV-,0.001,0.0588
BLOOD,NP,4,+,-,-,+,DEI 13W,HIV-,0.001,0.0141
BLOOD,NP,4,+,-,-,+,DEI 141,HIV-,0.002,0.0435
BLOOD,NP,4,+,-,-,+,DEI 143,HIV-,0.022,0.0447
BLOOD,NP,4,-,+,+,+,DEI 107,HIV-,0.005,0.122
BLOOD,NP,4,-,+,+,+,DEI 108,HIV-,0.001,0.0116
BLOOD,NP,4,-,+,+,+,DEI 109,HIV-,0.02,0.0122
BLOOD,NP,4,-,+,+,+,DEI 10A,HIV-,0.005,0.1042
BLOOD,NP,4,-,+,+,+,DEI 10B,HIV-,0.038,0.4368
BLOOD,NP,4,-,+,+,+,DEI 10C,HIV-,0.009,0.0481
BLOOD,NP,4,-,+,+,+,DEI 10D,HIV-,0.01,0.0503
BLOOD,NP,4,-,+,+,+,DEI 10E,HIV-,0.001,0.0108
BLOOD,NP,4,-,+,+,+,DEI 10F,HIV-,0.009,0.0207
BLOOD,NP,4,-,+,+,+,DEI 10G,HIV-,0.004,0.1
BLOOD,NP,4,-,+,+,+,DEI 10H,HIV-,0.01,0.1695
BLOOD,NP,4,-,+,+,+,DEI 10I,HIV-,0.003,0.0652
BLOOD,NP,4,-,+,+,+,DEI 10J,HIV+ART>1Yr,0.001,0.0714
BLOOD,NP,4,-,+,+,+,DEI 10K,HIV+ART>1Yr,0.001,0.0238
BLOOD,NP,4,-,+,+,+,DEI 10L,HIV-,0.001,0.0196
BLOOD,NP,4,-,+,+,+,DEI 10M,HIV-,0.001,0.0141
BLOOD,NP,4,-,+,+,+,DEI 10N,HIV+ART>1Yr,0.001,0.0159
BLOOD,NP,4,-,+,+,+,DEI 10P,HIV+ART>1Yr,0.001,0.0016
BLOOD,NP,4,-,+,+,+,DEI 10Q,HIV-,0.001,0.0238
BLOOD,NP,4,-,+,+,+,DEI 10R,HIV+ART>1Yr,0.001,0.0833
BLOOD,NP,4,-,+,+,+,DEI 10S,HIV-,0.004,0.0231
BLOOD,NP,4,-,+,+,+,DEI 10T,HIV-,0.001,0.0667
BLOOD,NP,4,-,+,+,+,DEI 10U,HIV-,0.001,0.0714
BLOOD,NP,4,-,+,+,+,DEI 10V,HIV-,0.001,0.0286
BLOOD,NP,4,-,+,+,+,DEI 10W,HIV-,0.001,0.0833
BLOOD,NP,4,-,+,+,+,DEI 10X,HIV-,0.001,0.0769
BLOOD,NP,4,-,+,+,+,DEI 10Y,HIV-,0.001,0.0455
BLOOD,NP,4,-,+,+,+,DEI 10Z,HIV+ART>1Yr,0.004,0.25
BLOOD,NP,4,-,+,+,+,DEI 110,HIV-,0.001,0.0323
BLOOD,NP,4,-,+,+,+,DEI 111,HIV+ART>1Yr,0.001,0.0357
BLOOD,NP,4,-,+,+,+,DEI 112,HIV+ART>1Yr,0.001,0.0164
BLOOD,NP,4,-,+,+,+,DEI 113,HIV-,0.001,0.04
BLOOD,NP,4,-,+,+,+,DEI 114,HIV+ART>1Yr,0.001,0.0294
BLOOD,NP,4,-,+,+,+,DEI 115,HIV+ART>1Yr,0.001,0.0294
BLOOD,NP,4,-,+,+,+,DEI 117,HIV+ART>1Yr,0.001,0.02
BLOOD,NP,4,-,+,+,+,DEI 118,HIV+ART>1Yr,0.001,0.0045
BLOOD,NP,4,-,+,+,+,DEI 119,HIV+ART>1Yr,0.04,0.0928
BLOOD,NP,4,-,+,+,+,DEI 11A,HIV+ART>1Yr,0.001,0.0059
BLOOD,NP,4,-,+,+,+,DEI 11B,HIV-,0.001,0.0476
BLOOD,NP,4,-,+,+,+,DEI 11C,HIV+ART>1Yr,0.001,0.0385
BLOOD,NP,4,-,+,+,+,DEI 11D,HIV+ART>1Yr,0.002,0.0074
BLOOD,NP,4,-,+,+,+,DEI 11E,HIV+ART>1Yr,0.002,0.0171
BLOOD,NP,4,-,+,+,+,DEI 11F,HIV+ART>1Yr,0.001,0.0476
BLOOD,NP,4,-,+,+,+,DEI 11G,HIV+ART>1Yr,0.001,0.0476
BLOOD,NP,4,-,+,+,+,DEI 11H,HIV-,0.003,0.0294
BLOOD,NP,4,-,+,+,+,DEI 11I,HIV+ART>1Yr,0.004,0.1212
BLOOD,NP,4,-,+,+,+,DEI 11J,HIV+ART>1Yr,0.001,0.0161
BLOOD,NP,4,-,+,+,+,DEI 11K,HIV-,0.002,0.0435
BLOOD,NP,4,-,+,+,+,DEI 11M,HIV+ART>1Yr,0.001,0.0833
BLOOD,NP,4,-,+,+,+,DEI 11N,HIV-,0.001,0.0048
BLOOD,NP,4,-,+,+,+,DEI 11P,HIV+ART>1Yr,0.004,0.0057
BLOOD,NP,4,-,+,+,+,DEI 11Q,HIV-,0.001,0.0192
BLOOD,NP,4,-,+,+,+,DEI 11R,HIV+ART>1Yr,0.001,0.0333
BLOOD,NP,4,-,+,+,+,DEI 11U,HIV-,0.001,0.04
BLOOD,NP,4,-,+,+,+,DEI 11V,HIV-,0.001,0.0455
BLOOD,NP,4,-,+,+,+,DEI 11Y,HIV-,0.001,0.0345
BLOOD,NP,4,-,+,+,+,DEI 11Z,HIV-,0.005,0.3125
BLOOD,NP,4,-,+,+,+,DEI 13V,HIV-,0.001,0.0588
BLOOD,NP,4,-,+,+,+,DEI 13W,HIV-,0.001,0.0141
BLOOD,NP,4,-,+,+,+,DEI 141,HIV-,0.001,0.0217
BLOOD,NP,4,-,+,+,+,DEI 143,HIV-,0.01,0.0203
BLOOD,NP,4,-,+,+,-,DEI 107,HIV-,0.001,0.0244
BLOOD,NP,4,-,+,+,-,DEI 108,HIV-,0.001,0.0116
BLOOD,NP,4,-,+,+,-,DEI 109,HIV-,0.09,0.0548
BLOOD,NP,4,-,+,+,-,DEI 10A,HIV-,0.001,0.0208
BLOOD,NP,4,-,+,+,-,DEI 10B,HIV-,0.01,0.1149
BLOOD,NP,4,-,+,+,-,DEI 10C,HIV-,0.001,0.0053
BLOOD,NP,4,-,+,+,-,DEI 10D,HIV-,0.004,0.0201
BLOOD,NP,4,-,+,+,-,DEI 10E,HIV-,0.001,0.0108
BLOOD,NP,4,-,+,+,-,DEI 10F,HIV-,0.01,0.023
BLOOD,NP,4,-,+,+,-,DEI 10G,HIV-,0.001,0.025
BLOOD,NP,4,-,+,+,-,DEI 10H,HIV-,0.02,0.339
BLOOD,NP,4,-,+,+,-,DEI 10I,HIV-,0.01,0.2174
BLOOD,NP,4,-,+,+,-,DEI 10J,HIV+ART>1Yr,0.001,0.0714
BLOOD,NP,4,-,+,+,-,DEI 10K,HIV+ART>1Yr,0.001,0.0238
BLOOD,NP,4,-,+,+,-,DEI 10L,HIV-,0.001,0.0196
BLOOD,NP,4,-,+,+,-,DEI 10M,HIV-,0.001,0.0141
BLOOD,NP,4,-,+,+,-,DEI 10N,HIV+ART>1Yr,0.001,0.0159
BLOOD,NP,4,-,+,+,-,DEI 10P,HIV+ART>1Yr,0.008,0.0129
BLOOD,NP,4,-,+,+,-,DEI 10Q,HIV-,0.01,0.2381
BLOOD,NP,4,-,+,+,-,DEI 10R,HIV+ART>1Yr,0.001,0.0833
BLOOD,NP,4,-,+,+,-,DEI 10S,HIV-,0.01,0.0578
BLOOD,NP,4,-,+,+,-,DEI 10T,HIV-,0.001,0.0667
BLOOD,NP,4,-,+,+,-,DEI 10U,HIV-,0.003,0.2143
BLOOD,NP,4,-,+,+,-,DEI 10V,HIV-,0.011,0.3143
BLOOD,NP,4,-,+,+,-,DEI 10W,HIV-,0.001,0.0833
BLOOD,NP,4,-,+,+,-,DEI 10X,HIV-,0.002,0.1538
BLOOD,NP,4,-,+,+,-,DEI 10Y,HIV-,0.002,0.0909
BLOOD,NP,4,-,+,+,-,DEI 10Z,HIV+ART>1Yr,0.001,0.0625
BLOOD,NP,4,-,+,+,-,DEI 110,HIV-,0.001,0.0323
BLOOD,NP,4,-,+,+,-,DEI 111,HIV+ART>1Yr,0.001,0.0357
BLOOD,NP,4,-,+,+,-,DEI 112,HIV+ART>1Yr,0.001,0.0164
BLOOD,NP,4,-,+,+,-,DEI 113,HIV-,0.001,0.04
BLOOD,NP,4,-,+,+,-,DEI 114,HIV+ART>1Yr,0.001,0.0294
BLOOD,NP,4,-,+,+,-,DEI 115,HIV+ART>1Yr,0.001,0.0294
BLOOD,NP,4,-,+,+,-,DEI 117,HIV+ART>1Yr,0.001,0.02
BLOOD,NP,4,-,+,+,-,DEI 118,HIV+ART>1Yr,0.008,0.0362
BLOOD,NP,4,-,+,+,-,DEI 119,HIV+ART>1Yr,0.09,0.2088
BLOOD,NP,4,-,+,+,-,DEI 11A,HIV+ART>1Yr,0.001,0.0059
BLOOD,NP,4,-,+,+,-,DEI 11B,HIV-,0.004,0.1905
BLOOD,NP,4,-,+,+,-,DEI 11C,HIV+ART>1Yr,0.001,0.0385
BLOOD,NP,4,-,+,+,-,DEI 11D,HIV+ART>1Yr,0.001,0.0037
BLOOD,NP,4,-,+,+,-,DEI 11E,HIV+ART>1Yr,0.001,0.0085
BLOOD,NP,4,-,+,+,-,DEI 11F,HIV+ART>1Yr,0.01,0.4762
BLOOD,NP,4,-,+,+,-,DEI 11G,HIV+ART>1Yr,0.004,0.1905
BLOOD,NP,4,-,+,+,-,DEI 11H,HIV-,0.001,0.0098
BLOOD,NP,4,-,+,+,-,DEI 11I,HIV+ART>1Yr,0.003,0.0909
BLOOD,NP,4,-,+,+,-,DEI 11J,HIV+ART>1Yr,0.001,0.0161
BLOOD,NP,4,-,+,+,-,DEI 11K,HIV-,0.002,0.0435
BLOOD,NP,4,-,+,+,-,DEI 11M,HIV+ART>1Yr,0.001,0.0833
BLOOD,NP,4,-,+,+,-,DEI 11N,HIV-,0.001,0.0048
BLOOD,NP,4,-,+,+,-,DEI 11P,HIV+ART>1Yr,0.02,0.0285
BLOOD,NP,4,-,+,+,-,DEI 11Q,HIV-,0.001,0.0192
BLOOD,NP,4,-,+,+,-,DEI 11R,HIV+ART>1Yr,0.001,0.0333
BLOOD,NP,4,-,+,+,-,DEI 11U,HIV-,0.003,0.12
BLOOD,NP,4,-,+,+,-,DEI 11V,HIV-,0.001,0.0455
BLOOD,NP,4,-,+,+,-,DEI 11Y,HIV-,0.001,0.0345
BLOOD,NP,4,-,+,+,-,DEI 11Z,HIV-,0.001,0.0625
BLOOD,NP,4,-,+,+,-,DEI 13V,HIV-,0.003,0.1765
BLOOD,NP,4,-,+,+,-,DEI 13W,HIV-,0.001,0.0141
BLOOD,NP,4,-,+,+,-,DEI 141,HIV-,0.001,0.0217
BLOOD,NP,4,-,+,+,-,DEI 143,HIV-,0.022,0.0447
BLOOD,NP,4,-,+,-,+,DEI 107,HIV-,0.001,0.0244
BLOOD,NP,4,-,+,-,+,DEI 108,HIV-,0.001,0.0116
BLOOD,NP,4,-,+,-,+,DEI 109,HIV-,0.05,0.0304
BLOOD,NP,4,-,+,-,+,DEI 10A,HIV-,0.001,0.0208
BLOOD,NP,4,-,+,-,+,DEI 10B,HIV-,0.001,0.0115
BLOOD,NP,4,-,+,-,+,DEI 10C,HIV-,0.001,0.0053
BLOOD,NP,4,-,+,-,+,DEI 10D,HIV-,0.001,0.005
BLOOD,NP,4,-,+,-,+,DEI 10E,HIV-,0.001,0.0108
BLOOD,NP,4,-,+,-,+,DEI 10F,HIV-,0.15,0.3448
BLOOD,NP,4,-,+,-,+,DEI 10G,HIV-,0.01,0.25
BLOOD,NP,4,-,+,-,+,DEI 10H,HIV-,0.001,0.0169
BLOOD,NP,4,-,+,-,+,DEI 10I,HIV-,0.02,0.4348
BLOOD,NP,4,-,+,-,+,DEI 10J,HIV+ART>1Yr,0.001,0.0714
BLOOD,NP,4,-,+,-,+,DEI 10K,HIV+ART>1Yr,0.001,0.0238
BLOOD,NP,4,-,+,-,+,DEI 10L,HIV-,0.001,0.0196
BLOOD,NP,4,-,+,-,+,DEI 10M,HIV-,0.001,0.0141
BLOOD,NP,4,-,+,-,+,DEI 10N,HIV+ART>1Yr,0.001,0.0159
BLOOD,NP,4,-,+,-,+,DEI 10P,HIV+ART>1Yr,0.017,0.0274
BLOOD,NP,4,-,+,-,+,DEI 10Q,HIV-,0.01,0.2381
BLOOD,NP,4,-,+,-,+,DEI 10R,HIV+ART>1Yr,0.001,0.0833
BLOOD,NP,4,-,+,-,+,DEI 10S,HIV-,0.055,0.3179
BLOOD,NP,4,-,+,-,+,DEI 10T,HIV-,0.001,0.0667
BLOOD,NP,4,-,+,-,+,DEI 10U,HIV-,0.001,0.0714
BLOOD,NP,4,-,+,-,+,DEI 10V,HIV-,0.001,0.0286
BLOOD,NP,4,-,+,-,+,DEI 10W,HIV-,0.001,0.0833
BLOOD,NP,4,-,+,-,+,DEI 10X,HIV-,0.001,0.0769
BLOOD,NP,4,-,+,-,+,DEI 10Y,HIV-,0.001,0.0455
BLOOD,NP,4,-,+,-,+,DEI 10Z,HIV+ART>1Yr,0.001,0.0625
BLOOD,NP,4,-,+,-,+,DEI 110,HIV-,0.001,0.0323
BLOOD,NP,4,-,+,-,+,DEI 111,HIV+ART>1Yr,0.001,0.0357
BLOOD,NP,4,-,+,-,+,DEI 112,HIV+ART>1Yr,0.001,0.0164
BLOOD,NP,4,-,+,-,+,DEI 113,HIV-,0.001,0.04
BLOOD,NP,4,-,+,-,+,DEI 114,HIV+ART>1Yr,0.001,0.0294
BLOOD,NP,4,-,+,-,+,DEI 115,HIV+ART>1Yr,0.001,0.0294
BLOOD,NP,4,-,+,-,+,DEI 117,HIV+ART>1Yr,0.001,0.02
BLOOD,NP,4,-,+,-,+,DEI 118,HIV+ART>1Yr,0.029,0.1312
BLOOD,NP,4,-,+,-,+,DEI 119,HIV+ART>1Yr,0.11,0.2552
BLOOD,NP,4,-,+,-,+,DEI 11A,HIV+ART>1Yr,0.001,0.0059
BLOOD,NP,4,-,+,-,+,DEI 11B,HIV-,0.001,0.0476
BLOOD,NP,4,-,+,-,+,DEI 11C,HIV+ART>1Yr,0.001,0.0385
BLOOD,NP,4,-,+,-,+,DEI 11D,HIV+ART>1Yr,0.04,0.1471
BLOOD,NP,4,-,+,-,+,DEI 11E,HIV+ART>1Yr,0.001,0.0085
BLOOD,NP,4,-,+,-,+,DEI 11F,HIV+ART>1Yr,0.001,0.0476
BLOOD,NP,4,-,+,-,+,DEI 11G,HIV+ART>1Yr,0.001,0.0476
BLOOD,NP,4,-,+,-,+,DEI 11H,HIV-,0.01,0.098
BLOOD,NP,4,-,+,-,+,DEI 11I,HIV+ART>1Yr,0.001,0.0303
BLOOD,NP,4,-,+,-,+,DEI 11J,HIV+ART>1Yr,0.01,0.1613
BLOOD,NP,4,-,+,-,+,DEI 11K,HIV-,0.001,0.0217
BLOOD,NP,4,-,+,-,+,DEI 11M,HIV+ART>1Yr,0.001,0.0833
BLOOD,NP,4,-,+,-,+,DEI 11N,HIV-,0.13,0.619
BLOOD,NP,4,-,+,-,+,DEI 11P,HIV+ART>1Yr,0.04,0.0571
BLOOD,NP,4,-,+,-,+,DEI 11Q,HIV-,0.001,0.0192
BLOOD,NP,4,-,+,-,+,DEI 11R,HIV+ART>1Yr,0.001,0.0333
BLOOD,NP,4,-,+,-,+,DEI 11U,HIV-,0.001,0.04
BLOOD,NP,4,-,+,-,+,DEI 11V,HIV-,0.001,0.0455
BLOOD,NP,4,-,+,-,+,DEI 11Y,HIV-,0.01,0.3448
BLOOD,NP,4,-,+,-,+,DEI 11Z,HIV-,0.001,0.0625
BLOOD,NP,4,-,+,-,+,DEI 13V,HIV-,0.001,0.0588
BLOOD,NP,4,-,+,-,+,DEI 13W,HIV-,0.001,0.0141
BLOOD,NP,4,-,+,-,+,DEI 141,HIV-,0.001,0.0217
BLOOD,NP,4,-,+,-,+,DEI 143,HIV-,0.08,0.1626
BLOOD,NP,4,-,-,+,+,DEI 107,HIV-,0.026,0.6341
BLOOD,NP,4,-,-,+,+,DEI 108,HIV-,0.025,0.2907
BLOOD,NP,4,-,-,+,+,DEI 109,HIV-,0.08,0.0487
BLOOD,NP,4,-,-,+,+,DEI 10A,HIV-,0.008,0.1667
BLOOD,NP,4,-,-,+,+,DEI 10B,HIV-,0.001,0.0115
BLOOD,NP,4,-,-,+,+,DEI 10C,HIV-,0.009,0.0481
BLOOD,NP,4,-,-,+,+,DEI 10D,HIV-,0.001,0.005
BLOOD,NP,4,-,-,+,+,DEI 10E,HIV-,0.05,0.5376
BLOOD,NP,4,-,-,+,+,DEI 10F,HIV-,0.02,0.046
BLOOD,NP,4,-,-,+,+,DEI 10G,HIV-,0.012,0.3
BLOOD,NP,4,-,-,+,+,DEI 10H,HIV-,0.02,0.339
BLOOD,NP,4,-,-,+,+,DEI 10I,HIV-,0.005,0.1087
BLOOD,NP,4,-,-,+,+,DEI 10J,HIV+ART>1Yr,0.001,0.0714
BLOOD,NP,4,-,-,+,+,DEI 10K,HIV+ART>1Yr,0.03,0.7143
BLOOD,NP,4,-,-,+,+,DEI 10L,HIV-,0.04,0.7843
BLOOD,NP,4,-,-,+,+,DEI 10M,HIV-,0.02,0.2817
BLOOD,NP,4,-,-,+,+,DEI 10N,HIV+ART>1Yr,0.003,0.0476
BLOOD,NP,4,-,-,+,+,DEI 10P,HIV+ART>1Yr,0.08,0.129
BLOOD,NP,4,-,-,+,+,DEI 10Q,HIV-,0.01,0.2381
BLOOD,NP,4,-,-,+,+,DEI 10R,HIV+ART>1Yr,0.001,0.0833
BLOOD,NP,4,-,-,+,+,DEI 10S,HIV-,0.021,0.1214
BLOOD,NP,4,-,-,+,+,DEI 10T,HIV-,0.001,0.0667
BLOOD,NP,4,-,-,+,+,DEI 10U,HIV-,0.001,0.0714
BLOOD,NP,4,-,-,+,+,DEI 10V,HIV-,0.002,0.0571
BLOOD,NP,4,-,-,+,+,DEI 10W,HIV-,0.001,0.0833
BLOOD,NP,4,-,-,+,+,DEI 10X,HIV-,0.001,0.0769
BLOOD,NP,4,-,-,+,+,DEI 10Y,HIV-,0.001,0.0455
BLOOD,NP,4,-,-,+,+,DEI 10Z,HIV+ART>1Yr,0.002,0.125
BLOOD,NP,4,-,-,+,+,DEI 110,HIV-,0.02,0.6452
BLOOD,NP,4,-,-,+,+,DEI 111,HIV+ART>1Yr,0.013,0.4643
BLOOD,NP,4,-,-,+,+,DEI 112,HIV+ART>1Yr,0.03,0.4918
BLOOD,NP,4,-,-,+,+,DEI 113,HIV-,0.014,0.56
BLOOD,NP,4,-,-,+,+,DEI 114,HIV+ART>1Yr,0.023,0.6765
BLOOD,NP,4,-,-,+,+,DEI 115,HIV+ART>1Yr,0.023,0.6765
BLOOD,NP,4,-,-,+,+,DEI 117,HIV+ART>1Yr,0.001,0.02
BLOOD,NP,4,-,-,+,+,DEI 118,HIV+ART>1Yr,0.036,0.1629
BLOOD,NP,4,-,-,+,+,DEI 119,HIV+ART>1Yr,0.02,0.0464
BLOOD,NP,4,-,-,+,+,DEI 11A,HIV+ART>1Yr,0.001,0.0059
BLOOD,NP,4,-,-,+,+,DEI 11B,HIV-,0.005,0.2381
BLOOD,NP,4,-,-,+,+,DEI 11C,HIV+ART>1Yr,0.01,0.3846
BLOOD,NP,4,-,-,+,+,DEI 11D,HIV+ART>1Yr,0.037,0.136
BLOOD,NP,4,-,-,+,+,DEI 11E,HIV+ART>1Yr,0.01,0.0855
BLOOD,NP,4,-,-,+,+,DEI 11F,HIV+ART>1Yr,0.001,0.0476
BLOOD,NP,4,-,-,+,+,DEI 11G,HIV+ART>1Yr,0.001,0.0476
BLOOD,NP,4,-,-,+,+,DEI 11H,HIV-,0.08,0.7843
BLOOD,NP,4,-,-,+,+,DEI 11I,HIV+ART>1Yr,0.01,0.303
BLOOD,NP,4,-,-,+,+,DEI 11J,HIV+ART>1Yr,0.023,0.371
BLOOD,NP,4,-,-,+,+,DEI 11K,HIV-,0.03,0.6522
BLOOD,NP,4,-,-,+,+,DEI 11M,HIV+ART>1Yr,0.001,0.0833
BLOOD,NP,4,-,-,+,+,DEI 11N,HIV-,0.001,0.0048
BLOOD,NP,4,-,-,+,+,DEI 11P,HIV+ART>1Yr,0.02,0.0285
BLOOD,NP,4,-,-,+,+,DEI 11Q,HIV-,0.007,0.1346
BLOOD,NP,4,-,-,+,+,DEI 11R,HIV+ART>1Yr,0.007,0.2333
BLOOD,NP,4,-,-,+,+,DEI 11U,HIV-,0.007,0.28
BLOOD,NP,4,-,-,+,+,DEI 11V,HIV-,0.002,0.0909
BLOOD,NP,4,-,-,+,+,DEI 11Y,HIV-,0.009,0.3103
BLOOD,NP,4,-,-,+,+,DEI 11Z,HIV-,0.001,0.0625
BLOOD,NP,4,-,-,+,+,DEI 13V,HIV-,0.004,0.2353
BLOOD,NP,4,-,-,+,+,DEI 13W,HIV-,0.002,0.0282
BLOOD,NP,4,-,-,+,+,DEI 141,HIV-,0.001,0.0217
BLOOD,NP,4,-,-,+,+,DEI 143,HIV-,0.009,0.0183
BLOOD,NP,4,-,-,+,-,DEI 107,HIV-,0.001,0.0244
BLOOD,NP,4,-,-,+,-,DEI 108,HIV-,0.04,0.4651
BLOOD,NP,4,-,-,+,-,DEI 109,HIV-,0.12,0.073
BLOOD,NP,4,-,-,+,-,DEI 10A,HIV-,0.001,0.0208
BLOOD,NP,4,-,-,+,-,DEI 10B,HIV-,0.001,0.0115
BLOOD,NP,4,-,-,+,-,DEI 10C,HIV-,0.001,0.0053
BLOOD,NP,4,-,-,+,-,DEI 10D,HIV-,0.06,0.3015
BLOOD,NP,4,-,-,+,-,DEI 10E,HIV-,0.001,0.0108
BLOOD,NP,4,-,-,+,-,DEI 10F,HIV-,0.07,0.1609
BLOOD,NP,4,-,-,+,-,DEI 10G,HIV-,0.001,0.025
BLOOD,NP,4,-,-,+,-,DEI 10H,HIV-,0.001,0.0169
BLOOD,NP,4,-,-,+,-,DEI 10I,HIV-,0.001,0.0217
BLOOD,NP,4,-,-,+,-,DEI 10J,HIV+ART>1Yr,0.001,0.0714
BLOOD,NP,4,-,-,+,-,DEI 10K,HIV+ART>1Yr,0.001,0.0238
BLOOD,NP,4,-,-,+,-,DEI 10L,HIV-,0.001,0.0196
BLOOD,NP,4,-,-,+,-,DEI 10M,HIV-,0.04,0.5634
BLOOD,NP,4,-,-,+,-,DEI 10N,HIV+ART>1Yr,0.001,0.0159
BLOOD,NP,4,-,-,+,-,DEI 10P,HIV+ART>1Yr,0.07,0.1129
BLOOD,NP,4,-,-,+,-,DEI 10Q,HIV-,0.001,0.0238
BLOOD,NP,4,-,-,+,-,DEI 10R,HIV+ART>1Yr,0.001,0.0833
BLOOD,NP,4,-,-,+,-,DEI 10S,HIV-,0.001,0.0058
BLOOD,NP,4,-,-,+,-,DEI 10T,HIV-,0.001,0.0667
BLOOD,NP,4,-,-,+,-,DEI 10U,HIV-,0.001,0.0714
BLOOD,NP,4,-,-,+,-,DEI 10V,HIV-,0.01,0.2857
BLOOD,NP,4,-,-,+,-,DEI 10W,HIV-,0.001,0.0833
BLOOD,NP,4,-,-,+,-,DEI 10X,HIV-,0.001,0.0769
BLOOD,NP,4,-,-,+,-,DEI 10Y,HIV-,0.01,0.4545
BLOOD,NP,4,-,-,+,-,DEI 10Z,HIV+ART>1Yr,0.001,0.0625
BLOOD,NP,4,-,-,+,-,DEI 110,HIV-,0.001,0.0323
BLOOD,NP,4,-,-,+,-,DEI 111,HIV+ART>1Yr,0.001,0.0357
BLOOD,NP,4,-,-,+,-,DEI 112,HIV+ART>1Yr,0.01,0.1639
BLOOD,NP,4,-,-,+,-,DEI 113,HIV-,0.001,0.04
BLOOD,NP,4,-,-,+,-,DEI 114,HIV+ART>1Yr,0.001,0.0294
BLOOD,NP,4,-,-,+,-,DEI 115,HIV+ART>1Yr,0.001,0.0294
BLOOD,NP,4,-,-,+,-,DEI 117,HIV+ART>1Yr,0.03,0.6
BLOOD,NP,4,-,-,+,-,DEI 118,HIV+ART>1Yr,0.02,0.0905
BLOOD,NP,4,-,-,+,-,DEI 119,HIV+ART>1Yr,0.07,0.1624
BLOOD,NP,4,-,-,+,-,DEI 11A,HIV+ART>1Yr,0.02,0.1176
BLOOD,NP,4,-,-,+,-,DEI 11B,HIV-,0.001,0.0476
BLOOD,NP,4,-,-,+,-,DEI 11C,HIV+ART>1Yr,0.001,0.0385
BLOOD,NP,4,-,-,+,-,DEI 11D,HIV+ART>1Yr,0.001,0.0037
BLOOD,NP,4,-,-,+,-,DEI 11E,HIV+ART>1Yr,0.09,0.7692
BLOOD,NP,4,-,-,+,-,DEI 11F,HIV+ART>1Yr,0.001,0.0476
BLOOD,NP,4,-,-,+,-,DEI 11G,HIV+ART>1Yr,0.001,0.0476
BLOOD,NP,4,-,-,+,-,DEI 11H,HIV-,0.001,0.0098
BLOOD,NP,4,-,-,+,-,DEI 11I,HIV+ART>1Yr,0.001,0.0303
BLOOD,NP,4,-,-,+,-,DEI 11J,HIV+ART>1Yr,0.001,0.0161
BLOOD,NP,4,-,-,+,-,DEI 11K,HIV-,0.001,0.0217
BLOOD,NP,4,-,-,+,-,DEI 11M,HIV+ART>1Yr,0.001,0.0833
BLOOD,NP,4,-,-,+,-,DEI 11N,HIV-,0.001,0.0048
BLOOD,NP,4,-,-,+,-,DEI 11P,HIV+ART>1Yr,0.36,0.5136
BLOOD,NP,4,-,-,+,-,DEI 11Q,HIV-,0.03,0.5769
BLOOD,NP,4,-,-,+,-,DEI 11R,HIV+ART>1Yr,0.01,0.3333
BLOOD,NP,4,-,-,+,-,DEI 11U,HIV-,0.006,0.24
BLOOD,NP,4,-,-,+,-,DEI 11V,HIV-,0.001,0.0455
BLOOD,NP,4,-,-,+,-,DEI 11Y,HIV-,0.001,0.0345
BLOOD,NP,4,-,-,+,-,DEI 11Z,HIV-,0.001,0.0625
BLOOD,NP,4,-,-,+,-,DEI 13V,HIV-,0.001,0.0588
BLOOD,NP,4,-,-,+,-,DEI 13W,HIV-,0.01,0.1408
BLOOD,NP,4,-,-,+,-,DEI 141,HIV-,0.005,0.1087
BLOOD,NP,4,-,-,+,-,DEI 143,HIV-,0.052,0.1057
BLOOD,NP,4,-,-,-,+,DEI 107,HIV-,0.001,0.0244
BLOOD,NP,4,-,-,-,+,DEI 108,HIV-,0.001,0.0116
BLOOD,NP,4,-,-,-,+,DEI 109,HIV-,0.14,0.0852
BLOOD,NP,4,-,-,-,+,DEI 10A,HIV-,0.001,0.0208
BLOOD,NP,4,-,-,-,+,DEI 10B,HIV-,0.001,0.0115
BLOOD,NP,4,-,-,-,+,DEI 10C,HIV-,0.001,0.0053
BLOOD,NP,4,-,-,-,+,DEI 10D,HIV-,0.001,0.005
BLOOD,NP,4,-,-,-,+,DEI 10E,HIV-,0.001,0.0108
BLOOD,NP,4,-,-,-,+,DEI 10F,HIV-,0.09,0.2069
BLOOD,NP,4,-,-,-,+,DEI 10G,HIV-,0.001,0.025
BLOOD,NP,4,-,-,-,+,DEI 10H,HIV-,0.001,0.0169
BLOOD,NP,4,-,-,-,+,DEI 10I,HIV-,0.001,0.0217
BLOOD,NP,4,-,-,-,+,DEI 10J,HIV+ART>1Yr,0.001,0.0714
BLOOD,NP,4,-,-,-,+,DEI 10K,HIV+ART>1Yr,0.001,0.0238
BLOOD,NP,4,-,-,-,+,DEI 10L,HIV-,0.001,0.0196
BLOOD,NP,4,-,-,-,+,DEI 10M,HIV-,0.001,0.0141
BLOOD,NP,4,-,-,-,+,DEI 10N,HIV+ART>1Yr,0.05,0.7937
BLOOD,NP,4,-,-,-,+,DEI 10P,HIV+ART>1Yr,0.4,0.6452
BLOOD,NP,4,-,-,-,+,DEI 10Q,HIV-,0.001,0.0238
BLOOD,NP,4,-,-,-,+,DEI 10R,HIV+ART>1Yr,0.001,0.0833
BLOOD,NP,4,-,-,-,+,DEI 10S,HIV-,0.06,0.3468
BLOOD,NP,4,-,-,-,+,DEI 10T,HIV-,0.001,0.0667
BLOOD,NP,4,-,-,-,+,DEI 10U,HIV-,0.001,0.0714
BLOOD,NP,4,-,-,-,+,DEI 10V,HIV-,0.001,0.0286
BLOOD,NP,4,-,-,-,+,DEI 10W,HIV-,0.001,0.0833
BLOOD,NP,4,-,-,-,+,DEI 10X,HIV-,0.001,0.0769
BLOOD,NP,4,-,-,-,+,DEI 10Y,HIV-,0.001,0.0455
BLOOD,NP,4,-,-,-,+,DEI 10Z,HIV+ART>1Yr,0.001,0.0625
BLOOD,NP,4,-,-,-,+,DEI 110,HIV-,0.001,0.0323
BLOOD,NP,4,-,-,-,+,DEI 111,HIV+ART>1Yr,0.001,0.0357
BLOOD,NP,4,-,-,-,+,DEI 112,HIV+ART>1Yr,0.001,0.0164
BLOOD,NP,4,-,-,-,+,DEI 113,HIV-,0.001,0.04
BLOOD,NP,4,-,-,-,+,DEI 114,HIV+ART>1Yr,0.001,0.0294
BLOOD,NP,4,-,-,-,+,DEI 115,HIV+ART>1Yr,0.001,0.0294
BLOOD,NP,4,-,-,-,+,DEI 117,HIV+ART>1Yr,0.01,0.2
BLOOD,NP,4,-,-,-,+,DEI 118,HIV+ART>1Yr,0.11,0.4977
BLOOD,NP,4,-,-,-,+,DEI 119,HIV+ART>1Yr,0.03,0.0696
BLOOD,NP,4,-,-,-,+,DEI 11A,HIV+ART>1Yr,0.14,0.8235
BLOOD,NP,4,-,-,-,+,DEI 11B,HIV-,0.001,0.0476
BLOOD,NP,4,-,-,-,+,DEI 11C,HIV+ART>1Yr,0.001,0.0385
BLOOD,NP,4,-,-,-,+,DEI 11D,HIV+ART>1Yr,0.17,0.625
BLOOD,NP,4,-,-,-,+,DEI 11E,HIV+ART>1Yr,0.001,0.0085
BLOOD,NP,4,-,-,-,+,DEI 11F,HIV+ART>1Yr,0.001,0.0476
BLOOD,NP,4,-,-,-,+,DEI 11G,HIV+ART>1Yr,0.001,0.0476
BLOOD,NP,4,-,-,-,+,DEI 11H,HIV-,0.001,0.0098
BLOOD,NP,4,-,-,-,+,DEI 11I,HIV+ART>1Yr,0.001,0.0303
BLOOD,NP,4,-,-,-,+,DEI 11J,HIV+ART>1Yr,0.001,0.0161
BLOOD,NP,4,-,-,-,+,DEI 11K,HIV-,0.001,0.0217
BLOOD,NP,4,-,-,-,+,DEI 11M,HIV+ART>1Yr,0.001,0.0833
BLOOD,NP,4,-,-,-,+,DEI 11N,HIV-,0.001,0.0048
BLOOD,NP,4,-,-,-,+,DEI 11P,HIV+ART>1Yr,0.21,0.2996
BLOOD,NP,4,-,-,-,+,DEI 11Q,HIV-,0.001,0.0192
BLOOD,NP,4,-,-,-,+,DEI 11R,HIV+ART>1Yr,0.001,0.0333
BLOOD,NP,4,-,-,-,+,DEI 11U,HIV-,0.001,0.04
BLOOD,NP,4,-,-,-,+,DEI 11V,HIV-,0.01,0.4545
BLOOD,NP,4,-,-,-,+,DEI 11Y,HIV-,0.001,0.0345
BLOOD,NP,4,-,-,-,+,DEI 11Z,HIV-,0.001,0.0625
BLOOD,NP,4,-,-,-,+,DEI 13V,HIV-,0.001,0.0588
BLOOD,NP,4,-,-,-,+,DEI 13W,HIV-,0.05,0.7042
BLOOD,NP,4,-,-,-,+,DEI 141,HIV-,0.03,0.6522
BLOOD,NP,4,-,-,-,+,DEI 143,HIV-,0.27,0.5488
BLOOD,NP,8,+,+,+,+,DEI 107,HIV-,0.001,0.0244
BLOOD,NP,8,+,+,+,+,DEI 108,HIV-,0.001,0.025
BLOOD,NP,8,+,+,+,+,DEI 109,HIV-,0.001,0.0017
BLOOD,NP,8,+,+,+,+,DEI 10A,HIV-,0.001,0.0185
BLOOD,NP,8,+,+,+,+,DEI 10B,HIV-,0.001,0.0164
BLOOD,NP,8,+,+,+,+,DEI 10C,HIV-,0.001,0.0714
BLOOD,NP,8,+,+,+,+,DEI 10D,HIV-,0.001,0.0092
BLOOD,NP,8,+,+,+,+,DEI 10E,HIV-,0.001,0.0118
BLOOD,NP,8,+,+,+,+,DEI 10F,HIV-,0.001,0.0014
BLOOD,NP,8,+,+,+,+,DEI 10G,HIV-,0.001,0.0172
BLOOD,NP,8,+,+,+,+,DEI 10H,HIV-,0.001,0.0357
BLOOD,NP,8,+,+,+,+,DEI 10I,HIV-,0.001,0.0222
BLOOD,NP,8,+,+,+,+,DEI 10J,HIV+ART>1Yr,0.001,0.0769
BLOOD,NP,8,+,+,+,+,DEI 10K,HIV+ART>1Yr,0.001,0.0833
BLOOD,NP,8,+,+,+,+,DEI 10L,HIV-,0.001,0.0833
BLOOD,NP,8,+,+,+,+,DEI 10M,HIV-,0.001,0.0068
BLOOD,NP,8,+,+,+,+,DEI 10N,HIV+ART>1Yr,0.001,0.0074
BLOOD,NP,8,+,+,+,+,DEI 10P,HIV+ART>1Yr,0.001,0.0016
BLOOD,NP,8,+,+,+,+,DEI 10Q,HIV-,0.001,0.0027
BLOOD,NP,8,+,+,+,+,DEI 10R,HIV+ART>1Yr,0.001,0.0323
BLOOD,NP,8,+,+,+,+,DEI 10S,HIV-,0.001,0.013
BLOOD,NP,8,+,+,+,+,DEI 10T,HIV-,0.001,0.0833
BLOOD,NP,8,+,+,+,+,DEI 10U,HIV-,0.001,0.0213
BLOOD,NP,8,+,+,+,+,DEI 10V,HIV-,0.001,0.0189
BLOOD,NP,8,+,+,+,+,DEI 10W,HIV-,0.001,0.0833
BLOOD,NP,8,+,+,+,+,DEI 10X,HIV-,0.001,0.0833
BLOOD,NP,8,+,+,+,+,DEI 10Y,HIV-,0.001,0.0833
BLOOD,NP,8,+,+,+,+,DEI 10Z,HIV+ART>1Yr,0.001,0.0833
BLOOD,NP,8,+,+,+,+,DEI 110,HIV-,0.001,0.0435
BLOOD,NP,8,+,+,+,+,DEI 111,HIV+ART>1Yr,0.001,0.0189
BLOOD,NP,8,+,+,+,+,DEI 112,HIV+ART>1Yr,0.001,0.0312
BLOOD,NP,8,+,+,+,+,DEI 113,HIV-,0.001,0.0833
BLOOD,NP,8,+,+,+,+,DEI 114,HIV+ART>1Yr,0.001,0.04
BLOOD,NP,8,+,+,+,+,DEI 115,HIV+ART>1Yr,0.001,0.0833
BLOOD,NP,8,+,+,+,+,DEI 117,HIV+ART>1Yr,0.001,0.0196
BLOOD,NP,8,+,+,+,+,DEI 118,HIV+ART>1Yr,0.001,0.0102
BLOOD,NP,8,+,+,+,+,DEI 119,HIV+ART>1Yr,0.002,0.0909
BLOOD,NP,8,+,+,+,+,DEI 11A,HIV+ART>1Yr,0.001,0.0833
BLOOD,NP,8,+,+,+,+,DEI 11B,HIV-,0.001,0.0074
BLOOD,NP,8,+,+,+,+,DEI 11C,HIV+ART>1Yr,0.001,0.0227
BLOOD,NP,8,+,+,+,+,DEI 11D,HIV+ART>1Yr,0.003,0.0638
BLOOD,NP,8,+,+,+,+,DEI 11E,HIV+ART>1Yr,0.001,0.0263
BLOOD,NP,8,+,+,+,+,DEI 11F,HIV+ART>1Yr,0.001,0.0667
BLOOD,NP,8,+,+,+,+,DEI 11G,HIV+ART>1Yr,0.001,0.0196
BLOOD,NP,8,+,+,+,+,DEI 11H,HIV-,0.001,0.0143
BLOOD,NP,8,+,+,+,+,DEI 11I,HIV+ART>1Yr,0.001,0.025
BLOOD,NP,8,+,+,+,+,DEI 11J,HIV+ART>1Yr,0.001,0.0169
BLOOD,NP,8,+,+,+,+,DEI 11K,HIV-,0.001,0.0769
BLOOD,NP,8,+,+,+,+,DEI 11M,HIV+ART>1Yr,0.001,0.0077
BLOOD,NP,8,+,+,+,+,DEI 11N,HIV-,0.08,0.1235
BLOOD,NP,8,+,+,+,+,DEI 11P,HIV+ART>1Yr,0.001,0.0112
BLOOD,NP,8,+,+,+,+,DEI 11Q,HIV-,0.001,0.0556
BLOOD,NP,8,+,+,+,+,DEI 11R,HIV+ART>1Yr,0.001,0.0833
BLOOD,NP,8,+,+,+,+,DEI 11U,HIV-,0.001,0.0345
BLOOD,NP,8,+,+,+,+,DEI 11V,HIV-,0.001,0.02
BLOOD,NP,8,+,+,+,+,DEI 11Y,HIV-,0.001,0.0833
BLOOD,NP,8,+,+,+,+,DEI 11Z,HIV-,0.001,0.0833
BLOOD,NP,8,+,+,+,+,DEI 13V,HIV-,0.001,0.0714
BLOOD,NP,8,+,+,+,+,DEI 13W,HIV-,0.001,0.0192
BLOOD,NP,8,+,+,+,+,DEI 141,HIV-,0.001,0.037
BLOOD,NP,8,+,+,+,+,DEI 143,HIV-,0.001,0.0049
BLOOD,NP,8,+,+,+,-,DEI 107,HIV-,0.001,0.0244
BLOOD,NP,8,+,+,+,-,DEI 108,HIV-,0.001,0.025
BLOOD,NP,8,+,+,+,-,DEI 109,HIV-,0.02,0.035
BLOOD,NP,8,+,+,+,-,DEI 10A,HIV-,0.01,0.1852
BLOOD,NP,8,+,+,+,-,DEI 10B,HIV-,0.001,0.0164
BLOOD,NP,8,+,+,+,-,DEI 10C,HIV-,0.001,0.0714
BLOOD,NP,8,+,+,+,-,DEI 10D,HIV-,0.001,0.0092
BLOOD,NP,8,+,+,+,-,DEI 10E,HIV-,0.008,0.0941
BLOOD,NP,8,+,+,+,-,DEI 10F,HIV-,0.006,0.0083
BLOOD,NP,8,+,+,+,-,DEI 10G,HIV-,0.002,0.0345
BLOOD,NP,8,+,+,+,-,DEI 10H,HIV-,0.001,0.0357
BLOOD,NP,8,+,+,+,-,DEI 10I,HIV-,0.004,0.0889
BLOOD,NP,8,+,+,+,-,DEI 10J,HIV+ART>1Yr,0.001,0.0769
BLOOD,NP,8,+,+,+,-,DEI 10K,HIV+ART>1Yr,0.001,0.0833
BLOOD,NP,8,+,+,+,-,DEI 10L,HIV-,0.001,0.0833
BLOOD,NP,8,+,+,+,-,DEI 10M,HIV-,0.001,0.0068
BLOOD,NP,8,+,+,+,-,DEI 10N,HIV+ART>1Yr,0.001,0.0074
BLOOD,NP,8,+,+,+,-,DEI 10P,HIV+ART>1Yr,0.008,0.0127
BLOOD,NP,8,+,+,+,-,DEI 10Q,HIV-,0.001,0.0027
BLOOD,NP,8,+,+,+,-,DEI 10R,HIV+ART>1Yr,0.001,0.0323
BLOOD,NP,8,+,+,+,-,DEI 10S,HIV-,0.001,0.013
BLOOD,NP,8,+,+,+,-,DEI 10T,HIV-,0.001,0.0833
BLOOD,NP,8,+,+,+,-,DEI 10U,HIV-,0.001,0.0213
BLOOD,NP,8,+,+,+,-,DEI 10V,HIV-,0.001,0.0189
BLOOD,NP,8,+,+,+,-,DEI 10W,HIV-,0.001,0.0833
BLOOD,NP,8,+,+,+,-,DEI 10X,HIV-,0.001,0.0833
BLOOD,NP,8,+,+,+,-,DEI 10Y,HIV-,0.001,0.0833
BLOOD,NP,8,+,+,+,-,DEI 10Z,HIV+ART>1Yr,0.001,0.0833
BLOOD,NP,8,+,+,+,-,DEI 110,HIV-,0.001,0.0435
BLOOD,NP,8,+,+,+,-,DEI 111,HIV+ART>1Yr,0.001,0.0189
BLOOD,NP,8,+,+,+,-,DEI 112,HIV+ART>1Yr,0.001,0.0312
BLOOD,NP,8,+,+,+,-,DEI 113,HIV-,0.001,0.0833
BLOOD,NP,8,+,+,+,-,DEI 114,HIV+ART>1Yr,0.001,0.04
BLOOD,NP,8,+,+,+,-,DEI 115,HIV+ART>1Yr,0.001,0.0833
BLOOD,NP,8,+,+,+,-,DEI 117,HIV+ART>1Yr,0.001,0.0196
BLOOD,NP,8,+,+,+,-,DEI 118,HIV+ART>1Yr,0.001,0.0102
BLOOD,NP,8,+,+,+,-,DEI 119,HIV+ART>1Yr,0.001,0.0455
BLOOD,NP,8,+,+,+,-,DEI 11A,HIV+ART>1Yr,0.001,0.0833
BLOOD,NP,8,+,+,+,-,DEI 11B,HIV-,0.001,0.0074
BLOOD,NP,8,+,+,+,-,DEI 11C,HIV+ART>1Yr,0.001,0.0227
BLOOD,NP,8,+,+,+,-,DEI 11D,HIV+ART>1Yr,0.001,0.0213
BLOOD,NP,8,+,+,+,-,DEI 11E,HIV+ART>1Yr,0.001,0.0263
BLOOD,NP,8,+,+,+,-,DEI 11F,HIV+ART>1Yr,0.001,0.0667
BLOOD,NP,8,+,+,+,-,DEI 11G,HIV+ART>1Yr,0.001,0.0196
BLOOD,NP,8,+,+,+,-,DEI 11H,HIV-,0.001,0.0143
BLOOD,NP,8,+,+,+,-,DEI 11I,HIV+ART>1Yr,0.001,0.025
BLOOD,NP,8,+,+,+,-,DEI 11J,HIV+ART>1Yr,0.001,0.0169
BLOOD,NP,8,+,+,+,-,DEI 11K,HIV-,0.001,0.0769
BLOOD,NP,8,+,+,+,-,DEI 11M,HIV+ART>1Yr,0.001,0.0077
BLOOD,NP,8,+,+,+,-,DEI 11N,HIV-,0.001,0.0015
BLOOD,NP,8,+,+,+,-,DEI 11P,HIV+ART>1Yr,0.001,0.0112
BLOOD,NP,8,+,+,+,-,DEI 11Q,HIV-,0.001,0.0556
BLOOD,NP,8,+,+,+,-,DEI 11R,HIV+ART>1Yr,0.001,0.0833
BLOOD,NP,8,+,+,+,-,DEI 11U,HIV-,0.001,0.0345
BLOOD,NP,8,+,+,+,-,DEI 11V,HIV-,0.001,0.02
BLOOD,NP,8,+,+,+,-,DEI 11Y,HIV-,0.001,0.0833
BLOOD,NP,8,+,+,+,-,DEI 11Z,HIV-,0.001,0.0833
BLOOD,NP,8,+,+,+,-,DEI 13V,HIV-,0.001,0.0714
BLOOD,NP,8,+,+,+,-,DEI 13W,HIV-,0.001,0.0192
BLOOD,NP,8,+,+,+,-,DEI 141,HIV-,0.001,0.037
BLOOD,NP,8,+,+,+,-,DEI 143,HIV-,0.001,0.0049
BLOOD,NP,8,+,+,-,+,DEI 107,HIV-,0.001,0.0244
BLOOD,NP,8,+,+,-,+,DEI 108,HIV-,0.001,0.025
BLOOD,NP,8,+,+,-,+,DEI 109,HIV-,0.004,0.007
BLOOD,NP,8,+,+,-,+,DEI 10A,HIV-,0.01,0.1852
BLOOD,NP,8,+,+,-,+,DEI 10B,HIV-,0.001,0.0164
BLOOD,NP,8,+,+,-,+,DEI 10C,HIV-,0.001,0.0714
BLOOD,NP,8,+,+,-,+,DEI 10D,HIV-,0.001,0.0092
BLOOD,NP,8,+,+,-,+,DEI 10E,HIV-,0.001,0.0118
BLOOD,NP,8,+,+,-,+,DEI 10F,HIV-,0.004,0.0055
BLOOD,NP,8,+,+,-,+,DEI 10G,HIV-,0.003,0.0517
BLOOD,NP,8,+,+,-,+,DEI 10H,HIV-,0.008,0.2857
BLOOD,NP,8,+,+,-,+,DEI 10I,HIV-,0.003,0.0667
BLOOD,NP,8,+,+,-,+,DEI 10J,HIV+ART>1Yr,0.001,0.0769
BLOOD,NP,8,+,+,-,+,DEI 10K,HIV+ART>1Yr,0.001,0.0833
BLOOD,NP,8,+,+,-,+,DEI 10L,HIV-,0.001,0.0833
BLOOD,NP,8,+,+,-,+,DEI 10M,HIV-,0.001,0.0068
BLOOD,NP,8,+,+,-,+,DEI 10N,HIV+ART>1Yr,0.001,0.0074
BLOOD,NP,8,+,+,-,+,DEI 10P,HIV+ART>1Yr,0.003,0.0048
BLOOD,NP,8,+,+,-,+,DEI 10Q,HIV-,0.001,0.0027
BLOOD,NP,8,+,+,-,+,DEI 10R,HIV+ART>1Yr,0.001,0.0323
BLOOD,NP,8,+,+,-,+,DEI 10S,HIV-,0.007,0.0909
BLOOD,NP,8,+,+,-,+,DEI 10T,HIV-,0.001,0.0833
BLOOD,NP,8,+,+,-,+,DEI 10U,HIV-,0.001,0.0213
BLOOD,NP,8,+,+,-,+,DEI 10V,HIV-,0.003,0.0566
BLOOD,NP,8,+,+,-,+,DEI 10W,HIV-,0.001,0.0833
BLOOD,NP,8,+,+,-,+,DEI 10X,HIV-,0.001,0.0833
BLOOD,NP,8,+,+,-,+,DEI 10Y,HIV-,0.001,0.0833
BLOOD,NP,8,+,+,-,+,DEI 10Z,HIV+ART>1Yr,0.001,0.0833
BLOOD,NP,8,+,+,-,+,DEI 110,HIV-,0.001,0.0435
BLOOD,NP,8,+,+,-,+,DEI 111,HIV+ART>1Yr,0.001,0.0189
BLOOD,NP,8,+,+,-,+,DEI 112,HIV+ART>1Yr,0.001,0.0312
BLOOD,NP,8,+,+,-,+,DEI 113,HIV-,0.001,0.0833
BLOOD,NP,8,+,+,-,+,DEI 114,HIV+ART>1Yr,0.001,0.04
BLOOD,NP,8,+,+,-,+,DEI 115,HIV+ART>1Yr,0.001,0.0833
BLOOD,NP,8,+,+,-,+,DEI 117,HIV+ART>1Yr,0.001,0.0196
BLOOD,NP,8,+,+,-,+,DEI 118,HIV+ART>1Yr,0.001,0.0102
BLOOD,NP,8,+,+,-,+,DEI 119,HIV+ART>1Yr,0.001,0.0455
BLOOD,NP,8,+,+,-,+,DEI 11A,HIV+ART>1Yr,0.001,0.0833
BLOOD,NP,8,+,+,-,+,DEI 11B,HIV-,0.003,0.0221
BLOOD,NP,8,+,+,-,+,DEI 11C,HIV+ART>1Yr,0.001,0.0227
BLOOD,NP,8,+,+,-,+,DEI 11D,HIV+ART>1Yr,0.006,0.1277
BLOOD,NP,8,+,+,-,+,DEI 11E,HIV+ART>1Yr,0.001,0.0263
BLOOD,NP,8,+,+,-,+,DEI 11F,HIV+ART>1Yr,0.001,0.0667
BLOOD,NP,8,+,+,-,+,DEI 11G,HIV+ART>1Yr,0.001,0.0196
BLOOD,NP,8,+,+,-,+,DEI 11H,HIV-,0.001,0.0143
BLOOD,NP,8,+,+,-,+,DEI 11I,HIV+ART>1Yr,0.001,0.025
BLOOD,NP,8,+,+,-,+,DEI 11J,HIV+ART>1Yr,0.001,0.0169
BLOOD,NP,8,+,+,-,+,DEI 11K,HIV-,0.001,0.0769
BLOOD,NP,8,+,+,-,+,DEI 11M,HIV+ART>1Yr,0.001,0.0077
BLOOD,NP,8,+,+,-,+,DEI 11N,HIV-,0.001,0.0015
BLOOD,NP,8,+,+,-,+,DEI 11P,HIV+ART>1Yr,0.001,0.0112
BLOOD,NP,8,+,+,-,+,DEI 11Q,HIV-,0.001,0.0556
BLOOD,NP,8,+,+,-,+,DEI 11R,HIV+ART>1Yr,0.001,0.0833
BLOOD,NP,8,+,+,-,+,DEI 11U,HIV-,0.001,0.0345
BLOOD,NP,8,+,+,-,+,DEI 11V,HIV-,0.001,0.02
BLOOD,NP,8,+,+,-,+,DEI 11Y,HIV-,0.001,0.0833
BLOOD,NP,8,+,+,-,+,DEI 11Z,HIV-,0.001,0.0833
BLOOD,NP,8,+,+,-,+,DEI 13V,HIV-,0.001,0.0714
BLOOD,NP,8,+,+,-,+,DEI 13W,HIV-,0.001,0.0192
BLOOD,NP,8,+,+,-,+,DEI 141,HIV-,0.001,0.037
BLOOD,NP,8,+,+,-,+,DEI 143,HIV-,0.001,0.0049
BLOOD,NP,8,+,-,+,+,DEI 107,HIV-,0.001,0.0244
BLOOD,NP,8,+,-,+,+,DEI 108,HIV-,0.001,0.025
BLOOD,NP,8,+,-,+,+,DEI 109,HIV-,0.01,0.0175
BLOOD,NP,8,+,-,+,+,DEI 10A,HIV-,0.001,0.0185
BLOOD,NP,8,+,-,+,+,DEI 10B,HIV-,0.001,0.0164
BLOOD,NP,8,+,-,+,+,DEI 10C,HIV-,0.001,0.0714
BLOOD,NP,8,+,-,+,+,DEI 10D,HIV-,0.001,0.0092
BLOOD,NP,8,+,-,+,+,DEI 10E,HIV-,0.003,0.0353
BLOOD,NP,8,+,-,+,+,DEI 10F,HIV-,0.006,0.0083
BLOOD,NP,8,+,-,+,+,DEI 10G,HIV-,0.004,0.069
BLOOD,NP,8,+,-,+,+,DEI 10H,HIV-,0.001,0.0357
BLOOD,NP,8,+,-,+,+,DEI 10I,HIV-,0.002,0.0444
BLOOD,NP,8,+,-,+,+,DEI 10J,HIV+ART>1Yr,0.001,0.0769
BLOOD,NP,8,+,-,+,+,DEI 10K,HIV+ART>1Yr,0.001,0.0833
BLOOD,NP,8,+,-,+,+,DEI 10L,HIV-,0.001,0.0833
BLOOD,NP,8,+,-,+,+,DEI 10M,HIV-,0.001,0.0068
BLOOD,NP,8,+,-,+,+,DEI 10N,HIV+ART>1Yr,0.001,0.0074
BLOOD,NP,8,+,-,+,+,DEI 10P,HIV+ART>1Yr,0.009,0.0143
BLOOD,NP,8,+,-,+,+,DEI 10Q,HIV-,0.007,0.0189
BLOOD,NP,8,+,-,+,+,DEI 10R,HIV+ART>1Yr,0.001,0.0323
BLOOD,NP,8,+,-,+,+,DEI 10S,HIV-,0.001,0.013
BLOOD,NP,8,+,-,+,+,DEI 10T,HIV-,0.001,0.0833
BLOOD,NP,8,+,-,+,+,DEI 10U,HIV-,0.002,0.0426
BLOOD,NP,8,+,-,+,+,DEI 10V,HIV-,0.001,0.0189
BLOOD,NP,8,+,-,+,+,DEI 10W,HIV-,0.001,0.0833
BLOOD,NP,8,+,-,+,+,DEI 10X,HIV-,0.001,0.0833
BLOOD,NP,8,+,-,+,+,DEI 10Y,HIV-,0.001,0.0833
BLOOD,NP,8,+,-,+,+,DEI 10Z,HIV+ART>1Yr,0.001,0.0833
BLOOD,NP,8,+,-,+,+,DEI 110,HIV-,0.001,0.0435
BLOOD,NP,8,+,-,+,+,DEI 111,HIV+ART>1Yr,0.001,0.0189
BLOOD,NP,8,+,-,+,+,DEI 112,HIV+ART>1Yr,0.001,0.0312
BLOOD,NP,8,+,-,+,+,DEI 113,HIV-,0.001,0.0833
BLOOD,NP,8,+,-,+,+,DEI 114,HIV+ART>1Yr,0.001,0.04
BLOOD,NP,8,+,-,+,+,DEI 115,HIV+ART>1Yr,0.001,0.0833
BLOOD,NP,8,+,-,+,+,DEI 117,HIV+ART>1Yr,0.001,0.0196
BLOOD,NP,8,+,-,+,+,DEI 118,HIV+ART>1Yr,0.003,0.0306
BLOOD,NP,8,+,-,+,+,DEI 119,HIV+ART>1Yr,0.001,0.0455
BLOOD,NP,8,+,-,+,+,DEI 11A,HIV+ART>1Yr,0.001,0.0833
BLOOD,NP,8,+,-,+,+,DEI 11B,HIV-,0.002,0.0147
BLOOD,NP,8,+,-,+,+,DEI 11C,HIV+ART>1Yr,0.003,0.0682
BLOOD,NP,8,+,-,+,+,DEI 11D,HIV+ART>1Yr,0.003,0.0638
BLOOD,NP,8,+,-,+,+,DEI 11E,HIV+ART>1Yr,0.001,0.0263
BLOOD,NP,8,+,-,+,+,DEI 11F,HIV+ART>1Yr,0.001,0.0667
BLOOD,NP,8,+,-,+,+,DEI 11G,HIV+ART>1Yr,0.001,0.0196
BLOOD,NP,8,+,-,+,+,DEI 11H,HIV-,0.001,0.0143
BLOOD,NP,8,+,-,+,+,DEI 11I,HIV+ART>1Yr,0.001,0.025
BLOOD,NP,8,+,-,+,+,DEI 11J,HIV+ART>1Yr,0.001,0.0169
BLOOD,NP,8,+,-,+,+,DEI 11K,HIV-,0.001,0.0769
BLOOD,NP,8,+,-,+,+,DEI 11M,HIV+ART>1Yr,0.001,0.0077
BLOOD,NP,8,+,-,+,+,DEI 11N,HIV-,0.001,0.0015
BLOOD,NP,8,+,-,+,+,DEI 11P,HIV+ART>1Yr,0.001,0.0112
BLOOD,NP,8,+,-,+,+,DEI 11Q,HIV-,0.001,0.0556
BLOOD,NP,8,+,-,+,+,DEI 11R,HIV+ART>1Yr,0.001,0.0833
BLOOD,NP,8,+,-,+,+,DEI 11U,HIV-,0.001,0.0345
BLOOD,NP,8,+,-,+,+,DEI 11V,HIV-,0.001,0.02
BLOOD,NP,8,+,-,+,+,DEI 11Y,HIV-,0.001,0.0833
BLOOD,NP,8,+,-,+,+,DEI 11Z,HIV-,0.001,0.0833
BLOOD,NP,8,+,-,+,+,DEI 13V,HIV-,0.001,0.0714
BLOOD,NP,8,+,-,+,+,DEI 13W,HIV-,0.001,0.0192
BLOOD,NP,8,+,-,+,+,DEI 141,HIV-,0.001,0.037
BLOOD,NP,8,+,-,+,+,DEI 143,HIV-,0.001,0.0049
BLOOD,NP,8,+,-,+,-,DEI 107,HIV-,0.001,0.0244
BLOOD,NP,8,+,-,+,-,DEI 108,HIV-,0.001,0.025
BLOOD,NP,8,+,-,+,-,DEI 109,HIV-,0.45,0.7867
BLOOD,NP,8,+,-,+,-,DEI 10A,HIV-,0.025,0.463
BLOOD,NP,8,+,-,+,-,DEI 10B,HIV-,0.02,0.3279
BLOOD,NP,8,+,-,+,-,DEI 10C,HIV-,0.001,0.0714
BLOOD,NP,8,+,-,+,-,DEI 10D,HIV-,0.05,0.4587
BLOOD,NP,8,+,-,+,-,DEI 10E,HIV-,0.052,0.6118
BLOOD,NP,8,+,-,+,-,DEI 10F,HIV-,0.05,0.0693
BLOOD,NP,8,+,-,+,-,DEI 10G,HIV-,0.001,0.0172
BLOOD,NP,8,+,-,+,-,DEI 10H,HIV-,0.01,0.3571
BLOOD,NP,8,+,-,+,-,DEI 10I,HIV-,0.001,0.0222
BLOOD,NP,8,+,-,+,-,DEI 10J,HIV+ART>1Yr,0.001,0.0769
BLOOD,NP,8,+,-,+,-,DEI 10K,HIV+ART>1Yr,0.001,0.0833
BLOOD,NP,8,+,-,+,-,DEI 10L,HIV-,0.001,0.0833
BLOOD,NP,8,+,-,+,-,DEI 10M,HIV-,0.001,0.0068
BLOOD,NP,8,+,-,+,-,DEI 10N,HIV+ART>1Yr,0.01,0.0741
BLOOD,NP,8,+,-,+,-,DEI 10P,HIV+ART>1Yr,0.025,0.0397
BLOOD,NP,8,+,-,+,-,DEI 10Q,HIV-,0.001,0.0027
BLOOD,NP,8,+,-,+,-,DEI 10R,HIV+ART>1Yr,0.001,0.0323
BLOOD,NP,8,+,-,+,-,DEI 10S,HIV-,0.004,0.0519
BLOOD,NP,8,+,-,+,-,DEI 10T,HIV-,0.001,0.0833
BLOOD,NP,8,+,-,+,-,DEI 10U,HIV-,0.01,0.2128
BLOOD,NP,8,+,-,+,-,DEI 10V,HIV-,0.001,0.0189
BLOOD,NP,8,+,-,+,-,DEI 10W,HIV-,0.001,0.0833
BLOOD,NP,8,+,-,+,-,DEI 10X,HIV-,0.001,0.0833
BLOOD,NP,8,+,-,+,-,DEI 10Y,HIV-,0.001,0.0833
BLOOD,NP,8,+,-,+,-,DEI 10Z,HIV+ART>1Yr,0.001,0.0833
BLOOD,NP,8,+,-,+,-,DEI 110,HIV-,0.003,0.1304
BLOOD,NP,8,+,-,+,-,DEI 111,HIV+ART>1Yr,0.012,0.2264
BLOOD,NP,8,+,-,+,-,DEI 112,HIV+ART>1Yr,0.01,0.3125
BLOOD,NP,8,+,-,+,-,DEI 113,HIV-,0.001,0.0833
BLOOD,NP,8,+,-,+,-,DEI 114,HIV+ART>1Yr,0.001,0.04
BLOOD,NP,8,+,-,+,-,DEI 115,HIV+ART>1Yr,0.001,0.0833
BLOOD,NP,8,+,-,+,-,DEI 117,HIV+ART>1Yr,0.02,0.3922
BLOOD,NP,8,+,-,+,-,DEI 118,HIV+ART>1Yr,0.003,0.0306
BLOOD,NP,8,+,-,+,-,DEI 119,HIV+ART>1Yr,0.001,0.0455
BLOOD,NP,8,+,-,+,-,DEI 11A,HIV+ART>1Yr,0.001,0.0833
BLOOD,NP,8,+,-,+,-,DEI 11B,HIV-,0.001,0.0074
BLOOD,NP,8,+,-,+,-,DEI 11C,HIV+ART>1Yr,0.001,0.0227
BLOOD,NP,8,+,-,+,-,DEI 11D,HIV+ART>1Yr,0.001,0.0213
BLOOD,NP,8,+,-,+,-,DEI 11E,HIV+ART>1Yr,0.005,0.1316
BLOOD,NP,8,+,-,+,-,DEI 11F,HIV+ART>1Yr,0.002,0.1333
BLOOD,NP,8,+,-,+,-,DEI 11G,HIV+ART>1Yr,0.001,0.0196
BLOOD,NP,8,+,-,+,-,DEI 11H,HIV-,0.001,0.0143
BLOOD,NP,8,+,-,+,-,DEI 11I,HIV+ART>1Yr,0.002,0.05
BLOOD,NP,8,+,-,+,-,DEI 11J,HIV+ART>1Yr,0.003,0.0508
BLOOD,NP,8,+,-,+,-,DEI 11K,HIV-,0.001,0.0769
BLOOD,NP,8,+,-,+,-,DEI 11M,HIV+ART>1Yr,0.001,0.0077
BLOOD,NP,8,+,-,+,-,DEI 11N,HIV-,0.001,0.0015
BLOOD,NP,8,+,-,+,-,DEI 11P,HIV+ART>1Yr,0.001,0.0112
BLOOD,NP,8,+,-,+,-,DEI 11Q,HIV-,0.001,0.0556
BLOOD,NP,8,+,-,+,-,DEI 11R,HIV+ART>1Yr,0.001,0.0833
BLOOD,NP,8,+,-,+,-,DEI 11U,HIV-,0.01,0.3448
BLOOD,NP,8,+,-,+,-,DEI 11V,HIV-,0.001,0.02
BLOOD,NP,8,+,-,+,-,DEI 11Y,HIV-,0.001,0.0833
BLOOD,NP,8,+,-,+,-,DEI 11Z,HIV-,0.001,0.0833
BLOOD,NP,8,+,-,+,-,DEI 13V,HIV-,0.001,0.0714
BLOOD,NP,8,+,-,+,-,DEI 13W,HIV-,0.001,0.0192
BLOOD,NP,8,+,-,+,-,DEI 141,HIV-,0.001,0.037
BLOOD,NP,8,+,-,+,-,DEI 143,HIV-,0.03,0.1478
BLOOD,NP,8,+,-,-,+,DEI 107,HIV-,0.001,0.0244
BLOOD,NP,8,+,-,-,+,DEI 108,HIV-,0.001,0.025
BLOOD,NP,8,+,-,-,+,DEI 109,HIV-,0.02,0.035
BLOOD,NP,8,+,-,-,+,DEI 10A,HIV-,0.001,0.0185
BLOOD,NP,8,+,-,-,+,DEI 10B,HIV-,0.012,0.1967
BLOOD,NP,8,+,-,-,+,DEI 10C,HIV-,0.001,0.0714
BLOOD,NP,8,+,-,-,+,DEI 10D,HIV-,0.001,0.0092
BLOOD,NP,8,+,-,-,+,DEI 10E,HIV-,0.001,0.0118
BLOOD,NP,8,+,-,-,+,DEI 10F,HIV-,0.05,0.0693
BLOOD,NP,8,+,-,-,+,DEI 10G,HIV-,0.001,0.0172
BLOOD,NP,8,+,-,-,+,DEI 10H,HIV-,0.001,0.0357
BLOOD,NP,8,+,-,-,+,DEI 10I,HIV-,0.001,0.0222
BLOOD,NP,8,+,-,-,+,DEI 10J,HIV+ART>1Yr,0.001,0.0769
BLOOD,NP,8,+,-,-,+,DEI 10K,HIV+ART>1Yr,0.001,0.0833
BLOOD,NP,8,+,-,-,+,DEI 10L,HIV-,0.001,0.0833
BLOOD,NP,8,+,-,-,+,DEI 10M,HIV-,0.002,0.0136
BLOOD,NP,8,+,-,-,+,DEI 10N,HIV+ART>1Yr,0.001,0.0074
BLOOD,NP,8,+,-,-,+,DEI 10P,HIV+ART>1Yr,0.014,0.0222
BLOOD,NP,8,+,-,-,+,DEI 10Q,HIV-,0.035,0.0943
BLOOD,NP,8,+,-,-,+,DEI 10R,HIV+ART>1Yr,0.001,0.0323
BLOOD,NP,8,+,-,-,+,DEI 10S,HIV-,0.001,0.013
BLOOD,NP,8,+,-,-,+,DEI 10T,HIV-,0.001,0.0833
BLOOD,NP,8,+,-,-,+,DEI 10U,HIV-,0.01,0.2128
BLOOD,NP,8,+,-,-,+,DEI 10V,HIV-,0.01,0.1887
BLOOD,NP,8,+,-,-,+,DEI 10W,HIV-,0.001,0.0833
BLOOD,NP,8,+,-,-,+,DEI 10X,HIV-,0.001,0.0833
BLOOD,NP,8,+,-,-,+,DEI 10Y,HIV-,0.001,0.0833
BLOOD,NP,8,+,-,-,+,DEI 10Z,HIV+ART>1Yr,0.001,0.0833
BLOOD,NP,8,+,-,-,+,DEI 110,HIV-,0.001,0.0435
BLOOD,NP,8,+,-,-,+,DEI 111,HIV+ART>1Yr,0.003,0.0566
BLOOD,NP,8,+,-,-,+,DEI 112,HIV+ART>1Yr,0.001,0.0312
BLOOD,NP,8,+,-,-,+,DEI 113,HIV-,0.001,0.0833
BLOOD,NP,8,+,-,-,+,DEI 114,HIV+ART>1Yr,0.001,0.04
BLOOD,NP,8,+,-,-,+,DEI 115,HIV+ART>1Yr,0.001,0.0833
BLOOD,NP,8,+,-,-,+,DEI 117,HIV+ART>1Yr,0.01,0.1961
BLOOD,NP,8,+,-,-,+,DEI 118,HIV+ART>1Yr,0.02,0.2041
BLOOD,NP,8,+,-,-,+,DEI 119,HIV+ART>1Yr,0.01,0.4545
BLOOD,NP,8,+,-,-,+,DEI 11A,HIV+ART>1Yr,0.001,0.0833
BLOOD,NP,8,+,-,-,+,DEI 11B,HIV-,0.04,0.2941
BLOOD,NP,8,+,-,-,+,DEI 11C,HIV+ART>1Yr,0.01,0.2273
BLOOD,NP,8,+,-,-,+,DEI 11D,HIV+ART>1Yr,0.001,0.0213
BLOOD,NP,8,+,-,-,+,DEI 11E,HIV+ART>1Yr,0.001,0.0263
BLOOD,NP,8,+,-,-,+,DEI 11F,HIV+ART>1Yr,0.001,0.0667
BLOOD,NP,8,+,-,-,+,DEI 11G,HIV+ART>1Yr,0.001,0.0196
BLOOD,NP,8,+,-,-,+,DEI 11H,HIV-,0.01,0.1429
BLOOD,NP,8,+,-,-,+,DEI 11I,HIV+ART>1Yr,0.001,0.025
BLOOD,NP,8,+,-,-,+,DEI 11J,HIV+ART>1Yr,0.005,0.0847
BLOOD,NP,8,+,-,-,+,DEI 11K,HIV-,0.001,0.0769
BLOOD,NP,8,+,-,-,+,DEI 11M,HIV+ART>1Yr,0.001,0.0077
BLOOD,NP,8,+,-,-,+,DEI 11N,HIV-,0.001,0.0015
BLOOD,NP,8,+,-,-,+,DEI 11P,HIV+ART>1Yr,0.001,0.0112
BLOOD,NP,8,+,-,-,+,DEI 11Q,HIV-,0.001,0.0556
BLOOD,NP,8,+,-,-,+,DEI 11R,HIV+ART>1Yr,0.001,0.0833
BLOOD,NP,8,+,-,-,+,DEI 11U,HIV-,0.004,0.1379
BLOOD,NP,8,+,-,-,+,DEI 11V,HIV-,0.001,0.02
BLOOD,NP,8,+,-,-,+,DEI 11Y,HIV-,0.001,0.0833
BLOOD,NP,8,+,-,-,+,DEI 11Z,HIV-,0.001,0.0833
BLOOD,NP,8,+,-,-,+,DEI 13V,HIV-,0.001,0.0714
BLOOD,NP,8,+,-,-,+,DEI 13W,HIV-,0.001,0.0192
BLOOD,NP,8,+,-,-,+,DEI 141,HIV-,0.001,0.037
BLOOD,NP,8,+,-,-,+,DEI 143,HIV-,0.05,0.2463
BLOOD,NP,8,-,+,+,+,DEI 107,HIV-,0.001,0.0244
BLOOD,NP,8,-,+,+,+,DEI 108,HIV-,0.001,0.025
BLOOD,NP,8,-,+,+,+,DEI 109,HIV-,0.001,0.0017
BLOOD,NP,8,-,+,+,+,DEI 10A,HIV-,0.001,0.0185
BLOOD,NP,8,-,+,+,+,DEI 10B,HIV-,0.001,0.0164
BLOOD,NP,8,-,+,+,+,DEI 10C,HIV-,0.001,0.0714
BLOOD,NP,8,-,+,+,+,DEI 10D,HIV-,0.001,0.0092
BLOOD,NP,8,-,+,+,+,DEI 10E,HIV-,0.001,0.0118
BLOOD,NP,8,-,+,+,+,DEI 10F,HIV-,0.004,0.0055
BLOOD,NP,8,-,+,+,+,DEI 10G,HIV-,0.001,0.0172
BLOOD,NP,8,-,+,+,+,DEI 10H,HIV-,0.001,0.0357
BLOOD,NP,8,-,+,+,+,DEI 10I,HIV-,0.002,0.0444
BLOOD,NP,8,-,+,+,+,DEI 10J,HIV+ART>1Yr,0.001,0.0769
BLOOD,NP,8,-,+,+,+,DEI 10K,HIV+ART>1Yr,0.001,0.0833
BLOOD,NP,8,-,+,+,+,DEI 10L,HIV-,0.001,0.0833
BLOOD,NP,8,-,+,+,+,DEI 10M,HIV-,0.001,0.0068
BLOOD,NP,8,-,+,+,+,DEI 10N,HIV+ART>1Yr,0.001,0.0074
BLOOD,NP,8,-,+,+,+,DEI 10P,HIV+ART>1Yr,0.002,0.0032
BLOOD,NP,8,-,+,+,+,DEI 10Q,HIV-,0.009,0.0243
BLOOD,NP,8,-,+,+,+,DEI 10R,HIV+ART>1Yr,0.001,0.0323
BLOOD,NP,8,-,+,+,+,DEI 10S,HIV-,0.002,0.026
BLOOD,NP,8,-,+,+,+,DEI 10T,HIV-,0.001,0.0833
BLOOD,NP,8,-,+,+,+,DEI 10U,HIV-,0.001,0.0213
BLOOD,NP,8,-,+,+,+,DEI 10V,HIV-,0.001,0.0189
BLOOD,NP,8,-,+,+,+,DEI 10W,HIV-,0.001,0.0833
BLOOD,NP,8,-,+,+,+,DEI 10X,HIV-,0.001,0.0833
BLOOD,NP,8,-,+,+,+,DEI 10Y,HIV-,0.001,0.0833
BLOOD,NP,8,-,+,+,+,DEI 10Z,HIV+ART>1Yr,0.001,0.0833
BLOOD,NP,8,-,+,+,+,DEI 110,HIV-,0.001,0.0435
BLOOD,NP,8,-,+,+,+,DEI 111,HIV+ART>1Yr,0.001,0.0189
BLOOD,NP,8,-,+,+,+,DEI 112,HIV+ART>1Yr,0.001,0.0312
BLOOD,NP,8,-,+,+,+,DEI 113,HIV-,0.001,0.0833
BLOOD,NP,8,-,+,+,+,DEI 114,HIV+ART>1Yr,0.001,0.04
BLOOD,NP,8,-,+,+,+,DEI 115,HIV+ART>1Yr,0.001,0.0833
BLOOD,NP,8,-,+,+,+,DEI 117,HIV+ART>1Yr,0.001,0.0196
BLOOD,NP,8,-,+,+,+,DEI 118,HIV+ART>1Yr,0.001,0.0102
BLOOD,NP,8,-,+,+,+,DEI 119,HIV+ART>1Yr,0.001,0.0455
BLOOD,NP,8,-,+,+,+,DEI 11A,HIV+ART>1Yr,0.001,0.0833
BLOOD,NP,8,-,+,+,+,DEI 11B,HIV-,0.001,0.0074
BLOOD,NP,8,-,+,+,+,DEI 11C,HIV+ART>1Yr,0.001,0.0227
BLOOD,NP,8,-,+,+,+,DEI 11D,HIV+ART>1Yr,0.003,0.0638
BLOOD,NP,8,-,+,+,+,DEI 11E,HIV+ART>1Yr,0.001,0.0263
BLOOD,NP,8,-,+,+,+,DEI 11F,HIV+ART>1Yr,0.001,0.0667
BLOOD,NP,8,-,+,+,+,DEI 11G,HIV+ART>1Yr,0.001,0.0196
BLOOD,NP,8,-,+,+,+,DEI 11H,HIV-,0.001,0.0143
BLOOD,NP,8,-,+,+,+,DEI 11I,HIV+ART>1Yr,0.001,0.025
BLOOD,NP,8,-,+,+,+,DEI 11J,HIV+ART>1Yr,0.001,0.0169
BLOOD,NP,8,-,+,+,+,DEI 11K,HIV-,0.001,0.0769
BLOOD,NP,8,-,+,+,+,DEI 11M,HIV+ART>1Yr,0.001,0.0077
BLOOD,NP,8,-,+,+,+,DEI 11N,HIV-,0.001,0.0015
BLOOD,NP,8,-,+,+,+,DEI 11P,HIV+ART>1Yr,0.001,0.0112
BLOOD,NP,8,-,+,+,+,DEI 11Q,HIV-,0.007,0.3889
BLOOD,NP,8,-,+,+,+,DEI 11R,HIV+ART>1Yr,0.001,0.0833
BLOOD,NP,8,-,+,+,+,DEI 11U,HIV-,0.001,0.0345
BLOOD,NP,8,-,+,+,+,DEI 11V,HIV-,0.001,0.02
BLOOD,NP,8,-,+,+,+,DEI 11Y,HIV-,0.001,0.0833
BLOOD,NP,8,-,+,+,+,DEI 11Z,HIV-,0.001,0.0833
BLOOD,NP,8,-,+,+,+,DEI 13V,HIV-,0.001,0.0714
BLOOD,NP,8,-,+,+,+,DEI 13W,HIV-,0.001,0.0192
BLOOD,NP,8,-,+,+,+,DEI 141,HIV-,0.001,0.037
BLOOD,NP,8,-,+,+,+,DEI 143,HIV-,0.006,0.0296
BLOOD,NP,8,-,+,+,-,DEI 107,HIV-,0.001,0.0244
BLOOD,NP,8,-,+,+,-,DEI 108,HIV-,0.001,0.025
BLOOD,NP,8,-,+,+,-,DEI 109,HIV-,0.004,0.007
BLOOD,NP,8,-,+,+,-,DEI 10A,HIV-,0.001,0.0185
BLOOD,NP,8,-,+,+,-,DEI 10B,HIV-,0.001,0.0164
BLOOD,NP,8,-,+,+,-,DEI 10C,HIV-,0.003,0.2143
BLOOD,NP,8,-,+,+,-,DEI 10D,HIV-,0.001,0.0092
BLOOD,NP,8,-,+,+,-,DEI 10E,HIV-,0.001,0.0118
BLOOD,NP,8,-,+,+,-,DEI 10F,HIV-,0.07,0.0971
BLOOD,NP,8,-,+,+,-,DEI 10G,HIV-,0.001,0.0172
BLOOD,NP,8,-,+,+,-,DEI 10H,HIV-,0.001,0.0357
BLOOD,NP,8,-,+,+,-,DEI 10I,HIV-,0.013,0.2889
BLOOD,NP,8,-,+,+,-,DEI 10J,HIV+ART>1Yr,0.002,0.1538
BLOOD,NP,8,-,+,+,-,DEI 10K,HIV+ART>1Yr,0.001,0.0833
BLOOD,NP,8,-,+,+,-,DEI 10L,HIV-,0.001,0.0833
BLOOD,NP,8,-,+,+,-,DEI 10M,HIV-,0.002,0.0136
BLOOD,NP,8,-,+,+,-,DEI 10N,HIV+ART>1Yr,0.001,0.0074
BLOOD,NP,8,-,+,+,-,DEI 10P,HIV+ART>1Yr,0.037,0.0587
BLOOD,NP,8,-,+,+,-,DEI 10Q,HIV-,0.035,0.0943
BLOOD,NP,8,-,+,+,-,DEI 10R,HIV+ART>1Yr,0.001,0.0323
BLOOD,NP,8,-,+,+,-,DEI 10S,HIV-,0.007,0.0909
BLOOD,NP,8,-,+,+,-,DEI 10T,HIV-,0.001,0.0833
BLOOD,NP,8,-,+,+,-,DEI 10U,HIV-,0.002,0.0426
BLOOD,NP,8,-,+,+,-,DEI 10V,HIV-,0.001,0.0189
BLOOD,NP,8,-,+,+,-,DEI 10W,HIV-,0.001,0.0833
BLOOD,NP,8,-,+,+,-,DEI 10X,HIV-,0.001,0.0833
BLOOD,NP,8,-,+,+,-,DEI 10Y,HIV-,0.001,0.0833
BLOOD,NP,8,-,+,+,-,DEI 10Z,HIV+ART>1Yr,0.001,0.0833
BLOOD,NP,8,-,+,+,-,DEI 110,HIV-,0.001,0.0435
BLOOD,NP,8,-,+,+,-,DEI 111,HIV+ART>1Yr,0.001,0.0189
BLOOD,NP,8,-,+,+,-,DEI 112,HIV+ART>1Yr,0.001,0.0312
BLOOD,NP,8,-,+,+,-,DEI 113,HIV-,0.001,0.0833
BLOOD,NP,8,-,+,+,-,DEI 114,HIV+ART>1Yr,0.001,0.04
BLOOD,NP,8,-,+,+,-,DEI 115,HIV+ART>1Yr,0.001,0.0833
BLOOD,NP,8,-,+,+,-,DEI 117,HIV+ART>1Yr,0.001,0.0196
BLOOD,NP,8,-,+,+,-,DEI 118,HIV+ART>1Yr,0.002,0.0204
BLOOD,NP,8,-,+,+,-,DEI 119,HIV+ART>1Yr,0.001,0.0455
BLOOD,NP,8,-,+,+,-,DEI 11A,HIV+ART>1Yr,0.001,0.0833
BLOOD,NP,8,-,+,+,-,DEI 11B,HIV-,0.028,0.2059
BLOOD,NP,8,-,+,+,-,DEI 11C,HIV+ART>1Yr,0.001,0.0227
BLOOD,NP,8,-,+,+,-,DEI 11D,HIV+ART>1Yr,0.02,0.4255
BLOOD,NP,8,-,+,+,-,DEI 11E,HIV+ART>1Yr,0.001,0.0263
BLOOD,NP,8,-,+,+,-,DEI 11F,HIV+ART>1Yr,0.001,0.0667
BLOOD,NP,8,-,+,+,-,DEI 11G,HIV+ART>1Yr,0.009,0.1765
BLOOD,NP,8,-,+,+,-,DEI 11H,HIV-,0.001,0.0143
BLOOD,NP,8,-,+,+,-,DEI 11I,HIV+ART>1Yr,0.001,0.025
BLOOD,NP,8,-,+,+,-,DEI 11J,HIV+ART>1Yr,0.003,0.0508
BLOOD,NP,8,-,+,+,-,DEI 11K,HIV-,0.001,0.0769
BLOOD,NP,8,-,+,+,-,DEI 11M,HIV+ART>1Yr,0.001,0.0077
BLOOD,NP,8,-,+,+,-,DEI 11N,HIV-,0.08,0.1235
BLOOD,NP,8,-,+,+,-,DEI 11P,HIV+ART>1Yr,0.005,0.0562
BLOOD,NP,8,-,+,+,-,DEI 11Q,HIV-,0.001,0.0556
BLOOD,NP,8,-,+,+,-,DEI 11R,HIV+ART>1Yr,0.001,0.0833
BLOOD,NP,8,-,+,+,-,DEI 11U,HIV-,0.001,0.0345
BLOOD,NP,8,-,+,+,-,DEI 11V,HIV-,0.001,0.02
BLOOD,NP,8,-,+,+,-,DEI 11Y,HIV-,0.001,0.0833
BLOOD,NP,8,-,+,+,-,DEI 11Z,HIV-,0.001,0.0833
BLOOD,NP,8,-,+,+,-,DEI 13V,HIV-,0.001,0.0714
BLOOD,NP,8,-,+,+,-,DEI 13W,HIV-,0.001,0.0192
BLOOD,NP,8,-,+,+,-,DEI 141,HIV-,0.016,0.5926
BLOOD,NP,8,-,+,+,-,DEI 143,HIV-,0.09,0.4433
BLOOD,NP,8,-,+,-,+,DEI 107,HIV-,0.001,0.0244
BLOOD,NP,8,-,+,-,+,DEI 108,HIV-,0.001,0.025
BLOOD,NP,8,-,+,-,+,DEI 109,HIV-,0.001,0.0017
BLOOD,NP,8,-,+,-,+,DEI 10A,HIV-,0.001,0.0185
BLOOD,NP,8,-,+,-,+,DEI 10B,HIV-,0.001,0.0164
BLOOD,NP,8,-,+,-,+,DEI 10C,HIV-,0.001,0.0714
BLOOD,NP,8,-,+,-,+,DEI 10D,HIV-,0.001,0.0092
BLOOD,NP,8,-,+,-,+,DEI 10E,HIV-,0.001,0.0118
BLOOD,NP,8,-,+,-,+,DEI 10F,HIV-,0.05,0.0693
BLOOD,NP,8,-,+,-,+,DEI 10G,HIV-,0.002,0.0345
BLOOD,NP,8,-,+,-,+,DEI 10H,HIV-,0.001,0.0357
BLOOD,NP,8,-,+,-,+,DEI 10I,HIV-,0.012,0.2667
BLOOD,NP,8,-,+,-,+,DEI 10J,HIV+ART>1Yr,0.001,0.0769
BLOOD,NP,8,-,+,-,+,DEI 10K,HIV+ART>1Yr,0.001,0.0833
BLOOD,NP,8,-,+,-,+,DEI 10L,HIV-,0.001,0.0833
BLOOD,NP,8,-,+,-,+,DEI 10M,HIV-,0.001,0.0068
BLOOD,NP,8,-,+,-,+,DEI 10N,HIV+ART>1Yr,0.001,0.0074
BLOOD,NP,8,-,+,-,+,DEI 10P,HIV+ART>1Yr,0.018,0.0286
BLOOD,NP,8,-,+,-,+,DEI 10Q,HIV-,0.04,0.1078
BLOOD,NP,8,-,+,-,+,DEI 10R,HIV+ART>1Yr,0.001,0.0323
BLOOD,NP,8,-,+,-,+,DEI 10S,HIV-,0.001,0.013
BLOOD,NP,8,-,+,-,+,DEI 10T,HIV-,0.001,0.0833
BLOOD,NP,8,-,+,-,+,DEI 10U,HIV-,0.007,0.1489
BLOOD,NP,8,-,+,-,+,DEI 10V,HIV-,0.002,0.0377
BLOOD,NP,8,-,+,-,+,DEI 10W,HIV-,0.001,0.0833
BLOOD,NP,8,-,+,-,+,DEI 10X,HIV-,0.001,0.0833
BLOOD,NP,8,-,+,-,+,DEI 10Y,HIV-,0.001,0.0833
BLOOD,NP,8,-,+,-,+,DEI 10Z,HIV+ART>1Yr,0.001,0.0833
BLOOD,NP,8,-,+,-,+,DEI 110,HIV-,0.001,0.0435
BLOOD,NP,8,-,+,-,+,DEI 111,HIV+ART>1Yr,0.001,0.0189
BLOOD,NP,8,-,+,-,+,DEI 112,HIV+ART>1Yr,0.001,0.0312
BLOOD,NP,8,-,+,-,+,DEI 113,HIV-,0.001,0.0833
BLOOD,NP,8,-,+,-,+,DEI 114,HIV+ART>1Yr,0.001,0.04
BLOOD,NP,8,-,+,-,+,DEI 115,HIV+ART>1Yr,0.001,0.0833
BLOOD,NP,8,-,+,-,+,DEI 117,HIV+ART>1Yr,0.001,0.0196
BLOOD,NP,8,-,+,-,+,DEI 118,HIV+ART>1Yr,0.001,0.0102
BLOOD,NP,8,-,+,-,+,DEI 119,HIV+ART>1Yr,0.001,0.0455
BLOOD,NP,8,-,+,-,+,DEI 11A,HIV+ART>1Yr,0.001,0.0833
BLOOD,NP,8,-,+,-,+,DEI 11B,HIV-,0.008,0.0588
BLOOD,NP,8,-,+,-,+,DEI 11C,HIV+ART>1Yr,0.003,0.0682
BLOOD,NP,8,-,+,-,+,DEI 11D,HIV+ART>1Yr,0.001,0.0213
BLOOD,NP,8,-,+,-,+,DEI 11E,HIV+ART>1Yr,0.003,0.0789
BLOOD,NP,8,-,+,-,+,DEI 11F,HIV+ART>1Yr,0.001,0.0667
BLOOD,NP,8,-,+,-,+,DEI 11G,HIV+ART>1Yr,0.003,0.0588
BLOOD,NP,8,-,+,-,+,DEI 11H,HIV-,0.001,0.0143
BLOOD,NP,8,-,+,-,+,DEI 11I,HIV+ART>1Yr,0.001,0.025
BLOOD,NP,8,-,+,-,+,DEI 11J,HIV+ART>1Yr,0.006,0.1017
BLOOD,NP,8,-,+,-,+,DEI 11K,HIV-,0.002,0.1538
BLOOD,NP,8,-,+,-,+,DEI 11M,HIV+ART>1Yr,0.05,0.3846
BLOOD,NP,8,-,+,-,+,DEI 11N,HIV-,0.001,0.0015
BLOOD,NP,8,-,+,-,+,DEI 11P,HIV+ART>1Yr,0.002,0.0225
BLOOD,NP,8,-,+,-,+,DEI 11Q,HIV-,0.001,0.0556
BLOOD,NP,8,-,+,-,+,DEI 11R,HIV+ART>1Yr,0.001,0.0833
BLOOD,NP,8,-,+,-,+,DEI 11U,HIV-,0.001,0.0345
BLOOD,NP,8,-,+,-,+,DEI 11V,HIV-,0.001,0.02
BLOOD,NP,8,-,+,-,+,DEI 11Y,HIV-,0.001,0.0833
BLOOD,NP,8,-,+,-,+,DEI 11Z,HIV-,0.001,0.0833
BLOOD,NP,8,-,+,-,+,DEI 13V,HIV-,0.001,0.0714
BLOOD,NP,8,-,+,-,+,DEI 13W,HIV-,0.001,0.0192
BLOOD,NP,8,-,+,-,+,DEI 141,HIV-,0.001,0.037
BLOOD,NP,8,-,+,-,+,DEI 143,HIV-,0.02,0.0985
BLOOD,NP,8,-,-,+,+,DEI 107,HIV-,0.03,0.7317
BLOOD,NP,8,-,-,+,+,DEI 108,HIV-,0.01,0.25
BLOOD,NP,8,-,-,+,+,DEI 109,HIV-,0.001,0.0017
BLOOD,NP,8,-,-,+,+,DEI 10A,HIV-,0.001,0.0185
BLOOD,NP,8,-,-,+,+,DEI 10B,HIV-,0.001,0.0164
BLOOD,NP,8,-,-,+,+,DEI 10C,HIV-,0.001,0.0714
BLOOD,NP,8,-,-,+,+,DEI 10D,HIV-,0.001,0.0092
BLOOD,NP,8,-,-,+,+,DEI 10E,HIV-,0.014,0.1647
BLOOD,NP,8,-,-,+,+,DEI 10F,HIV-,0.05,0.0693
BLOOD,NP,8,-,-,+,+,DEI 10G,HIV-,0.001,0.0172
BLOOD,NP,8,-,-,+,+,DEI 10H,HIV-,0.001,0.0357
BLOOD,NP,8,-,-,+,+,DEI 10I,HIV-,0.004,0.0889
BLOOD,NP,8,-,-,+,+,DEI 10J,HIV+ART>1Yr,0.001,0.0769
BLOOD,NP,8,-,-,+,+,DEI 10K,HIV+ART>1Yr,0.001,0.0833
BLOOD,NP,8,-,-,+,+,DEI 10L,HIV-,0.001,0.0833
BLOOD,NP,8,-,-,+,+,DEI 10M,HIV-,0.006,0.0408
BLOOD,NP,8,-,-,+,+,DEI 10N,HIV+ART>1Yr,0.007,0.0519
BLOOD,NP,8,-,-,+,+,DEI 10P,HIV+ART>1Yr,0.073,0.1159
BLOOD,NP,8,-,-,+,+,DEI 10Q,HIV-,0.001,0.0027
BLOOD,NP,8,-,-,+,+,DEI 10R,HIV+ART>1Yr,0.02,0.6452
BLOOD,NP,8,-,-,+,+,DEI 10S,HIV-,0.001,0.013
BLOOD,NP,8,-,-,+,+,DEI 10T,HIV-,0.001,0.0833
BLOOD,NP,8,-,-,+,+,DEI 10U,HIV-,0.001,0.0213
BLOOD,NP,8,-,-,+,+,DEI 10V,HIV-,0.002,0.0377
BLOOD,NP,8,-,-,+,+,DEI 10W,HIV-,0.001,0.0833
BLOOD,NP,8,-,-,+,+,DEI 10X,HIV-,0.001,0.0833
BLOOD,NP,8,-,-,+,+,DEI 10Y,HIV-,0.001,0.0833
BLOOD,NP,8,-,-,+,+,DEI 10Z,HIV+ART>1Yr,0.001,0.0833
BLOOD,NP,8,-,-,+,+,DEI 110,HIV-,0.001,0.0435
BLOOD,NP,8,-,-,+,+,DEI 111,HIV+ART>1Yr,0.001,0.0189
BLOOD,NP,8,-,-,+,+,DEI 112,HIV+ART>1Yr,0.003,0.0938
BLOOD,NP,8,-,-,+,+,DEI 113,HIV-,0.001,0.0833
BLOOD,NP,8,-,-,+,+,DEI 114,HIV+ART>1Yr,0.005,0.2
BLOOD,NP,8,-,-,+,+,DEI 115,HIV+ART>1Yr,0.001,0.0833
BLOOD,NP,8,-,-,+,+,DEI 117,HIV+ART>1Yr,0.003,0.0588
BLOOD,NP,8,-,-,+,+,DEI 118,HIV+ART>1Yr,0.003,0.0306
BLOOD,NP,8,-,-,+,+,DEI 119,HIV+ART>1Yr,0.001,0.0455
BLOOD,NP,8,-,-,+,+,DEI 11A,HIV+ART>1Yr,0.001,0.0833
BLOOD,NP,8,-,-,+,+,DEI 11B,HIV-,0.001,0.0074
BLOOD,NP,8,-,-,+,+,DEI 11C,HIV+ART>1Yr,0.001,0.0227
BLOOD,NP,8,-,-,+,+,DEI 11D,HIV+ART>1Yr,0.006,0.1277
BLOOD,NP,8,-,-,+,+,DEI 11E,HIV+ART>1Yr,0.002,0.0526
BLOOD,NP,8,-,-,+,+,DEI 11F,HIV+ART>1Yr,0.003,0.2
BLOOD,NP,8,-,-,+,+,DEI 11G,HIV+ART>1Yr,0.001,0.0196
BLOOD,NP,8,-,-,+,+,DEI 11H,HIV-,0.001,0.0143
BLOOD,NP,8,-,-,+,+,DEI 11I,HIV+ART>1Yr,0.028,0.7
BLOOD,NP,8,-,-,+,+,DEI 11J,HIV+ART>1Yr,0.006,0.1017
BLOOD,NP,8,-,-,+,+,DEI 11K,HIV-,0.001,0.0769
BLOOD,NP,8,-,-,+,+,DEI 11M,HIV+ART>1Yr,0.001,0.0077
BLOOD,NP,8,-,-,+,+,DEI 11N,HIV-,0.08,0.1235
BLOOD,NP,8,-,-,+,+,DEI 11P,HIV+ART>1Yr,0.005,0.0562
BLOOD,NP,8,-,-,+,+,DEI 11Q,HIV-,0.001,0.0556
BLOOD,NP,8,-,-,+,+,DEI 11R,HIV+ART>1Yr,0.001,0.0833
BLOOD,NP,8,-,-,+,+,DEI 11U,HIV-,0.006,0.2069
BLOOD,NP,8,-,-,+,+,DEI 11V,HIV-,0.001,0.02
BLOOD,NP,8,-,-,+,+,DEI 11Y,HIV-,0.001,0.0833
BLOOD,NP,8,-,-,+,+,DEI 11Z,HIV-,0.001,0.0833
BLOOD,NP,8,-,-,+,+,DEI 13V,HIV-,0.001,0.0714
BLOOD,NP,8,-,-,+,+,DEI 13W,HIV-,0.001,0.0192
BLOOD,NP,8,-,-,+,+,DEI 141,HIV-,0.001,0.037
BLOOD,NP,8,-,-,+,+,DEI 143,HIV-,0.001,0.0049
BLOOD,NP,8,-,-,+,-,DEI 107,HIV-,0.001,0.0244
BLOOD,NP,8,-,-,+,-,DEI 108,HIV-,0.02,0.5
BLOOD,NP,8,-,-,+,-,DEI 109,HIV-,0.03,0.0524
BLOOD,NP,8,-,-,+,-,DEI 10A,HIV-,0.001,0.0185
BLOOD,NP,8,-,-,+,-,DEI 10B,HIV-,0.02,0.3279
BLOOD,NP,8,-,-,+,-,DEI 10C,HIV-,0.001,0.0714
BLOOD,NP,8,-,-,+,-,DEI 10D,HIV-,0.01,0.0917
BLOOD,NP,8,-,-,+,-,DEI 10E,HIV-,0.001,0.0118
BLOOD,NP,8,-,-,+,-,DEI 10F,HIV-,0.26,0.3606
BLOOD,NP,8,-,-,+,-,DEI 10G,HIV-,0.001,0.0172
BLOOD,NP,8,-,-,+,-,DEI 10H,HIV-,0.001,0.0357
BLOOD,NP,8,-,-,+,-,DEI 10I,HIV-,0.001,0.0222
BLOOD,NP,8,-,-,+,-,DEI 10J,HIV+ART>1Yr,0.001,0.0769
BLOOD,NP,8,-,-,+,-,DEI 10K,HIV+ART>1Yr,0.001,0.0833
BLOOD,NP,8,-,-,+,-,DEI 10L,HIV-,0.001,0.0833
BLOOD,NP,8,-,-,+,-,DEI 10M,HIV-,0.05,0.3401
BLOOD,NP,8,-,-,+,-,DEI 10N,HIV+ART>1Yr,0.06,0.4444
BLOOD,NP,8,-,-,+,-,DEI 10P,HIV+ART>1Yr,0.05,0.0794
BLOOD,NP,8,-,-,+,-,DEI 10Q,HIV-,0.03,0.0809
BLOOD,NP,8,-,-,+,-,DEI 10R,HIV+ART>1Yr,0.001,0.0323
BLOOD,NP,8,-,-,+,-,DEI 10S,HIV-,0.001,0.013
BLOOD,NP,8,-,-,+,-,DEI 10T,HIV-,0.001,0.0833
BLOOD,NP,8,-,-,+,-,DEI 10U,HIV-,0.01,0.2128
BLOOD,NP,8,-,-,+,-,DEI 10V,HIV-,0.02,0.3774
BLOOD,NP,8,-,-,+,-,DEI 10W,HIV-,0.001,0.0833
BLOOD,NP,8,-,-,+,-,DEI 10X,HIV-,0.001,0.0833
BLOOD,NP,8,-,-,+,-,DEI 10Y,HIV-,0.001,0.0833
BLOOD,NP,8,-,-,+,-,DEI 10Z,HIV+ART>1Yr,0.001,0.0833
BLOOD,NP,8,-,-,+,-,DEI 110,HIV-,0.01,0.4348
BLOOD,NP,8,-,-,+,-,DEI 111,HIV+ART>1Yr,0.01,0.1887
BLOOD,NP,8,-,-,+,-,DEI 112,HIV+ART>1Yr,0.001,0.0312
BLOOD,NP,8,-,-,+,-,DEI 113,HIV-,0.001,0.0833
BLOOD,NP,8,-,-,+,-,DEI 114,HIV+ART>1Yr,0.01,0.4
BLOOD,NP,8,-,-,+,-,DEI 115,HIV+ART>1Yr,0.001,0.0833
BLOOD,NP,8,-,-,+,-,DEI 117,HIV+ART>1Yr,0.001,0.0196
BLOOD,NP,8,-,-,+,-,DEI 118,HIV+ART>1Yr,0.012,0.1224
BLOOD,NP,8,-,-,+,-,DEI 119,HIV+ART>1Yr,0.001,0.0455
BLOOD,NP,8,-,-,+,-,DEI 11A,HIV+ART>1Yr,0.001,0.0833
BLOOD,NP,8,-,-,+,-,DEI 11B,HIV-,0.02,0.1471
BLOOD,NP,8,-,-,+,-,DEI 11C,HIV+ART>1Yr,0.02,0.4545
BLOOD,NP,8,-,-,+,-,DEI 11D,HIV+ART>1Yr,0.001,0.0213
BLOOD,NP,8,-,-,+,-,DEI 11E,HIV+ART>1Yr,0.001,0.0263
BLOOD,NP,8,-,-,+,-,DEI 11F,HIV+ART>1Yr,0.001,0.0667
BLOOD,NP,8,-,-,+,-,DEI 11G,HIV+ART>1Yr,0.001,0.0196
BLOOD,NP,8,-,-,+,-,DEI 11H,HIV-,0.05,0.7143
BLOOD,NP,8,-,-,+,-,DEI 11I,HIV+ART>1Yr,0.001,0.025
BLOOD,NP,8,-,-,+,-,DEI 11J,HIV+ART>1Yr,0.001,0.0169
BLOOD,NP,8,-,-,+,-,DEI 11K,HIV-,0.001,0.0769
BLOOD,NP,8,-,-,+,-,DEI 11M,HIV+ART>1Yr,0.001,0.0077
BLOOD,NP,8,-,-,+,-,DEI 11N,HIV-,0.001,0.0015
BLOOD,NP,8,-,-,+,-,DEI 11P,HIV+ART>1Yr,0.03,0.3371
BLOOD,NP,8,-,-,+,-,DEI 11Q,HIV-,0.001,0.0556
BLOOD,NP,8,-,-,+,-,DEI 11R,HIV+ART>1Yr,0.001,0.0833
BLOOD,NP,8,-,-,+,-,DEI 11U,HIV-,0.001,0.0345
BLOOD,NP,8,-,-,+,-,DEI 11V,HIV-,0.01,0.2
BLOOD,NP,8,-,-,+,-,DEI 11Y,HIV-,0.001,0.0833
BLOOD,NP,8,-,-,+,-,DEI 11Z,HIV-,0.001,0.0833
BLOOD,NP,8,-,-,+,-,DEI 13V,HIV-,0.001,0.0714
BLOOD,NP,8,-,-,+,-,DEI 13W,HIV-,0.002,0.0385
BLOOD,NP,8,-,-,+,-,DEI 141,HIV-,0.001,0.037
BLOOD,NP,8,-,-,+,-,DEI 143,HIV-,0.001,0.0049
BLOOD,NP,8,-,-,-,+,DEI 107,HIV-,0.001,0.0244
BLOOD,NP,8,-,-,-,+,DEI 108,HIV-,0.001,0.025
BLOOD,NP,8,-,-,-,+,DEI 109,HIV-,0.03,0.0524
BLOOD,NP,8,-,-,-,+,DEI 10A,HIV-,0.001,0.0185
BLOOD,NP,8,-,-,-,+,DEI 10B,HIV-,0.001,0.0164
BLOOD,NP,8,-,-,-,+,DEI 10C,HIV-,0.001,0.0714
BLOOD,NP,8,-,-,-,+,DEI 10D,HIV-,0.04,0.367
BLOOD,NP,8,-,-,-,+,DEI 10E,HIV-,0.001,0.0118
BLOOD,NP,8,-,-,-,+,DEI 10F,HIV-,0.17,0.2358
BLOOD,NP,8,-,-,-,+,DEI 10G,HIV-,0.04,0.6897
BLOOD,NP,8,-,-,-,+,DEI 10H,HIV-,0.001,0.0357
BLOOD,NP,8,-,-,-,+,DEI 10I,HIV-,0.001,0.0222
BLOOD,NP,8,-,-,-,+,DEI 10J,HIV+ART>1Yr,0.001,0.0769
BLOOD,NP,8,-,-,-,+,DEI 10K,HIV+ART>1Yr,0.001,0.0833
BLOOD,NP,8,-,-,-,+,DEI 10L,HIV-,0.001,0.0833
BLOOD,NP,8,-,-,-,+,DEI 10M,HIV-,0.08,0.5442
BLOOD,NP,8,-,-,-,+,DEI 10N,HIV+ART>1Yr,0.05,0.3704
BLOOD,NP,8,-,-,-,+,DEI 10P,HIV+ART>1Yr,0.39,0.619
BLOOD,NP,8,-,-,-,+,DEI 10Q,HIV-,0.21,0.566
BLOOD,NP,8,-,-,-,+,DEI 10R,HIV+ART>1Yr,0.001,0.0323
BLOOD,NP,8,-,-,-,+,DEI 10S,HIV-,0.05,0.6494
BLOOD,NP,8,-,-,-,+,DEI 10T,HIV-,0.001,0.0833
BLOOD,NP,8,-,-,-,+,DEI 10U,HIV-,0.001,0.0213
BLOOD,NP,8,-,-,-,+,DEI 10V,HIV-,0.01,0.1887
BLOOD,NP,8,-,-,-,+,DEI 10W,HIV-,0.001,0.0833
BLOOD,NP,8,-,-,-,+,DEI 10X,HIV-,0.001,0.0833
BLOOD,NP,8,-,-,-,+,DEI 10Y,HIV-,0.001,0.0833
BLOOD,NP,8,-,-,-,+,DEI 10Z,HIV+ART>1Yr,0.001,0.0833
BLOOD,NP,8,-,-,-,+,DEI 110,HIV-,0.001,0.0435
BLOOD,NP,8,-,-,-,+,DEI 111,HIV+ART>1Yr,0.02,0.3774
BLOOD,NP,8,-,-,-,+,DEI 112,HIV+ART>1Yr,0.01,0.3125
BLOOD,NP,8,-,-,-,+,DEI 113,HIV-,0.001,0.0833
BLOOD,NP,8,-,-,-,+,DEI 114,HIV+ART>1Yr,0.001,0.04
BLOOD,NP,8,-,-,-,+,DEI 115,HIV+ART>1Yr,0.001,0.0833
BLOOD,NP,8,-,-,-,+,DEI 117,HIV+ART>1Yr,0.01,0.1961
BLOOD,NP,8,-,-,-,+,DEI 118,HIV+ART>1Yr,0.05,0.5102
BLOOD,NP,8,-,-,-,+,DEI 119,HIV+ART>1Yr,0.001,0.0455
BLOOD,NP,8,-,-,-,+,DEI 11A,HIV+ART>1Yr,0.001,0.0833
BLOOD,NP,8,-,-,-,+,DEI 11B,HIV-,0.03,0.2206
BLOOD,NP,8,-,-,-,+,DEI 11C,HIV+ART>1Yr,0.001,0.0227
BLOOD,NP,8,-,-,-,+,DEI 11D,HIV+ART>1Yr,0.001,0.0213
BLOOD,NP,8,-,-,-,+,DEI 11E,HIV+ART>1Yr,0.02,0.5263
BLOOD,NP,8,-,-,-,+,DEI 11F,HIV+ART>1Yr,0.001,0.0667
BLOOD,NP,8,-,-,-,+,DEI 11G,HIV+ART>1Yr,0.03,0.5882
BLOOD,NP,8,-,-,-,+,DEI 11H,HIV-,0.001,0.0143
BLOOD,NP,8,-,-,-,+,DEI 11I,HIV+ART>1Yr,0.001,0.025
BLOOD,NP,8,-,-,-,+,DEI 11J,HIV+ART>1Yr,0.03,0.5085
BLOOD,NP,8,-,-,-,+,DEI 11K,HIV-,0.001,0.0769
BLOOD,NP,8,-,-,-,+,DEI 11M,HIV+ART>1Yr,0.07,0.5385
BLOOD,NP,8,-,-,-,+,DEI 11N,HIV-,0.4,0.6173
BLOOD,NP,8,-,-,-,+,DEI 11P,HIV+ART>1Yr,0.04,0.4494
BLOOD,NP,8,-,-,-,+,DEI 11Q,HIV-,0.001,0.0556
BLOOD,NP,8,-,-,-,+,DEI 11R,HIV+ART>1Yr,0.001,0.0833
BLOOD,NP,8,-,-,-,+,DEI 11U,HIV-,0.001,0.0345
BLOOD,NP,8,-,-,-,+,DEI 11V,HIV-,0.03,0.6
BLOOD,NP,8,-,-,-,+,DEI 11Y,HIV-,0.001,0.0833
BLOOD,NP,8,-,-,-,+,DEI 11Z,HIV-,0.001,0.0833
BLOOD,NP,8,-,-,-,+,DEI 13V,HIV-,0.003,0.2143
BLOOD,NP,8,-,-,-,+,DEI 13W,HIV-,0.04,0.7692
BLOOD,NP,8,-,-,-,+,DEI 141,HIV-,0.001,0.037
BLOOD,NP,8,-,-,-,+,DEI 143,HIV-,0.001,0.0049